年度,縣市別,行業別,統計項目,單位,中小企業(百萬元),大企業(百萬元)
2013,總計,農林漁牧業,銷售額,百萬元,21881,18381
2013,臺北市,農林漁牧業,銷售額,百萬元,1434,4911
2013,新北市,農林漁牧業,銷售額,百萬元,1446, 
2013,桃園縣,農林漁牧業,銷售額,百萬元,1147, 
2013,臺中市,農林漁牧業,銷售額,百萬元,1338, 
2013,臺南市,農林漁牧業,銷售額,百萬元,1365, 
2013,高雄市,農林漁牧業,銷售額,百萬元,7460,1965
2013,基隆市,農林漁牧業,銷售額,百萬元,138,0
2013,宜蘭縣,農林漁牧業,銷售額,百萬元,714,0
2013,新竹市,農林漁牧業,銷售額,百萬元,62, 
2013,新竹縣,農林漁牧業,銷售額,百萬元,218, 
2013,苗栗縣,農林漁牧業,銷售額,百萬元,326, 
2013,彰化縣,農林漁牧業,銷售額,百萬元,1482, 
2013,南投縣,農林漁牧業,銷售額,百萬元,892, 
2013,雲林縣,農林漁牧業,銷售額,百萬元,822, 
2013,嘉義市,農林漁牧業,銷售額,百萬元,115,0
2013,嘉義縣,農林漁牧業,銷售額,百萬元,742, 
2013,屏東縣,農林漁牧業,銷售額,百萬元,1407,1611
2013,澎湖縣,農林漁牧業,銷售額,百萬元,96,0
2013,花蓮縣,農林漁牧業,銷售額,百萬元,244,0
2013,臺東縣,農林漁牧業,銷售額,百萬元,386,0
2013,金門縣,農林漁牧業,銷售額,百萬元,43,0
2013,連江縣,農林漁牧業,銷售額,百萬元, ,0
2013,總計,礦業及土石採取業,銷售額,百萬元,37180,10538
2013,臺北市,礦業及土石採取業,銷售額,百萬元,2001,4283
2013,新北市,礦業及土石採取業,銷售額,百萬元,3212,833
2013,桃園縣,礦業及土石採取業,銷售額,百萬元,1935, 
2013,臺中市,礦業及土石採取業,銷售額,百萬元,3047, 
2013,臺南市,礦業及土石採取業,銷售額,百萬元,822,0
2013,高雄市,礦業及土石採取業,銷售額,百萬元,1975,3258
2013,基隆市,礦業及土石採取業,銷售額,百萬元,5804,0
2013,宜蘭縣,礦業及土石採取業,銷售額,百萬元,2427, 
2013,新竹市,礦業及土石採取業,銷售額,百萬元,313,0
2013,新竹縣,礦業及土石採取業,銷售額,百萬元,2094,0
2013,苗栗縣,礦業及土石採取業,銷售額,百萬元,1386, 
2013,彰化縣,礦業及土石採取業,銷售額,百萬元,644,0
2013,南投縣,礦業及土石採取業,銷售額,百萬元,1954,0
2013,雲林縣,礦業及土石採取業,銷售額,百萬元,1121,0
2013,嘉義市,礦業及土石採取業,銷售額,百萬元, ,0
2013,嘉義縣,礦業及土石採取業,銷售額,百萬元,80,0
2013,屏東縣,礦業及土石採取業,銷售額,百萬元,1447,0
2013,澎湖縣,礦業及土石採取業,銷售額,百萬元,620,0
2013,花蓮縣,礦業及土石採取業,銷售額,百萬元,3293,711
2013,臺東縣,礦業及土石採取業,銷售額,百萬元,1167,0
2013,金門縣,礦業及土石採取業,銷售額,百萬元,1790,0
2013,連江縣,礦業及土石採取業,銷售額,百萬元,0,0
2013,總計,製造業,銷售額,百萬元,4074252,10294408
2013,臺北市,製造業,銷售額,百萬元,216400,1722064
2013,新北市,製造業,銷售額,百萬元,685564,785587
2013,桃園縣,製造業,銷售額,百萬元,501526,994068
2013,臺中市,製造業,銷售額,百萬元,688864,803322
2013,臺南市,製造業,銷售額,百萬元,441315,719001
2013,高雄市,製造業,銷售額,百萬元,431361,1326815
2013,基隆市,製造業,銷售額,百萬元,9847,13265
2013,宜蘭縣,製造業,銷售額,百萬元,62462,43573
2013,新竹市,製造業,銷售額,百萬元,59459,1273027
2013,新竹縣,製造業,銷售額,百萬元,77497,457179
2013,苗栗縣,製造業,銷售額,百萬元,131376,360401
2013,彰化縣,製造業,銷售額,百萬元,313879,514601
2013,南投縣,製造業,銷售額,百萬元,41744,66629
2013,雲林縣,製造業,銷售額,百萬元,242875,1075230
2013,嘉義市,製造業,銷售額,百萬元,21794,9119
2013,嘉義縣,製造業,銷售額,百萬元,85975,41092
2013,屏東縣,製造業,銷售額,百萬元,43385,61841
2013,澎湖縣,製造業,銷售額,百萬元,491,0
2013,花蓮縣,製造業,銷售額,百萬元,13912,8595
2013,臺東縣,製造業,銷售額,百萬元,3390, 
2013,金門縣,製造業,銷售額,百萬元,1102, 
2013,連江縣,製造業,銷售額,百萬元,35, 
2013,總計,電力及燃氣供應業,銷售額,百萬元,4281,939954
2013,臺北市,電力及燃氣供應業,銷售額,百萬元,892,81981
2013,新北市,電力及燃氣供應業,銷售額,百萬元,545,48825
2013,桃園縣,電力及燃氣供應業,銷售額,百萬元,351,106471
2013,臺中市,電力及燃氣供應業,銷售額,百萬元,517,101618
2013,臺南市,電力及燃氣供應業,銷售額,百萬元,148,104336
2013,高雄市,電力及燃氣供應業,銷售額,百萬元,469,187189
2013,基隆市,電力及燃氣供應業,銷售額,百萬元, , 
2013,宜蘭縣,電力及燃氣供應業,銷售額,百萬元, , 
2013,新竹市,電力及燃氣供應業,銷售額,百萬元, , 
2013,新竹縣,電力及燃氣供應業,銷售額,百萬元,38, 
2013,苗栗縣,電力及燃氣供應業,銷售額,百萬元,129, 
2013,彰化縣,電力及燃氣供應業,銷售額,百萬元,277,40214
2013,南投縣,電力及燃氣供應業,銷售額,百萬元, , 
2013,雲林縣,電力及燃氣供應業,銷售額,百萬元,384, 
2013,嘉義市,電力及燃氣供應業,銷售額,百萬元, , 
2013,嘉義縣,電力及燃氣供應業,銷售額,百萬元,77, 
2013,屏東縣,電力及燃氣供應業,銷售額,百萬元,111, 
2013,澎湖縣,電力及燃氣供應業,銷售額,百萬元,0, 
2013,花蓮縣,電力及燃氣供應業,銷售額,百萬元,150, 
2013,臺東縣,電力及燃氣供應業,銷售額,百萬元,37, 
2013,金門縣,電力及燃氣供應業,銷售額,百萬元, , 
2013,連江縣,電力及燃氣供應業,銷售額,百萬元,0, 
2013,總計,用水供應及污染整治業,銷售額,百萬元,54501,127586
2013,臺北市,用水供應及污染整治業,銷售額,百萬元,5530,25230
2013,新北市,用水供應及污染整治業,銷售額,百萬元,8390,7528
2013,桃園縣,用水供應及污染整治業,銷售額,百萬元,7730,22952
2013,臺中市,用水供應及污染整治業,銷售額,百萬元,7238,12121
2013,臺南市,用水供應及污染整治業,銷售額,百萬元,3498,9559
2013,高雄市,用水供應及污染整治業,銷售額,百萬元,8239,30561
2013,基隆市,用水供應及污染整治業,銷售額,百萬元,724, 
2013,宜蘭縣,用水供應及污染整治業,銷售額,百萬元,504, 
2013,新竹市,用水供應及污染整治業,銷售額,百萬元,1209,2116
2013,新竹縣,用水供應及污染整治業,銷售額,百萬元,765,2575
2013,苗栗縣,用水供應及污染整治業,銷售額,百萬元,1150, 
2013,彰化縣,用水供應及污染整治業,銷售額,百萬元,2619,4191
2013,南投縣,用水供應及污染整治業,銷售額,百萬元,916, 
2013,雲林縣,用水供應及污染整治業,銷售額,百萬元,2061,1400
2013,嘉義市,用水供應及污染整治業,銷售額,百萬元,366, 
2013,嘉義縣,用水供應及污染整治業,銷售額,百萬元,1226, 
2013,屏東縣,用水供應及污染整治業,銷售額,百萬元,1232,4333
2013,澎湖縣,用水供應及污染整治業,銷售額,百萬元,114,0
2013,花蓮縣,用水供應及污染整治業,銷售額,百萬元,575, 
2013,臺東縣,用水供應及污染整治業,銷售額,百萬元,247, 
2013,金門縣,用水供應及污染整治業,銷售額,百萬元,90, 
2013,連江縣,用水供應及污染整治業,銷售額,百萬元,77,0
2013,總計,營造業,銷售額,百萬元,1340692,700251
2013,臺北市,營造業,銷售額,百萬元,253871,359036
2013,新北市,營造業,銷售額,百萬元,237915,71004
2013,桃園縣,營造業,銷售額,百萬元,133002,26918
2013,臺中市,營造業,銷售額,百萬元,169575,89116
2013,臺南市,營造業,銷售額,百萬元,65912,22376
2013,高雄市,營造業,銷售額,百萬元,173606,82732
2013,基隆市,營造業,銷售額,百萬元,12951, 
2013,宜蘭縣,營造業,銷售額,百萬元,22648,6582
2013,新竹市,營造業,銷售額,百萬元,31375,13035
2013,新竹縣,營造業,銷售額,百萬元,31205,8419
2013,苗栗縣,營造業,銷售額,百萬元,22302,3039
2013,彰化縣,營造業,銷售額,百萬元,39744,2349
2013,南投縣,營造業,銷售額,百萬元,16729, 
2013,雲林縣,營造業,銷售額,百萬元,46468,2725
2013,嘉義市,營造業,銷售額,百萬元,11778,3186
2013,嘉義縣,營造業,銷售額,百萬元,16588,1168
2013,屏東縣,營造業,銷售額,百萬元,24708,3125
2013,澎湖縣,營造業,銷售額,百萬元,2696, 
2013,花蓮縣,營造業,銷售額,百萬元,13330,2733
2013,臺東縣,營造業,銷售額,百萬元,5883,1122
2013,金門縣,營造業,銷售額,百萬元,7424, 
2013,連江縣,營造業,銷售額,百萬元,983, 
2013,總計,批發及零售業,銷售額,百萬元,4151590,9393933
2013,臺北市,批發及零售業,銷售額,百萬元,920267,4257665
2013,新北市,批發及零售業,銷售額,百萬元,737324,1029226
2013,桃園縣,批發及零售業,銷售額,百萬元,359910,903802
2013,臺中市,批發及零售業,銷售額,百萬元,550980,759038
2013,臺南市,批發及零售業,銷售額,百萬元,293054,425075
2013,高雄市,批發及零售業,銷售額,百萬元,485321,950769
2013,基隆市,批發及零售業,銷售額,百萬元,34802,18865
2013,宜蘭縣,批發及零售業,銷售額,百萬元,45707,46801
2013,新竹市,批發及零售業,銷售額,百萬元,70607,178010
2013,新竹縣,批發及零售業,銷售額,百萬元,70566,162428
2013,苗栗縣,批發及零售業,銷售額,百萬元,51297,108585
2013,彰化縣,批發及零售業,銷售額,百萬元,179657,168054
2013,南投縣,批發及零售業,銷售額,百萬元,45792,36927
2013,雲林縣,批發及零售業,銷售額,百萬元,64480,77218
2013,嘉義市,批發及零售業,銷售額,百萬元,44638,77704
2013,嘉義縣,批發及零售業,銷售額,百萬元,41710,38428
2013,屏東縣,批發及零售業,銷售額,百萬元,74174,98823
2013,澎湖縣,批發及零售業,銷售額,百萬元,8267,5742
2013,花蓮縣,批發及零售業,銷售額,百萬元,37186,33802
2013,臺東縣,批發及零售業,銷售額,百萬元,20525,11604
2013,金門縣,批發及零售業,銷售額,百萬元,14312,5115
2013,連江縣,批發及零售業,銷售額,百萬元,1015, 
2013,總計,運輸及倉儲業,銷售額,百萬元,262169,814963
2013,臺北市,運輸及倉儲業,銷售額,百萬元,50817,450927
2013,新北市,運輸及倉儲業,銷售額,百萬元,31450,71298
2013,桃園縣,運輸及倉儲業,銷售額,百萬元,27901,95257
2013,臺中市,運輸及倉儲業,銷售額,百萬元,28643,25388
2013,臺南市,運輸及倉儲業,銷售額,百萬元,13915,10181
2013,高雄市,運輸及倉儲業,銷售額,百萬元,47927,98841
2013,基隆市,運輸及倉儲業,銷售額,百萬元,10711,27061
2013,宜蘭縣,運輸及倉儲業,銷售額,百萬元,6127,2950
2013,新竹市,運輸及倉儲業,銷售額,百萬元,2731,4390
2013,新竹縣,運輸及倉儲業,銷售額,百萬元,4037,4380
2013,苗栗縣,運輸及倉儲業,銷售額,百萬元,4418,1475
2013,彰化縣,運輸及倉儲業,銷售額,百萬元,9035,3359
2013,南投縣,運輸及倉儲業,銷售額,百萬元,3825, 
2013,雲林縣,運輸及倉儲業,銷售額,百萬元,4452,6162
2013,嘉義市,運輸及倉儲業,銷售額,百萬元,3024,1280
2013,嘉義縣,運輸及倉儲業,銷售額,百萬元,2110, 
2013,屏東縣,運輸及倉儲業,銷售額,百萬元,3425, 
2013,澎湖縣,運輸及倉儲業,銷售額,百萬元,880, 
2013,花蓮縣,運輸及倉儲業,銷售額,百萬元,3379,1941
2013,臺東縣,運輸及倉儲業,銷售額,百萬元,1450, 
2013,金門縣,運輸及倉儲業,銷售額,百萬元,1552,2342
2013,連江縣,運輸及倉儲業,銷售額,百萬元,361, 
2013,總計,住宿及餐飲業,銷售額,百萬元,342378,149697
2013,臺北市,住宿及餐飲業,銷售額,百萬元,86535,78495
2013,新北市,住宿及餐飲業,銷售額,百萬元,40990,5900
2013,桃園縣,住宿及餐飲業,銷售額,百萬元,27961,10824
2013,臺中市,住宿及餐飲業,銷售額,百萬元,42134,14057
2013,臺南市,住宿及餐飲業,銷售額,百萬元,24131,3163
2013,高雄市,住宿及餐飲業,銷售額,百萬元,39162,12104
2013,基隆市,住宿及餐飲業,銷售額,百萬元,4304, 
2013,宜蘭縣,住宿及餐飲業,銷售額,百萬元,6104,2877
2013,新竹市,住宿及餐飲業,銷售額,百萬元,8162,2995
2013,新竹縣,住宿及餐飲業,銷售額,百萬元,7027, 
2013,苗栗縣,住宿及餐飲業,銷售額,百萬元,5520, 
2013,彰化縣,住宿及餐飲業,銷售額,百萬元,9344,675
2013,南投縣,住宿及餐飲業,銷售額,百萬元,6598,3259
2013,雲林縣,住宿及餐飲業,銷售額,百萬元,4039, 
2013,嘉義市,住宿及餐飲業,銷售額,百萬元,5448, 
2013,嘉義縣,住宿及餐飲業,銷售額,百萬元,3167, 
2013,屏東縣,住宿及餐飲業,銷售額,百萬元,8495,3454
2013,澎湖縣,住宿及餐飲業,銷售額,百萬元,1644, 
2013,花蓮縣,住宿及餐飲業,銷售額,百萬元,6197,2961
2013,臺東縣,住宿及餐飲業,銷售額,百萬元,4230,1738
2013,金門縣,住宿及餐飲業,銷售額,百萬元,969,0
2013,連江縣,住宿及餐飲業,銷售額,百萬元,216,0
2013,總計,資訊及通訊傳播業,銷售額,百萬元,109473,907360
2013,臺北市,資訊及通訊傳播業,銷售額,百萬元,59143,657939
2013,新北市,資訊及通訊傳播業,銷售額,百萬元,16404,75622
2013,桃園縣,資訊及通訊傳播業,銷售額,百萬元,4354,9072
2013,臺中市,資訊及通訊傳播業,銷售額,百萬元,9178,32925
2013,臺南市,資訊及通訊傳播業,銷售額,百萬元,3614,15194
2013,高雄市,資訊及通訊傳播業,銷售額,百萬元,6285,33296
2013,基隆市,資訊及通訊傳播業,銷售額,百萬元,541, 
2013,宜蘭縣,資訊及通訊傳播業,銷售額,百萬元,577, 
2013,新竹市,資訊及通訊傳播業,銷售額,百萬元,2767,20668
2013,新竹縣,資訊及通訊傳播業,銷售額,百萬元,1418,15073
2013,苗栗縣,資訊及通訊傳播業,銷售額,百萬元,835, 
2013,彰化縣,資訊及通訊傳播業,銷售額,百萬元,882, 
2013,南投縣,資訊及通訊傳播業,銷售額,百萬元,560, 
2013,雲林縣,資訊及通訊傳播業,銷售額,百萬元,481, 
2013,嘉義市,資訊及通訊傳播業,銷售額,百萬元,688, 
2013,嘉義縣,資訊及通訊傳播業,銷售額,百萬元,186, 
2013,屏東縣,資訊及通訊傳播業,銷售額,百萬元,678, 
2013,澎湖縣,資訊及通訊傳播業,銷售額,百萬元,93, 
2013,花蓮縣,資訊及通訊傳播業,銷售額,百萬元,376, 
2013,臺東縣,資訊及通訊傳播業,銷售額,百萬元,225, 
2013,金門縣,資訊及通訊傳播業,銷售額,百萬元,176, 
2013,連江縣,資訊及通訊傳播業,銷售額,百萬元,13, 
2013,總計,金融及保險業,銷售額,百萬元,195397,1983760
2013,臺北市,金融及保險業,銷售額,百萬元,67855,1593983
2013,新北市,金融及保險業,銷售額,百萬元,26567,80834
2013,桃園縣,金融及保險業,銷售額,百萬元,10942,53277
2013,臺中市,金融及保險業,銷售額,百萬元,20627,71501
2013,臺南市,金融及保險業,銷售額,百萬元,11905,30752
2013,高雄市,金融及保險業,銷售額,百萬元,19907,61573
2013,基隆市,金融及保險業,銷售額,百萬元,2443,3853
2013,宜蘭縣,金融及保險業,銷售額,百萬元,1948,6334
2013,新竹市,金融及保險業,銷售額,百萬元,3623,23464
2013,新竹縣,金融及保險業,銷售額,百萬元,3104,6856
2013,苗栗縣,金融及保險業,銷售額,百萬元,2593,4553
2013,彰化縣,金融及保險業,銷售額,百萬元,7236,11795
2013,南投縣,金融及保險業,銷售額,百萬元,2526,4277
2013,雲林縣,金融及保險業,銷售額,百萬元,2575,7515
2013,嘉義市,金融及保險業,銷售額,百萬元,2576,5894
2013,嘉義縣,金融及保險業,銷售額,百萬元,1086,4842
2013,屏東縣,金融及保險業,銷售額,百萬元,3817,6847
2013,澎湖縣,金融及保險業,銷售額,百萬元,492, 
2013,花蓮縣,金融及保險業,銷售額,百萬元,2056,3714
2013,臺東縣,金融及保險業,銷售額,百萬元,1279,1222
2013,金門縣,金融及保險業,銷售額,百萬元,229, 
2013,連江縣,金融及保險業,銷售額,百萬元, ,0
2013,總計,不動產業,銷售額,百萬元,225317,935827
2013,臺北市,不動產業,銷售額,百萬元,59213,455254
2013,新北市,不動產業,銷售額,百萬元,33374,145923
2013,桃園縣,不動產業,銷售額,百萬元,22730,57673
2013,臺中市,不動產業,銷售額,百萬元,31957,127274
2013,臺南市,不動產業,銷售額,百萬元,14307,17250
2013,高雄市,不動產業,銷售額,百萬元,20557,67508
2013,基隆市,不動產業,銷售額,百萬元,1133, 
2013,宜蘭縣,不動產業,銷售額,百萬元,3536,2281
2013,新竹市,不動產業,銷售額,百萬元,6510,18571
2013,新竹縣,不動產業,銷售額,百萬元,5334,25149
2013,苗栗縣,不動產業,銷售額,百萬元,3731,2967
2013,彰化縣,不動產業,銷售額,百萬元,6819,5651
2013,南投縣,不動產業,銷售額,百萬元,1580, 
2013,雲林縣,不動產業,銷售額,百萬元,2683,2715
2013,嘉義市,不動產業,銷售額,百萬元,2926, 
2013,嘉義縣,不動產業,銷售額,百萬元,1764, 
2013,屏東縣,不動產業,銷售額,百萬元,2332, 
2013,澎湖縣,不動產業,銷售額,百萬元,450,0
2013,花蓮縣,不動產業,銷售額,百萬元,2354,1125
2013,臺東縣,不動產業,銷售額,百萬元,1031,1283
2013,金門縣,不動產業,銷售額,百萬元,996,0
2013,連江縣,不動產業,銷售額,百萬元,0,0
2013,總計,專業、科學及技術服務業,銷售額,百萬元,198268,455525
2013,臺北市,專業、科學及技術服務業,銷售額,百萬元,91803,263482
2013,新北市,專業、科學及技術服務業,銷售額,百萬元,29972,35322
2013,桃園縣,專業、科學及技術服務業,銷售額,百萬元,12977,25821
2013,臺中市,專業、科學及技術服務業,銷售額,百萬元,21729,12112
2013,臺南市,專業、科學及技術服務業,銷售額,百萬元,6978,3998
2013,高雄市,專業、科學及技術服務業,銷售額,百萬元,14881,8012
2013,基隆市,專業、科學及技術服務業,銷售額,百萬元,1040,0
2013,宜蘭縣,專業、科學及技術服務業,銷售額,百萬元,1303, 
2013,新竹市,專業、科學及技術服務業,銷售額,百萬元,3721,28678
2013,新竹縣,專業、科學及技術服務業,銷售額,百萬元,3898,72583
2013,苗栗縣,專業、科學及技術服務業,銷售額,百萬元,1192, 
2013,彰化縣,專業、科學及技術服務業,銷售額,百萬元,2160,1476
2013,南投縣,專業、科學及技術服務業,銷售額,百萬元,1120,0
2013,雲林縣,專業、科學及技術服務業,銷售額,百萬元,1230, 
2013,嘉義市,專業、科學及技術服務業,銷售額,百萬元,1116, 
2013,嘉義縣,專業、科學及技術服務業,銷售額,百萬元,723, 
2013,屏東縣,專業、科學及技術服務業,銷售額,百萬元,979, 
2013,澎湖縣,專業、科學及技術服務業,銷售額,百萬元, ,0
2013,花蓮縣,專業、科學及技術服務業,銷售額,百萬元,628, 
2013,臺東縣,專業、科學及技術服務業,銷售額,百萬元,440,0
2013,金門縣,專業、科學及技術服務業,銷售額,百萬元,227,0
2013,連江縣,專業、科學及技術服務業,銷售額,百萬元,49,0
2013,總計,支援服務業,銷售額,百萬元,131896,264220
2013,臺北市,支援服務業,銷售額,百萬元,33388,201848
2013,新北市,支援服務業,銷售額,百萬元,19066,14486
2013,桃園縣,支援服務業,銷售額,百萬元,14800,7425
2013,臺中市,支援服務業,銷售額,百萬元,17049,9649
2013,臺南市,支援服務業,銷售額,百萬元,6690,4103
2013,高雄市,支援服務業,銷售額,百萬元,15757,15106
2013,基隆市,支援服務業,銷售額,百萬元,1497, 
2013,宜蘭縣,支援服務業,銷售額,百萬元,1450, 
2013,新竹市,支援服務業,銷售額,百萬元,3621,3370
2013,新竹縣,支援服務業,銷售額,百萬元,2721,3946
2013,苗栗縣,支援服務業,銷售額,百萬元,2305, 
2013,彰化縣,支援服務業,銷售額,百萬元,2988, 
2013,南投縣,支援服務業,銷售額,百萬元,1312,0
2013,雲林縣,支援服務業,銷售額,百萬元,1628, 
2013,嘉義市,支援服務業,銷售額,百萬元,1445,0
2013,嘉義縣,支援服務業,銷售額,百萬元,1073, 
2013,屏東縣,支援服務業,銷售額,百萬元,1718, 
2013,澎湖縣,支援服務業,銷售額,百萬元,644,0
2013,花蓮縣,支援服務業,銷售額,百萬元,1365, 
2013,臺東縣,支援服務業,銷售額,百萬元,755,0
2013,金門縣,支援服務業,銷售額,百萬元,591,0
2013,連江縣,支援服務業,銷售額,百萬元,33,0
2013,總計,教育服務業,銷售額,百萬元,7822,2701
2013,臺北市,教育服務業,銷售額,百萬元,2811, 
2013,新北市,教育服務業,銷售額,百萬元,844, 
2013,桃園縣,教育服務業,銷售額,百萬元,421, 
2013,臺中市,教育服務業,銷售額,百萬元,982,0
2013,臺南市,教育服務業,銷售額,百萬元,634,0
2013,高雄市,教育服務業,銷售額,百萬元,1050,0
2013,基隆市,教育服務業,銷售額,百萬元,20,0
2013,宜蘭縣,教育服務業,銷售額,百萬元,66,0
2013,新竹市,教育服務業,銷售額,百萬元,303,0
2013,新竹縣,教育服務業,銷售額,百萬元,84,0
2013,苗栗縣,教育服務業,銷售額,百萬元,26,0
2013,彰化縣,教育服務業,銷售額,百萬元,156,0
2013,南投縣,教育服務業,銷售額,百萬元,71,0
2013,雲林縣,教育服務業,銷售額,百萬元,58,0
2013,嘉義市,教育服務業,銷售額,百萬元,97,0
2013,嘉義縣,教育服務業,銷售額,百萬元,18,0
2013,屏東縣,教育服務業,銷售額,百萬元,106,0
2013,澎湖縣,教育服務業,銷售額,百萬元,5,0
2013,花蓮縣,教育服務業,銷售額,百萬元,24,0
2013,臺東縣,教育服務業,銷售額,百萬元,37,0
2013,金門縣,教育服務業,銷售額,百萬元, ,0
2013,連江縣,教育服務業,銷售額,百萬元, ,0
2013,總計,醫療保健及社會工作服務業,銷售額,百萬元,2179,3856
2013,臺北市,醫療保健及社會工作服務業,銷售額,百萬元,896,2768
2013,新北市,醫療保健及社會工作服務業,銷售額,百萬元,239, 
2013,桃園縣,醫療保健及社會工作服務業,銷售額,百萬元,66,0
2013,臺中市,醫療保健及社會工作服務業,銷售額,百萬元,160, 
2013,臺南市,醫療保健及社會工作服務業,銷售額,百萬元,116,0
2013,高雄市,醫療保健及社會工作服務業,銷售額,百萬元,299, 
2013,基隆市,醫療保健及社會工作服務業,銷售額,百萬元,14,0
2013,宜蘭縣,醫療保健及社會工作服務業,銷售額,百萬元,12,0
2013,新竹市,醫療保健及社會工作服務業,銷售額,百萬元,61,0
2013,新竹縣,醫療保健及社會工作服務業,銷售額,百萬元,91,0
2013,苗栗縣,醫療保健及社會工作服務業,銷售額,百萬元,12,0
2013,彰化縣,醫療保健及社會工作服務業,銷售額,百萬元,45,0
2013,南投縣,醫療保健及社會工作服務業,銷售額,百萬元,24,0
2013,雲林縣,醫療保健及社會工作服務業,銷售額,百萬元,18,0
2013,嘉義市,醫療保健及社會工作服務業,銷售額,百萬元,23,0
2013,嘉義縣,醫療保健及社會工作服務業,銷售額,百萬元,0,0
2013,屏東縣,醫療保健及社會工作服務業,銷售額,百萬元,23,0
2013,澎湖縣,醫療保健及社會工作服務業,銷售額,百萬元,0,0
2013,花蓮縣,醫療保健及社會工作服務業,銷售額,百萬元,65,0
2013,臺東縣,醫療保健及社會工作服務業,銷售額,百萬元,13,0
2013,金門縣,醫療保健及社會工作服務業,銷售額,百萬元, ,0
2013,連江縣,醫療保健及社會工作服務業,銷售額,百萬元,0,0
2013,總計,藝術、娛樂及休閒服務業,銷售額,百萬元,48626,31441
2013,臺北市,藝術、娛樂及休閒服務業,銷售額,百萬元,12679,13967
2013,新北市,藝術、娛樂及休閒服務業,銷售額,百萬元,6266,3048
2013,桃園縣,藝術、娛樂及休閒服務業,銷售額,百萬元,3324,2529
2013,臺中市,藝術、娛樂及休閒服務業,銷售額,百萬元,5462,1438
2013,臺南市,藝術、娛樂及休閒服務業,銷售額,百萬元,3423, 
2013,高雄市,藝術、娛樂及休閒服務業,銷售額,百萬元,5792,2139
2013,基隆市,藝術、娛樂及休閒服務業,銷售額,百萬元,700, 
2013,宜蘭縣,藝術、娛樂及休閒服務業,銷售額,百萬元,891, 
2013,新竹市,藝術、娛樂及休閒服務業,銷售額,百萬元,1120, 
2013,新竹縣,藝術、娛樂及休閒服務業,銷售額,百萬元,998, 
2013,苗栗縣,藝術、娛樂及休閒服務業,銷售額,百萬元,681, 
2013,彰化縣,藝術、娛樂及休閒服務業,銷售額,百萬元,1591,0
2013,南投縣,藝術、娛樂及休閒服務業,銷售額,百萬元,880, 
2013,雲林縣,藝術、娛樂及休閒服務業,銷售額,百萬元,777, 
2013,嘉義市,藝術、娛樂及休閒服務業,銷售額,百萬元,830,0
2013,嘉義縣,藝術、娛樂及休閒服務業,銷售額,百萬元,400, 
2013,屏東縣,藝術、娛樂及休閒服務業,銷售額,百萬元,1483, 
2013,澎湖縣,藝術、娛樂及休閒服務業,銷售額,百萬元,182,0
2013,花蓮縣,藝術、娛樂及休閒服務業,銷售額,百萬元,560, 
2013,臺東縣,藝術、娛樂及休閒服務業,銷售額,百萬元,421,0
2013,金門縣,藝術、娛樂及休閒服務業,銷售額,百萬元,121,0
2013,連江縣,藝術、娛樂及休閒服務業,銷售額,百萬元,45,0
2013,總計,其他服務業,銷售額,百萬元,113942,104652
2013,臺北市,其他服務業,銷售額,百萬元,22737,54098
2013,新北市,其他服務業,銷售額,百萬元,13497,8244
2013,桃園縣,其他服務業,銷售額,百萬元,9121,8728
2013,臺中市,其他服務業,銷售額,百萬元,14302,8310
2013,臺南市,其他服務業,銷售額,百萬元,9009, 
2013,高雄市,其他服務業,銷售額,百萬元,13770,7886
2013,基隆市,其他服務業,銷售額,百萬元,1684, 
2013,宜蘭縣,其他服務業,銷售額,百萬元,2068, 
2013,新竹市,其他服務業,銷售額,百萬元,2654, 
2013,新竹縣,其他服務業,銷售額,百萬元,2363, 
2013,苗栗縣,其他服務業,銷售額,百萬元,2117, 
2013,彰化縣,其他服務業,銷售額,百萬元,5917, 
2013,南投縣,其他服務業,銷售額,百萬元,2001, 
2013,雲林縣,其他服務業,銷售額,百萬元,2522, 
2013,嘉義市,其他服務業,銷售額,百萬元,1922, 
2013,嘉義縣,其他服務業,銷售額,百萬元,1581, 
2013,屏東縣,其他服務業,銷售額,百萬元,3586,2484
2013,澎湖縣,其他服務業,銷售額,百萬元,368,0
2013,花蓮縣,其他服務業,銷售額,百萬元,1548, 
2013,臺東縣,其他服務業,銷售額,百萬元,918, 
2013,金門縣,其他服務業,銷售額,百萬元,210,0
2013,連江縣,其他服務業,銷售額,百萬元,45,0
2014,總計,農林漁牧業,銷售額,百萬元,23508,23627
2014,臺北市,農林漁牧業,銷售額,百萬元,1851,9729
2014,新北市,農林漁牧業,銷售額,百萬元,1291, 
2014,桃園縣,農林漁牧業,銷售額,百萬元,1442, 
2014,臺中市,農林漁牧業,銷售額,百萬元,1215, 
2014,臺南市,農林漁牧業,銷售額,百萬元,1509, 
2014,高雄市,農林漁牧業,銷售額,百萬元,7981,2012
2014,基隆市,農林漁牧業,銷售額,百萬元,195,-
2014,宜蘭縣,農林漁牧業,銷售額,百萬元,611,-
2014,新竹市,農林漁牧業,銷售額,百萬元,48, 
2014,新竹縣,農林漁牧業,銷售額,百萬元,230, 
2014,苗栗縣,農林漁牧業,銷售額,百萬元,275, 
2014,彰化縣,農林漁牧業,銷售額,百萬元,1733, 
2014,南投縣,農林漁牧業,銷售額,百萬元,987, 
2014,雲林縣,農林漁牧業,銷售額,百萬元,970, 
2014,嘉義市,農林漁牧業,銷售額,百萬元,91,0
2014,嘉義縣,農林漁牧業,銷售額,百萬元,869, 
2014,屏東縣,農林漁牧業,銷售額,百萬元,1420,2273
2014,澎湖縣,農林漁牧業,銷售額,百萬元,60,0
2014,花蓮縣,農林漁牧業,銷售額,百萬元,300,0
2014,臺東縣,農林漁牧業,銷售額,百萬元,366,0
2014,金門縣,農林漁牧業,銷售額,百萬元,59,0
2014,連江縣,農林漁牧業,銷售額,百萬元, ,0
2014,總計,礦業及土石採取業,銷售額,百萬元,37712,10321
2014,臺北市,礦業及土石採取業,銷售額,百萬元,1766,4612
2014,新北市,礦業及土石採取業,銷售額,百萬元, , 
2014,桃園縣,礦業及土石採取業,銷售額,百萬元, , 
2014,臺中市,礦業及土石採取業,銷售額,百萬元, , 
2014,臺南市,礦業及土石採取業,銷售額,百萬元, ,0
2014,高雄市,礦業及土石採取業,銷售額,百萬元,1930, 
2014,基隆市,礦業及土石採取業,銷售額,百萬元,5848,0
2014,宜蘭縣,礦業及土石採取業,銷售額,百萬元,2298,0
2014,新竹市,礦業及土石採取業,銷售額,百萬元, ,0
2014,新竹縣,礦業及土石採取業,銷售額,百萬元, , 
2014,苗栗縣,礦業及土石採取業,銷售額,百萬元, , 
2014,彰化縣,礦業及土石採取業,銷售額,百萬元, ,0
2014,南投縣,礦業及土石採取業,銷售額,百萬元, ,0
2014,雲林縣,礦業及土石採取業,銷售額,百萬元, ,0
2014,嘉義市,礦業及土石採取業,銷售額,百萬元,68,0
2014,嘉義縣,礦業及土石採取業,銷售額,百萬元, ,0
2014,屏東縣,礦業及土石採取業,銷售額,百萬元,1941,0
2014,澎湖縣,礦業及土石採取業,銷售額,百萬元,698,0
2014,花蓮縣,礦業及土石採取業,銷售額,百萬元,3501, 
2014,臺東縣,礦業及土石採取業,銷售額,百萬元,1109,0
2014,金門縣,礦業及土石採取業,銷售額,百萬元,1693,0
2014,連江縣,礦業及土石採取業,銷售額,百萬元,0,0
2014,總計,製造業,銷售額,百萬元,4323807,10730746
2014,臺北市,製造業,銷售額,百萬元,237927,1813578
2014,新北市,製造業,銷售額,百萬元,719068,829198
2014,桃園縣,製造業,銷售額,百萬元,536651,1056818
2014,臺中市,製造業,銷售額,百萬元,751344,830222
2014,臺南市,製造業,銷售額,百萬元,455292,737755
2014,高雄市,製造業,銷售額,百萬元,442708,1385305
2014,基隆市,製造業,銷售額,百萬元,10526,13980
2014,宜蘭縣,製造業,銷售額,百萬元,67809,41329
2014,新竹市,製造業,銷售額,百萬元,65680,1367014
2014,新竹縣,製造業,銷售額,百萬元,86062,491209
2014,苗栗縣,製造業,銷售額,百萬元,141970,368051
2014,彰化縣,製造業,銷售額,百萬元,343824,506408
2014,南投縣,製造業,銷售額,百萬元,45328,87006
2014,雲林縣,製造業,銷售額,百萬元,243698,1069199
2014,嘉義市,製造業,銷售額,百萬元,23367, 
2014,嘉義縣,製造業,銷售額,百萬元,89894,44336
2014,屏東縣,製造業,銷售額,百萬元,43150,62865
2014,澎湖縣,製造業,銷售額,百萬元,513,0
2014,花蓮縣,製造業,銷售額,百萬元,14370,6597
2014,臺東縣,製造業,銷售額,百萬元,3577,0
2014,金門縣,製造業,銷售額,百萬元,1018, 
2014,連江縣,製造業,銷售額,百萬元,32, 
2014,總計,電力及燃氣供應業,銷售額,百萬元,4557,1011519
2014,臺北市,電力及燃氣供應業,銷售額,百萬元,852,86749
2014,新北市,電力及燃氣供應業,銷售額,百萬元,566,53455
2014,桃園縣,電力及燃氣供應業,銷售額,百萬元,260,119694
2014,臺中市,電力及燃氣供應業,銷售額,百萬元,373,110999
2014,臺南市,電力及燃氣供應業,銷售額,百萬元,203,119431
2014,高雄市,電力及燃氣供應業,銷售額,百萬元,558,196623
2014,基隆市,電力及燃氣供應業,銷售額,百萬元, , 
2014,宜蘭縣,電力及燃氣供應業,銷售額,百萬元, , 
2014,新竹市,電力及燃氣供應業,銷售額,百萬元,104, 
2014,新竹縣,電力及燃氣供應業,銷售額,百萬元,48, 
2014,苗栗縣,電力及燃氣供應業,銷售額,百萬元,204, 
2014,彰化縣,電力及燃氣供應業,銷售額,百萬元,442,42190
2014,南投縣,電力及燃氣供應業,銷售額,百萬元, , 
2014,雲林縣,電力及燃氣供應業,銷售額,百萬元,337, 
2014,嘉義市,電力及燃氣供應業,銷售額,百萬元,25, 
2014,嘉義縣,電力及燃氣供應業,銷售額,百萬元,104, 
2014,屏東縣,電力及燃氣供應業,銷售額,百萬元,232, 
2014,澎湖縣,電力及燃氣供應業,銷售額,百萬元,0, 
2014,花蓮縣,電力及燃氣供應業,銷售額,百萬元,153, 
2014,臺東縣,電力及燃氣供應業,銷售額,百萬元,38, 
2014,金門縣,電力及燃氣供應業,銷售額,百萬元, , 
2014,連江縣,電力及燃氣供應業,銷售額,百萬元,0, 
2014,總計,用水供應及污染整治業,銷售額,百萬元,55979,131676
2014,臺北市,用水供應及污染整治業,銷售額,百萬元,5730,27834
2014,新北市,用水供應及污染整治業,銷售額,百萬元,7965,8670
2014,桃園縣,用水供應及污染整治業,銷售額,百萬元,7502,23210
2014,臺中市,用水供應及污染整治業,銷售額,百萬元,7749,12772
2014,臺南市,用水供應及污染整治業,銷售額,百萬元,3904,10616
2014,高雄市,用水供應及污染整治業,銷售額,百萬元,9156,28754
2014,基隆市,用水供應及污染整治業,銷售額,百萬元,716, 
2014,宜蘭縣,用水供應及污染整治業,銷售額,百萬元,523, 
2014,新竹市,用水供應及污染整治業,銷售額,百萬元,1296, 
2014,新竹縣,用水供應及污染整治業,銷售額,百萬元,1024,2377
2014,苗栗縣,用水供應及污染整治業,銷售額,百萬元,1190, 
2014,彰化縣,用水供應及污染整治業,銷售額,百萬元,2412,4269
2014,南投縣,用水供應及污染整治業,銷售額,百萬元,887, 
2014,雲林縣,用水供應及污染整治業,銷售額,百萬元,1643,1785
2014,嘉義市,用水供應及污染整治業,銷售額,百萬元,548, 
2014,嘉義縣,用水供應及污染整治業,銷售額,百萬元,1335,1539
2014,屏東縣,用水供應及污染整治業,銷售額,百萬元,1211,4242
2014,澎湖縣,用水供應及污染整治業,銷售額,百萬元,121,0
2014,花蓮縣,用水供應及污染整治業,銷售額,百萬元,545, 
2014,臺東縣,用水供應及污染整治業,銷售額,百萬元,267, 
2014,金門縣,用水供應及污染整治業,銷售額,百萬元,200,0
2014,連江縣,用水供應及污染整治業,銷售額,百萬元,55,0
2014,總計,營造業,銷售額,百萬元,1411725,750770
2014,臺北市,營造業,銷售額,百萬元,239792,394985
2014,新北市,營造業,銷售額,百萬元,256919,78039
2014,桃園縣,營造業,銷售額,百萬元,144195,29129
2014,臺中市,營造業,銷售額,百萬元,184372,83305
2014,臺南市,營造業,銷售額,百萬元,71573,24621
2014,高雄市,營造業,銷售額,百萬元,187585,87668
2014,基隆市,營造業,銷售額,百萬元,14831, 
2014,宜蘭縣,營造業,銷售額,百萬元,24043,5840
2014,新竹市,營造業,銷售額,百萬元,36499,14635
2014,新竹縣,營造業,銷售額,百萬元,32926,10894
2014,苗栗縣,營造業,銷售額,百萬元,24824,4293
2014,彰化縣,營造業,銷售額,百萬元,43103,2067
2014,南投縣,營造業,銷售額,百萬元,17064, 
2014,雲林縣,營造業,銷售額,百萬元,48201,3517
2014,嘉義市,營造業,銷售額,百萬元,12865,3049
2014,嘉義縣,營造業,銷售額,百萬元,16631, 
2014,屏東縣,營造業,銷售額,百萬元,24402,2310
2014,澎湖縣,營造業,銷售額,百萬元,2922, 
2014,花蓮縣,營造業,銷售額,百萬元,13731,2782
2014,臺東縣,營造業,銷售額,百萬元,6677,967
2014,金門縣,營造業,銷售額,百萬元,7501, 
2014,連江縣,營造業,銷售額,百萬元,1070, 
2014,總計,批發及零售業,銷售額,百萬元,4266050,9888553
2014,臺北市,批發及零售業,銷售額,百萬元,928287,4478209
2014,新北市,批發及零售業,銷售額,百萬元,755769,1146597
2014,桃園縣,批發及零售業,銷售額,百萬元,373114,864752
2014,臺中市,批發及零售業,銷售額,百萬元,577116,798080
2014,臺南市,批發及零售業,銷售額,百萬元,303523,443449
2014,高雄市,批發及零售業,銷售額,百萬元,501927,1004598
2014,基隆市,批發及零售業,銷售額,百萬元,35197,18673
2014,宜蘭縣,批發及零售業,銷售額,百萬元,47339,46531
2014,新竹市,批發及零售業,銷售額,百萬元,72292,197626
2014,新竹縣,批發及零售業,銷售額,百萬元,75128,172199
2014,苗栗縣,批發及零售業,銷售額,百萬元,53009,128882
2014,彰化縣,批發及零售業,銷售額,百萬元,182050,183152
2014,南投縣,批發及零售業,銷售額,百萬元,46964,39069
2014,雲林縣,批發及零售業,銷售額,百萬元,63864,76623
2014,嘉義市,批發及零售業,銷售額,百萬元,46549,77594
2014,嘉義縣,批發及零售業,銷售額,百萬元,42373,39101
2014,屏東縣,批發及零售業,銷售額,百萬元,76797,104513
2014,澎湖縣,批發及零售業,銷售額,百萬元,8282,5707
2014,花蓮縣,批發及零售業,銷售額,百萬元,38708,36442
2014,臺東縣,批發及零售業,銷售額,百萬元,21291,20986
2014,金門縣,批發及零售業,銷售額,百萬元,15448,5525
2014,連江縣,批發及零售業,銷售額,百萬元,1024, 
2014,總計,運輸及倉儲業,銷售額,百萬元,269873,828311
2014,臺北市,運輸及倉儲業,銷售額,百萬元,50313,464959
2014,新北市,運輸及倉儲業,銷售額,百萬元,32074,77145
2014,桃園縣,運輸及倉儲業,銷售額,百萬元,28725,103976
2014,臺中市,運輸及倉儲業,銷售額,百萬元,30693,28114
2014,臺南市,運輸及倉儲業,銷售額,百萬元,13915,10332
2014,高雄市,運輸及倉儲業,銷售額,百萬元,50492,81987
2014,基隆市,運輸及倉儲業,銷售額,百萬元,10935,24682
2014,宜蘭縣,運輸及倉儲業,銷售額,百萬元,5911,3070
2014,新竹市,運輸及倉儲業,銷售額,百萬元,2965,3950
2014,新竹縣,運輸及倉儲業,銷售額,百萬元,4341,4590
2014,苗栗縣,運輸及倉儲業,銷售額,百萬元,4439,1525
2014,彰化縣,運輸及倉儲業,銷售額,百萬元,9752,3608
2014,南投縣,運輸及倉儲業,銷售額,百萬元,3775, 
2014,雲林縣,運輸及倉儲業,銷售額,百萬元,4517,6185
2014,嘉義市,運輸及倉儲業,銷售額,百萬元,3039,1477
2014,嘉義縣,運輸及倉儲業,銷售額,百萬元,2406, 
2014,屏東縣,運輸及倉儲業,銷售額,百萬元,3772, 
2014,澎湖縣,運輸及倉儲業,銷售額,百萬元,1002, 
2014,花蓮縣,運輸及倉儲業,銷售額,百萬元,3577,2099
2014,臺東縣,運輸及倉儲業,銷售額,百萬元,1494, 
2014,金門縣,運輸及倉儲業,銷售額,百萬元,1420,2472
2014,連江縣,運輸及倉儲業,銷售額,百萬元,317, 
2014,總計,住宿及餐飲業,銷售額,百萬元,371052,169696
2014,臺北市,住宿及餐飲業,銷售額,百萬元,92812,86372
2014,新北市,住宿及餐飲業,銷售額,百萬元,44159,6679
2014,桃園縣,住宿及餐飲業,銷售額,百萬元,30411,12340
2014,臺中市,住宿及餐飲業,銷售額,百萬元,45567,20128
2014,臺南市,住宿及餐飲業,銷售額,百萬元,26524,3843
2014,高雄市,住宿及餐飲業,銷售額,百萬元,41735,12545
2014,基隆市,住宿及餐飲業,銷售額,百萬元,4679, 
2014,宜蘭縣,住宿及餐飲業,銷售額,百萬元,6689,3705
2014,新竹市,住宿及餐飲業,銷售額,百萬元,9029,3082
2014,新竹縣,住宿及餐飲業,銷售額,百萬元,7530, 
2014,苗栗縣,住宿及餐飲業,銷售額,百萬元,5673, 
2014,彰化縣,住宿及餐飲業,銷售額,百萬元,10262, 
2014,南投縣,住宿及餐飲業,銷售額,百萬元,7271,3240
2014,雲林縣,住宿及餐飲業,銷售額,百萬元,4388, 
2014,嘉義市,住宿及餐飲業,銷售額,百萬元,5924, 
2014,嘉義縣,住宿及餐飲業,銷售額,百萬元,3530, 
2014,屏東縣,住宿及餐飲業,銷售額,百萬元,9666,3847
2014,澎湖縣,住宿及餐飲業,銷售額,百萬元,1723, 
2014,花蓮縣,住宿及餐飲業,銷售額,百萬元,7310,3680
2014,臺東縣,住宿及餐飲業,銷售額,百萬元,4899,1777
2014,金門縣,住宿及餐飲業,銷售額,百萬元,1040, 
2014,連江縣,住宿及餐飲業,銷售額,百萬元,230,0
2014,總計,資訊及通訊傳播業,銷售額,百萬元,113244,844004
2014,臺北市,資訊及通訊傳播業,銷售額,百萬元,60743,582198
2014,新北市,資訊及通訊傳播業,銷售額,百萬元,17033,84555
2014,桃園縣,資訊及通訊傳播業,銷售額,百萬元,4705,8714
2014,臺中市,資訊及通訊傳播業,銷售額,百萬元,9414,33913
2014,臺南市,資訊及通訊傳播業,銷售額,百萬元,3602,15337
2014,高雄市,資訊及通訊傳播業,銷售額,百萬元,7016,34704
2014,基隆市,資訊及通訊傳播業,銷售額,百萬元,583, 
2014,宜蘭縣,資訊及通訊傳播業,銷售額,百萬元,584, 
2014,新竹市,資訊及通訊傳播業,銷售額,百萬元,2571,21061
2014,新竹縣,資訊及通訊傳播業,銷售額,百萬元,1391,16918
2014,苗栗縣,資訊及通訊傳播業,銷售額,百萬元,871, 
2014,彰化縣,資訊及通訊傳播業,銷售額,百萬元,1064, 
2014,南投縣,資訊及通訊傳播業,銷售額,百萬元,618, 
2014,雲林縣,資訊及通訊傳播業,銷售額,百萬元,544, 
2014,嘉義市,資訊及通訊傳播業,銷售額,百萬元,732, 
2014,嘉義縣,資訊及通訊傳播業,銷售額,百萬元,274, 
2014,屏東縣,資訊及通訊傳播業,銷售額,百萬元,513, 
2014,澎湖縣,資訊及通訊傳播業,銷售額,百萬元,101, 
2014,花蓮縣,資訊及通訊傳播業,銷售額,百萬元,430, 
2014,臺東縣,資訊及通訊傳播業,銷售額,百萬元,188, 
2014,金門縣,資訊及通訊傳播業,銷售額,百萬元,254, 
2014,連江縣,資訊及通訊傳播業,銷售額,百萬元,14, 
2014,總計,金融及保險業,銷售額,百萬元,207354,2180517
2014,臺北市,金融及保險業,銷售額,百萬元,70289,1810386
2014,新北市,金融及保險業,銷售額,百萬元,29233,74900
2014,桃園縣,金融及保險業,銷售額,百萬元,11422,48834
2014,臺中市,金融及保險業,銷售額,百萬元,21223,75978
2014,臺南市,金融及保險業,銷售額,百萬元,13298,27410
2014,高雄市,金融及保險業,銷售額,百萬元,22655,58509
2014,基隆市,金融及保險業,銷售額,百萬元,2722,3383
2014,宜蘭縣,金融及保險業,銷售額,百萬元,1894,6408
2014,新竹市,金融及保險業,銷售額,百萬元,3539,22166
2014,新竹縣,金融及保險業,銷售額,百萬元,3195,7000
2014,苗栗縣,金融及保險業,銷售額,百萬元,2663,4777
2014,彰化縣,金融及保險業,銷售額,百萬元,7598,10405
2014,南投縣,金融及保險業,銷售額,百萬元,2579,4134
2014,雲林縣,金融及保險業,銷售額,百萬元,2939,6348
2014,嘉義市,金融及保險業,銷售額,百萬元,2593,5272
2014,嘉義縣,金融及保險業,銷售額,百萬元,1091,4285
2014,屏東縣,金融及保險業,銷售額,百萬元,4036,5866
2014,澎湖縣,金融及保險業,銷售額,百萬元,560, 
2014,花蓮縣,金融及保險業,銷售額,百萬元,1970,2921
2014,臺東縣,金融及保險業,銷售額,百萬元,1486,1001
2014,金門縣,金融及保險業,銷售額,百萬元,358, 
2014,連江縣,金融及保險業,銷售額,百萬元, ,0
2014,總計,不動產業,銷售額,百萬元,226824,909239
2014,臺北市,不動產業,銷售額,百萬元,57025,457523
2014,新北市,不動產業,銷售額,百萬元,32122,129969
2014,桃園縣,不動產業,銷售額,百萬元,20787,55909
2014,臺中市,不動產業,銷售額,百萬元,32786,119487
2014,臺南市,不動產業,銷售額,百萬元,14842,22484
2014,高雄市,不動產業,銷售額,百萬元,21130,58605
2014,基隆市,不動產業,銷售額,百萬元,1205, 
2014,宜蘭縣,不動產業,銷售額,百萬元,4979,2057
2014,新竹市,不動產業,銷售額,百萬元,6020,24757
2014,新竹縣,不動產業,銷售額,百萬元,6047,17703
2014,苗栗縣,不動產業,銷售額,百萬元,3955,2387
2014,彰化縣,不動產業,銷售額,百萬元,6669,7266
2014,南投縣,不動產業,銷售額,百萬元,1797, 
2014,雲林縣,不動產業,銷售額,百萬元,3390,2531
2014,嘉義市,不動產業,銷售額,百萬元,3494,1190
2014,嘉義縣,不動產業,銷售額,百萬元,1621, 
2014,屏東縣,不動產業,銷售額,百萬元,2672,1531
2014,澎湖縣,不動產業,銷售額,百萬元,762,0
2014,花蓮縣,不動產業,銷售額,百萬元,2887,2237
2014,臺東縣,不動產業,銷售額,百萬元,1380, 
2014,金門縣,不動產業,銷售額,百萬元,1253,0
2014,連江縣,不動產業,銷售額,百萬元, ,0
2014,總計,專業、科學及技術服務業,銷售額,百萬元,210774,463274
2014,臺北市,專業、科學及技術服務業,銷售額,百萬元,98428,263372
2014,新北市,專業、科學及技術服務業,銷售額,百萬元,32055,36822
2014,桃園縣,專業、科學及技術服務業,銷售額,百萬元,13757,27008
2014,臺中市,專業、科學及技術服務業,銷售額,百萬元,23022,13098
2014,臺南市,專業、科學及技術服務業,銷售額,百萬元,7947,3495
2014,高雄市,專業、科學及技術服務業,銷售額,百萬元,15012,13634
2014,基隆市,專業、科學及技術服務業,銷售額,百萬元,989, 
2014,宜蘭縣,專業、科學及技術服務業,銷售額,百萬元,1436, 
2014,新竹市,專業、科學及技術服務業,銷售額,百萬元,3719,28288
2014,新竹縣,專業、科學及技術服務業,銷售額,百萬元,3770,70949
2014,苗栗縣,專業、科學及技術服務業,銷售額,百萬元,1226, 
2014,彰化縣,專業、科學及技術服務業,銷售額,百萬元,2342, 
2014,南投縣,專業、科學及技術服務業,銷售額,百萬元,1172,0
2014,雲林縣,專業、科學及技術服務業,銷售額,百萬元,1351, 
2014,嘉義市,專業、科學及技術服務業,銷售額,百萬元,1110, 
2014,嘉義縣,專業、科學及技術服務業,銷售額,百萬元,777, 
2014,屏東縣,專業、科學及技術服務業,銷售額,百萬元,1189, 
2014,澎湖縣,專業、科學及技術服務業,銷售額,百萬元,93,0
2014,花蓮縣,專業、科學及技術服務業,銷售額,百萬元,685, 
2014,臺東縣,專業、科學及技術服務業,銷售額,百萬元,411,0
2014,金門縣,專業、科學及技術服務業,銷售額,百萬元,212,0
2014,連江縣,專業、科學及技術服務業,銷售額,百萬元,71,0
2014,總計,支援服務業,銷售額,百萬元,137081,304526
2014,臺北市,支援服務業,銷售額,百萬元,33511,236384
2014,新北市,支援服務業,銷售額,百萬元,20284,14135
2014,桃園縣,支援服務業,銷售額,百萬元,16378,7486
2014,臺中市,支援服務業,銷售額,百萬元,17419,11014
2014,臺南市,支援服務業,銷售額,百萬元,6838,4960
2014,高雄市,支援服務業,銷售額,百萬元,16906,16379
2014,基隆市,支援服務業,銷售額,百萬元,1517, 
2014,宜蘭縣,支援服務業,銷售額,百萬元,1437, 
2014,新竹市,支援服務業,銷售額,百萬元,3569,3624
2014,新竹縣,支援服務業,銷售額,百萬元,3036,4306
2014,苗栗縣,支援服務業,銷售額,百萬元,2294, 
2014,彰化縣,支援服務業,銷售額,百萬元,2901,1516
2014,南投縣,支援服務業,銷售額,百萬元,1238, 
2014,雲林縣,支援服務業,銷售額,百萬元,1627, 
2014,嘉義市,支援服務業,銷售額,百萬元,1447, 
2014,嘉義縣,支援服務業,銷售額,百萬元,1234, 
2014,屏東縣,支援服務業,銷售額,百萬元,1936, 
2014,澎湖縣,支援服務業,銷售額,百萬元,633,0
2014,花蓮縣,支援服務業,銷售額,百萬元,1314, 
2014,臺東縣,支援服務業,銷售額,百萬元,794,0
2014,金門縣,支援服務業,銷售額,百萬元,730,0
2014,連江縣,支援服務業,銷售額,百萬元,40,0
2014,總計,教育服務業,銷售額,百萬元,8708,3574
2014,臺北市,教育服務業,銷售額,百萬元,2991,1904
2014,新北市,教育服務業,銷售額,百萬元,912,0
2014,桃園縣,教育服務業,銷售額,百萬元,477, 
2014,臺中市,教育服務業,銷售額,百萬元,1128, 
2014,臺南市,教育服務業,銷售額,百萬元,691,0
2014,高雄市,教育服務業,銷售額,百萬元,1214,0
2014,基隆市,教育服務業,銷售額,百萬元,22,0
2014,宜蘭縣,教育服務業,銷售額,百萬元,70,0
2014,新竹市,教育服務業,銷售額,百萬元,362,0
2014,新竹縣,教育服務業,銷售額,百萬元,110,0
2014,苗栗縣,教育服務業,銷售額,百萬元,49,0
2014,彰化縣,教育服務業,銷售額,百萬元,172,0
2014,南投縣,教育服務業,銷售額,百萬元,59,0
2014,雲林縣,教育服務業,銷售額,百萬元,82,0
2014,嘉義市,教育服務業,銷售額,百萬元,158,0
2014,嘉義縣,教育服務業,銷售額,百萬元,18,0
2014,屏東縣,教育服務業,銷售額,百萬元,94,0
2014,澎湖縣,教育服務業,銷售額,百萬元,10,0
2014,花蓮縣,教育服務業,銷售額,百萬元,29,0
2014,臺東縣,教育服務業,銷售額,百萬元,44,0
2014,金門縣,教育服務業,銷售額,百萬元,15,0
2014,連江縣,教育服務業,銷售額,百萬元, ,0
2014,總計,醫療保健及社會工作服務業,銷售額,百萬元,2184,6811
2014,臺北市,醫療保健及社會工作服務業,銷售額,百萬元,978,2701
2014,新北市,醫療保健及社會工作服務業,銷售額,百萬元,209, 
2014,桃園縣,醫療保健及社會工作服務業,銷售額,百萬元,77, 
2014,臺中市,醫療保健及社會工作服務業,銷售額,百萬元,177, 
2014,臺南市,醫療保健及社會工作服務業,銷售額,百萬元,145,0
2014,高雄市,醫療保健及社會工作服務業,銷售額,百萬元,195, 
2014,基隆市,醫療保健及社會工作服務業,銷售額,百萬元,19,0
2014,宜蘭縣,醫療保健及社會工作服務業,銷售額,百萬元,20,0
2014,新竹市,醫療保健及社會工作服務業,銷售額,百萬元,39,0
2014,新竹縣,醫療保健及社會工作服務業,銷售額,百萬元,77,0
2014,苗栗縣,醫療保健及社會工作服務業,銷售額,百萬元,16,0
2014,彰化縣,醫療保健及社會工作服務業,銷售額,百萬元,33,0
2014,南投縣,醫療保健及社會工作服務業,銷售額,百萬元,26,0
2014,雲林縣,醫療保健及社會工作服務業,銷售額,百萬元,20,0
2014,嘉義市,醫療保健及社會工作服務業,銷售額,百萬元,30,0
2014,嘉義縣,醫療保健及社會工作服務業,銷售額,百萬元,0,0
2014,屏東縣,醫療保健及社會工作服務業,銷售額,百萬元,28,0
2014,澎湖縣,醫療保健及社會工作服務業,銷售額,百萬元, ,0
2014,花蓮縣,醫療保健及社會工作服務業,銷售額,百萬元,76,0
2014,臺東縣,醫療保健及社會工作服務業,銷售額,百萬元,16,0
2014,金門縣,醫療保健及社會工作服務業,銷售額,百萬元, ,0
2014,連江縣,醫療保健及社會工作服務業,銷售額,百萬元,0,0
2014,總計,藝術、娛樂及休閒服務業,銷售額,百萬元,50765,34624
2014,臺北市,藝術、娛樂及休閒服務業,銷售額,百萬元,13203,16155
2014,新北市,藝術、娛樂及休閒服務業,銷售額,百萬元,6592,3994
2014,桃園縣,藝術、娛樂及休閒服務業,銷售額,百萬元,3611,2720
2014,臺中市,藝術、娛樂及休閒服務業,銷售額,百萬元,5893, 
2014,臺南市,藝術、娛樂及休閒服務業,銷售額,百萬元,3711, 
2014,高雄市,藝術、娛樂及休閒服務業,銷售額,百萬元,5789,1933
2014,基隆市,藝術、娛樂及休閒服務業,銷售額,百萬元,924,0
2014,宜蘭縣,藝術、娛樂及休閒服務業,銷售額,百萬元,949, 
2014,新竹市,藝術、娛樂及休閒服務業,銷售額,百萬元,1132, 
2014,新竹縣,藝術、娛樂及休閒服務業,銷售額,百萬元,1084, 
2014,苗栗縣,藝術、娛樂及休閒服務業,銷售額,百萬元,711, 
2014,彰化縣,藝術、娛樂及休閒服務業,銷售額,百萬元,1514, 
2014,南投縣,藝術、娛樂及休閒服務業,銷售額,百萬元,917, 
2014,雲林縣,藝術、娛樂及休閒服務業,銷售額,百萬元,748, 
2014,嘉義市,藝術、娛樂及休閒服務業,銷售額,百萬元,819,0
2014,嘉義縣,藝術、娛樂及休閒服務業,銷售額,百萬元,408, 
2014,屏東縣,藝術、娛樂及休閒服務業,銷售額,百萬元,1404, 
2014,澎湖縣,藝術、娛樂及休閒服務業,銷售額,百萬元,184,0
2014,花蓮縣,藝術、娛樂及休閒服務業,銷售額,百萬元,596, 
2014,臺東縣,藝術、娛樂及休閒服務業,銷售額,百萬元,403,0
2014,金門縣,藝術、娛樂及休閒服務業,銷售額,百萬元,129,0
2014,連江縣,藝術、娛樂及休閒服務業,銷售額,百萬元,43,0
2014,總計,其他服務業,銷售額,百萬元,118670,108849
2014,臺北市,其他服務業,銷售額,百萬元,23253,60452
2014,新北市,其他服務業,銷售額,百萬元,14619,8762
2014,桃園縣,其他服務業,銷售額,百萬元,9568,8048
2014,臺中市,其他服務業,銷售額,百萬元,14779,7676
2014,臺南市,其他服務業,銷售額,百萬元,9576, 
2014,高雄市,其他服務業,銷售額,百萬元,14203,8065
2014,基隆市,其他服務業,銷售額,百萬元,1739, 
2014,宜蘭縣,其他服務業,銷售額,百萬元,2191, 
2014,新竹市,其他服務業,銷售額,百萬元,2806, 
2014,新竹縣,其他服務業,銷售額,百萬元,2599, 
2014,苗栗縣,其他服務業,銷售額,百萬元,2155, 
2014,彰化縣,其他服務業,銷售額,百萬元,5899, 
2014,南投縣,其他服務業,銷售額,百萬元,2125, 
2014,雲林縣,其他服務業,銷售額,百萬元,2560, 
2014,嘉義市,其他服務業,銷售額,百萬元,2039, 
2014,嘉義縣,其他服務業,銷售額,百萬元,1622, 
2014,屏東縣,其他服務業,銷售額,百萬元,3771, 
2014,澎湖縣,其他服務業,銷售額,百萬元,376,0
2014,花蓮縣,其他服務業,銷售額,百萬元,1668,0
2014,臺東縣,其他服務業,銷售額,百萬元,820, 
2014,金門縣,其他服務業,銷售額,百萬元,260,0
2014,連江縣,其他服務業,銷售額,百萬元,41,0
2015,總計,農林漁牧業,銷售額,百萬元,23872,22702
2015,臺北市,農林漁牧業,銷售額,百萬元,1990,8604
2015,新北市,農林漁牧業,銷售額,百萬元,1545, 
2015,桃園縣,農林漁牧業,銷售額,百萬元,1528, 
2015,臺中市,農林漁牧業,銷售額,百萬元,1421, 
2015,臺南市,農林漁牧業,銷售額,百萬元,1552,3634
2015,高雄市,農林漁牧業,銷售額,百萬元,7052,1605
2015,基隆市,農林漁牧業,銷售額,百萬元,124,0
2015,宜蘭縣,農林漁牧業,銷售額,百萬元,640,0
2015,新竹市,農林漁牧業,銷售額,百萬元,57, 
2015,新竹縣,農林漁牧業,銷售額,百萬元,357, 
2015,苗栗縣,農林漁牧業,銷售額,百萬元,400, 
2015,彰化縣,農林漁牧業,銷售額,百萬元,1567,1126
2015,南投縣,農林漁牧業,銷售額,百萬元,1023, 
2015,雲林縣,農林漁牧業,銷售額,百萬元,960, 
2015,嘉義市,農林漁牧業,銷售額,百萬元,121,0
2015,嘉義縣,農林漁牧業,銷售額,百萬元,867, 
2015,屏東縣,農林漁牧業,銷售額,百萬元,1725,2327
2015,澎湖縣,農林漁牧業,銷售額,百萬元,106,0
2015,花蓮縣,農林漁牧業,銷售額,百萬元,337,0
2015,臺東縣,農林漁牧業,銷售額,百萬元,399,0
2015,金門縣,農林漁牧業,銷售額,百萬元,95,0
2015,連江縣,農林漁牧業,銷售額,百萬元, ,0
2015,總計,礦業及土石採取業,銷售額,百萬元,32210,12787
2015,臺北市,礦業及土石採取業,銷售額,百萬元,1067,7740
2015,新北市,礦業及土石採取業,銷售額,百萬元,2349, 
2015,桃園縣,礦業及土石採取業,銷售額,百萬元,1662, 
2015,臺中市,礦業及土石採取業,銷售額,百萬元,3332, 
2015,臺南市,礦業及土石採取業,銷售額,百萬元,716,0
2015,高雄市,礦業及土石採取業,銷售額,百萬元,1753, 
2015,基隆市,礦業及土石採取業,銷售額,百萬元, ,0
2015,宜蘭縣,礦業及土石採取業,銷售額,百萬元,2326,0
2015,新竹市,礦業及土石採取業,銷售額,百萬元,187,0
2015,新竹縣,礦業及土石採取業,銷售額,百萬元,1546, 
2015,苗栗縣,礦業及土石採取業,銷售額,百萬元,1441, 
2015,彰化縣,礦業及土石採取業,銷售額,百萬元,489,0
2015,南投縣,礦業及土石採取業,銷售額,百萬元,2197,0
2015,雲林縣,礦業及土石採取業,銷售額,百萬元,760,0
2015,嘉義市,礦業及土石採取業,銷售額,百萬元, ,0
2015,嘉義縣,礦業及土石採取業,銷售額,百萬元,97,0
2015,屏東縣,礦業及土石採取業,銷售額,百萬元,1742,0
2015,澎湖縣,礦業及土石採取業,銷售額,百萬元,429,0
2015,花蓮縣,礦業及土石採取業,銷售額,百萬元,3169, 
2015,臺東縣,礦業及土石採取業,銷售額,百萬元,1166,0
2015,金門縣,礦業及土石採取業,銷售額,百萬元, ,0
2015,連江縣,礦業及土石採取業,銷售額,百萬元,0,0
2015,總計,製造業,銷售額,百萬元,4140270,9821836
2015,臺北市,製造業,銷售額,百萬元,236415,1619317
2015,新北市,製造業,銷售額,百萬元,683344,800300
2015,桃園縣,製造業,銷售額,百萬元,544910,960786
2015,臺中市,製造業,銷售額,百萬元,722344,802721
2015,臺南市,製造業,銷售額,百萬元,436041,686073
2015,高雄市,製造業,銷售額,百萬元,403151,1238718
2015,基隆市,製造業,銷售額,百萬元,11656,13011
2015,宜蘭縣,製造業,銷售額,百萬元,66650,33461
2015,新竹市,製造業,銷售額,百萬元,67081,1397964
2015,新竹縣,製造業,銷售額,百萬元,80563,475186
2015,苗栗縣,製造業,銷售額,百萬元,137795,363732
2015,彰化縣,製造業,銷售額,百萬元,330449,440809
2015,南投縣,製造業,銷售額,百萬元,44316,84592
2015,雲林縣,製造業,銷售額,百萬元,201001,778333
2015,嘉義市,製造業,銷售額,百萬元,22342,4115
2015,嘉義縣,製造業,銷售額,百萬元,89427,43965
2015,屏東縣,製造業,銷售額,百萬元,43034,60251
2015,澎湖縣,製造業,銷售額,百萬元,683,0
2015,花蓮縣,製造業,銷售額,百萬元,14205,6760
2015,臺東縣,製造業,銷售額,百萬元,3626,0
2015,金門縣,製造業,銷售額,百萬元,1217, 
2015,連江縣,製造業,銷售額,百萬元,17, 
2015,總計,電力及燃氣供應業,銷售額,百萬元,5295,890214
2015,臺北市,電力及燃氣供應業,銷售額,百萬元,787,77250
2015,新北市,電力及燃氣供應業,銷售額,百萬元,677,47611
2015,桃園縣,電力及燃氣供應業,銷售額,百萬元,23,105573
2015,臺中市,電力及燃氣供應業,銷售額,百萬元,244,105630
2015,臺南市,電力及燃氣供應業,銷售額,百萬元,546,102752
2015,高雄市,電力及燃氣供應業,銷售額,百萬元,658,167715
2015,基隆市,電力及燃氣供應業,銷售額,百萬元, , 
2015,宜蘭縣,電力及燃氣供應業,銷售額,百萬元,271, 
2015,新竹市,電力及燃氣供應業,銷售額,百萬元,146, 
2015,新竹縣,電力及燃氣供應業,銷售額,百萬元,133, 
2015,苗栗縣,電力及燃氣供應業,銷售額,百萬元,140, 
2015,彰化縣,電力及燃氣供應業,銷售額,百萬元,18,39198
2015,南投縣,電力及燃氣供應業,銷售額,百萬元,409, 
2015,雲林縣,電力及燃氣供應業,銷售額,百萬元,123, 
2015,嘉義市,電力及燃氣供應業,銷售額,百萬元,460, 
2015,嘉義縣,電力及燃氣供應業,銷售額,百萬元,140, 
2015,屏東縣,電力及燃氣供應業,銷售額,百萬元,216, 
2015,澎湖縣,電力及燃氣供應業,銷售額,百萬元, , 
2015,花蓮縣,電力及燃氣供應業,銷售額,百萬元,39, 
2015,臺東縣,電力及燃氣供應業,銷售額,百萬元,2, 
2015,金門縣,電力及燃氣供應業,銷售額,百萬元,0, 
2015,連江縣,電力及燃氣供應業,銷售額,百萬元,0, 
2015,總計,用水供應及污染整治業,銷售額,百萬元,55929,111850
2015,臺北市,用水供應及污染整治業,銷售額,百萬元,5149,20368
2015,新北市,用水供應及污染整治業,銷售額,百萬元,8087,5960
2015,桃園縣,用水供應及污染整治業,銷售額,百萬元,7355,20746
2015,臺中市,用水供應及污染整治業,銷售額,百萬元,8038,11873
2015,臺南市,用水供應及污染整治業,銷售額,百萬元,4594,7460
2015,高雄市,用水供應及污染整治業,銷售額,百萬元,9116,26554
2015,基隆市,用水供應及污染整治業,銷售額,百萬元,693, 
2015,宜蘭縣,用水供應及污染整治業,銷售額,百萬元,628, 
2015,新竹市,用水供應及污染整治業,銷售額,百萬元,1129,2210
2015,新竹縣,用水供應及污染整治業,銷售額,百萬元,1012,2339
2015,苗栗縣,用水供應及污染整治業,銷售額,百萬元,1059, 
2015,彰化縣,用水供應及污染整治業,銷售額,百萬元,2491,3654
2015,南投縣,用水供應及污染整治業,銷售額,百萬元,856, 
2015,雲林縣,用水供應及污染整治業,銷售額,百萬元,1688,2390
2015,嘉義市,用水供應及污染整治業,銷售額,百萬元,390, 
2015,嘉義縣,用水供應及污染整治業,銷售額,百萬元,1237,1605
2015,屏東縣,用水供應及污染整治業,銷售額,百萬元,1111,3174
2015,澎湖縣,用水供應及污染整治業,銷售額,百萬元,117,0
2015,花蓮縣,用水供應及污染整治業,銷售額,百萬元,593, 
2015,臺東縣,用水供應及污染整治業,銷售額,百萬元,327, 
2015,金門縣,用水供應及污染整治業,銷售額,百萬元,212,0
2015,連江縣,用水供應及污染整治業,銷售額,百萬元,47,0
2015,總計,營造業,銷售額,百萬元,1459301,770951
2015,臺北市,營造業,銷售額,百萬元,250587,431085
2015,新北市,營造業,銷售額,百萬元,265334,78365
2015,桃園縣,營造業,銷售額,百萬元,146625,27193
2015,臺中市,營造業,銷售額,百萬元,188792,82704
2015,臺南市,營造業,銷售額,百萬元,75797,21928
2015,高雄市,營造業,銷售額,百萬元,192892,78405
2015,基隆市,營造業,銷售額,百萬元,14413, 
2015,宜蘭縣,營造業,銷售額,百萬元,26211,5561
2015,新竹市,營造業,銷售額,百萬元,37475,14404
2015,新竹縣,營造業,銷售額,百萬元,38804,11262
2015,苗栗縣,營造業,銷售額,百萬元,25279,3827
2015,彰化縣,營造業,銷售額,百萬元,45090,1844
2015,南投縣,營造業,銷售額,百萬元,16049, 
2015,雲林縣,營造業,銷售額,百萬元,47394,2869
2015,嘉義市,營造業,銷售額,百萬元,12666,3086
2015,嘉義縣,營造業,銷售額,百萬元,16498, 
2015,屏東縣,營造業,銷售額,百萬元,24757,1982
2015,澎湖縣,營造業,銷售額,百萬元,3732, 
2015,花蓮縣,營造業,銷售額,百萬元,14228,2853
2015,臺東縣,營造業,銷售額,百萬元,7264, 
2015,金門縣,營造業,銷售額,百萬元,8446, 
2015,連江縣,營造業,銷售額,百萬元,966, 
2015,總計,批發及零售業,銷售額,百萬元,4316503,9370146
2015,臺北市,批發及零售業,銷售額,百萬元,920704,4288054
2015,新北市,批發及零售業,銷售額,百萬元,760025,1137099
2015,桃園縣,批發及零售業,銷售額,百萬元,380837,765618
2015,臺中市,批發及零售業,銷售額,百萬元,591255,757224
2015,臺南市,批發及零售業,銷售額,百萬元,305111,421781
2015,高雄市,批發及零售業,銷售額,百萬元,506938,944087
2015,基隆市,批發及零售業,銷售額,百萬元,35753,16113
2015,宜蘭縣,批發及零售業,銷售額,百萬元,50127,40552
2015,新竹市,批發及零售業,銷售額,百萬元,74074,204773
2015,新竹縣,批發及零售業,銷售額,百萬元,78819,158435
2015,苗栗縣,批發及零售業,銷售額,百萬元,54468,115030
2015,彰化縣,批發及零售業,銷售額,百萬元,184607,163785
2015,南投縣,批發及零售業,銷售額,百萬元,48682,33832
2015,雲林縣,批發及零售業,銷售額,百萬元,65392,69468
2015,嘉義市,批發及零售業,銷售額,百萬元,47338,65296
2015,嘉義縣,批發及零售業,銷售額,百萬元,44906,35308
2015,屏東縣,批發及零售業,銷售額,百萬元,80251,87936
2015,澎湖縣,批發及零售業,銷售額,百萬元,8406,4919
2015,花蓮縣,批發及零售業,銷售額,百萬元,40265,33002
2015,臺東縣,批發及零售業,銷售額,百萬元,21738,21153
2015,金門縣,批發及零售業,銷售額,百萬元,15876,6496
2015,連江縣,批發及零售業,銷售額,百萬元,931, 
2015,總計,運輸及倉儲業,銷售額,百萬元,269441,867056
2015,臺北市,運輸及倉儲業,銷售額,百萬元,50278,491182
2015,新北市,運輸及倉儲業,銷售額,百萬元,31553,78596
2015,桃園縣,運輸及倉儲業,銷售額,百萬元,29162,118492
2015,臺中市,運輸及倉儲業,銷售額,百萬元,30138,28465
2015,臺南市,運輸及倉儲業,銷售額,百萬元,14543,9612
2015,高雄市,運輸及倉儲業,銷售額,百萬元,49493,78985
2015,基隆市,運輸及倉儲業,銷售額,百萬元,11060,22984
2015,宜蘭縣,運輸及倉儲業,銷售額,百萬元,6565,2683
2015,新竹市,運輸及倉儲業,銷售額,百萬元,2697,4774
2015,新竹縣,運輸及倉儲業,銷售額,百萬元,4536,5058
2015,苗栗縣,運輸及倉儲業,銷售額,百萬元,4359,1660
2015,彰化縣,運輸及倉儲業,銷售額,百萬元,9844,3550
2015,南投縣,運輸及倉儲業,銷售額,百萬元,3618, 
2015,雲林縣,運輸及倉儲業,銷售額,百萬元,4501,6889
2015,嘉義市,運輸及倉儲業,銷售額,百萬元,3156,1273
2015,嘉義縣,運輸及倉儲業,銷售額,百萬元,2330, 
2015,屏東縣,運輸及倉儲業,銷售額,百萬元,3798, 
2015,澎湖縣,運輸及倉儲業,銷售額,百萬元,1087, 
2015,花蓮縣,運輸及倉儲業,銷售額,百萬元,3584,2265
2015,臺東縣,運輸及倉儲業,銷售額,百萬元,1461, 
2015,金門縣,運輸及倉儲業,銷售額,百萬元,1338,2321
2015,連江縣,運輸及倉儲業,銷售額,百萬元,342, 
2015,總計,住宿及餐飲業,銷售額,百萬元,400811,173389
2015,臺北市,住宿及餐飲業,銷售額,百萬元,99373,89202
2015,新北市,住宿及餐飲業,銷售額,百萬元,47480,8026
2015,桃園縣,住宿及餐飲業,銷售額,百萬元,32997,13981
2015,臺中市,住宿及餐飲業,銷售額,百萬元,50194,13230
2015,臺南市,住宿及餐飲業,銷售額,百萬元,28074,6170
2015,高雄市,住宿及餐飲業,銷售額,百萬元,45443,13240
2015,基隆市,住宿及餐飲業,銷售額,百萬元,4840, 
2015,宜蘭縣,住宿及餐飲業,銷售額,百萬元,7264,3613
2015,新竹市,住宿及餐飲業,銷售額,百萬元,9621,3337
2015,新竹縣,住宿及餐飲業,銷售額,百萬元,8082,2744
2015,苗栗縣,住宿及餐飲業,銷售額,百萬元,6212, 
2015,彰化縣,住宿及餐飲業,銷售額,百萬元,11370,893
2015,南投縣,住宿及餐飲業,銷售額,百萬元,7868,3324
2015,雲林縣,住宿及餐飲業,銷售額,百萬元,4717, 
2015,嘉義市,住宿及餐飲業,銷售額,百萬元,6452, 
2015,嘉義縣,住宿及餐飲業,銷售額,百萬元,3797, 
2015,屏東縣,住宿及餐飲業,銷售額,百萬元,10715,5009
2015,澎湖縣,住宿及餐飲業,銷售額,百萬元,1781, 
2015,花蓮縣,住宿及餐飲業,銷售額,百萬元,8118,3012
2015,臺東縣,住宿及餐飲業,銷售額,百萬元,5038,2692
2015,金門縣,住宿及餐飲業,銷售額,百萬元,1125, 
2015,連江縣,住宿及餐飲業,銷售額,百萬元,249,0
2015,總計,資訊及通訊傳播業,銷售額,百萬元,117262,952733
2015,臺北市,資訊及通訊傳播業,銷售額,百萬元,61744,688007
2015,新北市,資訊及通訊傳播業,銷售額,百萬元,18635,84148
2015,桃園縣,資訊及通訊傳播業,銷售額,百萬元,4770,9739
2015,臺中市,資訊及通訊傳播業,銷售額,百萬元,9617,35306
2015,臺南市,資訊及通訊傳播業,銷售額,百萬元,4015,15693
2015,高雄市,資訊及通訊傳播業,銷售額,百萬元,7396,33476
2015,基隆市,資訊及通訊傳播業,銷售額,百萬元,680, 
2015,宜蘭縣,資訊及通訊傳播業,銷售額,百萬元,510, 
2015,新竹市,資訊及通訊傳播業,銷售額,百萬元,2641,21374
2015,新竹縣,資訊及通訊傳播業,銷售額,百萬元,1835,17632
2015,苗栗縣,資訊及通訊傳播業,銷售額,百萬元,772, 
2015,彰化縣,資訊及通訊傳播業,銷售額,百萬元,990, 
2015,南投縣,資訊及通訊傳播業,銷售額,百萬元,637, 
2015,雲林縣,資訊及通訊傳播業,銷售額,百萬元,662, 
2015,嘉義市,資訊及通訊傳播業,銷售額,百萬元,595, 
2015,嘉義縣,資訊及通訊傳播業,銷售額,百萬元,236, 
2015,屏東縣,資訊及通訊傳播業,銷售額,百萬元,556, 
2015,澎湖縣,資訊及通訊傳播業,銷售額,百萬元,107, 
2015,花蓮縣,資訊及通訊傳播業,銷售額,百萬元,412, 
2015,臺東縣,資訊及通訊傳播業,銷售額,百萬元,174, 
2015,金門縣,資訊及通訊傳播業,銷售額,百萬元,266, 
2015,連江縣,資訊及通訊傳播業,銷售額,百萬元,12, 
2015,總計,金融及保險業,銷售額,百萬元,202960,2195457
2015,臺北市,金融及保險業,銷售額,百萬元,68550,1834244
2015,新北市,金融及保險業,銷售額,百萬元,29743,71555
2015,桃園縣,金融及保險業,銷售額,百萬元,10640,50797
2015,臺中市,金融及保險業,銷售額,百萬元,19872,75950
2015,臺南市,金融及保險業,銷售額,百萬元,12868,27020
2015,高雄市,金融及保險業,銷售額,百萬元,22228,57769
2015,基隆市,金融及保險業,銷售額,百萬元,2712,2878
2015,宜蘭縣,金融及保險業,銷售額,百萬元,1787,6421
2015,新竹市,金融及保險業,銷售額,百萬元,3563,15871
2015,新竹縣,金融及保險業,銷售額,百萬元,3187,7408
2015,苗栗縣,金融及保險業,銷售額,百萬元,2375,4622
2015,彰化縣,金融及保險業,銷售額,百萬元,7540,11131
2015,南投縣,金融及保險業,銷售額,百萬元,2677,3467
2015,雲林縣,金融及保險業,銷售額,百萬元,2896,6515
2015,嘉義市,金融及保險業,銷售額,百萬元,2836,4826
2015,嘉義縣,金融及保險業,銷售額,百萬元,1183,4487
2015,屏東縣,金融及保險業,銷售額,百萬元,4155,5597
2015,澎湖縣,金融及保險業,銷售額,百萬元,553, 
2015,花蓮縣,金融及保險業,銷售額,百萬元,1900,3337
2015,臺東縣,金融及保險業,銷售額,百萬元,1415,990
2015,金門縣,金融及保險業,銷售額,百萬元,270, 
2015,連江縣,金融及保險業,銷售額,百萬元, ,0
2015,總計,不動產業,銷售額,百萬元,237569,879142
2015,臺北市,不動產業,銷售額,百萬元,58041,432430
2015,新北市,不動產業,銷售額,百萬元,32896,115933
2015,桃園縣,不動產業,銷售額,百萬元,19951,51195
2015,臺中市,不動產業,銷售額,百萬元,34502,141337
2015,臺南市,不動產業,銷售額,百萬元,17071,25327
2015,高雄市,不動產業,銷售額,百萬元,21083,52031
2015,基隆市,不動產業,銷售額,百萬元,1181, 
2015,宜蘭縣,不動產業,銷售額,百萬元,5839,2100
2015,新竹市,不動產業,銷售額,百萬元,6685,19371
2015,新竹縣,不動產業,銷售額,百萬元,6094,19060
2015,苗栗縣,不動產業,銷售額,百萬元,4641,2710
2015,彰化縣,不動產業,銷售額,百萬元,8794,5054
2015,南投縣,不動產業,銷售額,百萬元,2293, 
2015,雲林縣,不動產業,銷售額,百萬元,3291,3264
2015,嘉義市,不動產業,銷售額,百萬元,3816,1528
2015,嘉義縣,不動產業,銷售額,百萬元,1610, 
2015,屏東縣,不動產業,銷售額,百萬元,2929,1450
2015,澎湖縣,不動產業,銷售額,百萬元,664,0
2015,花蓮縣,不動產業,銷售額,百萬元,3084,1720
2015,臺東縣,不動產業,銷售額,百萬元,1441,912
2015,金門縣,不動產業,銷售額,百萬元,1660, 
2015,連江縣,不動產業,銷售額,百萬元, ,0
2015,總計,專業、科學及技術服務業,銷售額,百萬元,210016,471920
2015,臺北市,專業、科學及技術服務業,銷售額,百萬元,98479,262003
2015,新北市,專業、科學及技術服務業,銷售額,百萬元,31853,42841
2015,桃園縣,專業、科學及技術服務業,銷售額,百萬元,13684,23625
2015,臺中市,專業、科學及技術服務業,銷售額,百萬元,22685,14555
2015,臺南市,專業、科學及技術服務業,銷售額,百萬元,7889,3318
2015,高雄市,專業、科學及技術服務業,銷售額,百萬元,15052,13311
2015,基隆市,專業、科學及技術服務業,銷售額,百萬元,1028, 
2015,宜蘭縣,專業、科學及技術服務業,銷售額,百萬元,1613, 
2015,新竹市,專業、科學及技術服務業,銷售額,百萬元,3616,30296
2015,新竹縣,專業、科學及技術服務業,銷售額,百萬元,3656,75010
2015,苗栗縣,專業、科學及技術服務業,銷售額,百萬元,1076, 
2015,彰化縣,專業、科學及技術服務業,銷售額,百萬元,2309, 
2015,南投縣,專業、科學及技術服務業,銷售額,百萬元,1168, 
2015,雲林縣,專業、科學及技術服務業,銷售額,百萬元,1409, 
2015,嘉義市,專業、科學及技術服務業,銷售額,百萬元,1080, 
2015,嘉義縣,專業、科學及技術服務業,銷售額,百萬元,807, 
2015,屏東縣,專業、科學及技術服務業,銷售額,百萬元,1094, 
2015,澎湖縣,專業、科學及技術服務業,銷售額,百萬元,40,0
2015,花蓮縣,專業、科學及技術服務業,銷售額,百萬元,669, 
2015,臺東縣,專業、科學及技術服務業,銷售額,百萬元,467,0
2015,金門縣,專業、科學及技術服務業,銷售額,百萬元,265,0
2015,連江縣,專業、科學及技術服務業,銷售額,百萬元,76,0
2015,總計,支援服務業,銷售額,百萬元,142999,367866
2015,臺北市,支援服務業,銷售額,百萬元,35017,292088
2015,新北市,支援服務業,銷售額,百萬元,21129,16970
2015,桃園縣,支援服務業,銷售額,百萬元,17279,7556
2015,臺中市,支援服務業,銷售額,百萬元,18305,13030
2015,臺南市,支援服務業,銷售額,百萬元,7355,5023
2015,高雄市,支援服務業,銷售額,百萬元,17624,17678
2015,基隆市,支援服務業,銷售額,百萬元,1567, 
2015,宜蘭縣,支援服務業,銷售額,百萬元,1220, 
2015,新竹市,支援服務業,銷售額,百萬元,3771,5039
2015,新竹縣,支援服務業,銷售額,百萬元,2844,3705
2015,苗栗縣,支援服務業,銷售額,百萬元,2249, 
2015,彰化縣,支援服務業,銷售額,百萬元,3174,1834
2015,南投縣,支援服務業,銷售額,百萬元,1233, 
2015,雲林縣,支援服務業,銷售額,百萬元,1533, 
2015,嘉義市,支援服務業,銷售額,百萬元,1527, 
2015,嘉義縣,支援服務業,銷售額,百萬元,1344, 
2015,屏東縣,支援服務業,銷售額,百萬元,1848, 
2015,澎湖縣,支援服務業,銷售額,百萬元,743,0
2015,花蓮縣,支援服務業,銷售額,百萬元,1560, 
2015,臺東縣,支援服務業,銷售額,百萬元,927,0
2015,金門縣,支援服務業,銷售額,百萬元,692,0
2015,連江縣,支援服務業,銷售額,百萬元,58,0
2015,總計,教育服務業,銷售額,百萬元,10099,4237
2015,臺北市,教育服務業,銷售額,百萬元,3495,2073
2015,新北市,教育服務業,銷售額,百萬元,1028,0
2015,桃園縣,教育服務業,銷售額,百萬元,659, 
2015,臺中市,教育服務業,銷售額,百萬元,1430, 
2015,臺南市,教育服務業,銷售額,百萬元,656,0
2015,高雄市,教育服務業,銷售額,百萬元,1366, 
2015,基隆市,教育服務業,銷售額,百萬元,22,0
2015,宜蘭縣,教育服務業,銷售額,百萬元,86,0
2015,新竹市,教育服務業,銷售額,百萬元,384,0
2015,新竹縣,教育服務業,銷售額,百萬元,101,0
2015,苗栗縣,教育服務業,銷售額,百萬元,70,0
2015,彰化縣,教育服務業,銷售額,百萬元,177,0
2015,南投縣,教育服務業,銷售額,百萬元,63,0
2015,雲林縣,教育服務業,銷售額,百萬元,89,0
2015,嘉義市,教育服務業,銷售額,百萬元,192,0
2015,嘉義縣,教育服務業,銷售額,百萬元,20,0
2015,屏東縣,教育服務業,銷售額,百萬元,166,0
2015,澎湖縣,教育服務業,銷售額,百萬元,11,0
2015,花蓮縣,教育服務業,銷售額,百萬元,30,0
2015,臺東縣,教育服務業,銷售額,百萬元,46,0
2015,金門縣,教育服務業,銷售額,百萬元,8,0
2015,連江縣,教育服務業,銷售額,百萬元, ,0
2015,總計,醫療保健及社會工作服務業,銷售額,百萬元,2579,9778
2015,臺北市,醫療保健及社會工作服務業,銷售額,百萬元,1114,2909
2015,新北市,醫療保健及社會工作服務業,銷售額,百萬元,290, 
2015,桃園縣,醫療保健及社會工作服務業,銷售額,百萬元,140, 
2015,臺中市,醫療保健及社會工作服務業,銷售額,百萬元,223, 
2015,臺南市,醫療保健及社會工作服務業,銷售額,百萬元,181,0
2015,高雄市,醫療保健及社會工作服務業,銷售額,百萬元,207, 
2015,基隆市,醫療保健及社會工作服務業,銷售額,百萬元,20,0
2015,宜蘭縣,醫療保健及社會工作服務業,銷售額,百萬元,25,0
2015,新竹市,醫療保健及社會工作服務業,銷售額,百萬元,29,0
2015,新竹縣,醫療保健及社會工作服務業,銷售額,百萬元,88,0
2015,苗栗縣,醫療保健及社會工作服務業,銷售額,百萬元,6,0
2015,彰化縣,醫療保健及社會工作服務業,銷售額,百萬元,36,0
2015,南投縣,醫療保健及社會工作服務業,銷售額,百萬元,27,0
2015,雲林縣,醫療保健及社會工作服務業,銷售額,百萬元,25,0
2015,嘉義市,醫療保健及社會工作服務業,銷售額,百萬元,26,0
2015,嘉義縣,醫療保健及社會工作服務業,銷售額,百萬元,0,0
2015,屏東縣,醫療保健及社會工作服務業,銷售額,百萬元,34,0
2015,澎湖縣,醫療保健及社會工作服務業,銷售額,百萬元, ,0
2015,花蓮縣,醫療保健及社會工作服務業,銷售額,百萬元,87,0
2015,臺東縣,醫療保健及社會工作服務業,銷售額,百萬元,17,0
2015,金門縣,醫療保健及社會工作服務業,銷售額,百萬元, ,0
2015,連江縣,醫療保健及社會工作服務業,銷售額,百萬元,0,0
2015,總計,藝術、娛樂及休閒服務業,銷售額,百萬元,54203,37472
2015,臺北市,藝術、娛樂及休閒服務業,銷售額,百萬元,14057,18113
2015,新北市,藝術、娛樂及休閒服務業,銷售額,百萬元,7714,3691
2015,桃園縣,藝術、娛樂及休閒服務業,銷售額,百萬元,4046,2429
2015,臺中市,藝術、娛樂及休閒服務業,銷售額,百萬元,6051,2010
2015,臺南市,藝術、娛樂及休閒服務業,銷售額,百萬元,3828, 
2015,高雄市,藝術、娛樂及休閒服務業,銷售額,百萬元,5925,2525
2015,基隆市,藝術、娛樂及休閒服務業,銷售額,百萬元,882, 
2015,宜蘭縣,藝術、娛樂及休閒服務業,銷售額,百萬元,1028, 
2015,新竹市,藝術、娛樂及休閒服務業,銷售額,百萬元,1207, 
2015,新竹縣,藝術、娛樂及休閒服務業,銷售額,百萬元,1140, 
2015,苗栗縣,藝術、娛樂及休閒服務業,銷售額,百萬元,834, 
2015,彰化縣,藝術、娛樂及休閒服務業,銷售額,百萬元,1517, 
2015,南投縣,藝術、娛樂及休閒服務業,銷售額,百萬元,1018, 
2015,雲林縣,藝術、娛樂及休閒服務業,銷售額,百萬元,761, 
2015,嘉義市,藝術、娛樂及休閒服務業,銷售額,百萬元,864,0
2015,嘉義縣,藝術、娛樂及休閒服務業,銷售額,百萬元,457, 
2015,屏東縣,藝術、娛樂及休閒服務業,銷售額,百萬元,1487, 
2015,澎湖縣,藝術、娛樂及休閒服務業,銷售額,百萬元,160,0
2015,花蓮縣,藝術、娛樂及休閒服務業,銷售額,百萬元,643, 
2015,臺東縣,藝術、娛樂及休閒服務業,銷售額,百萬元,420,0
2015,金門縣,藝術、娛樂及休閒服務業,銷售額,百萬元,130,0
2015,連江縣,藝術、娛樂及休閒服務業,銷售額,百萬元,35,0
2015,總計,其他服務業,銷售額,百萬元,121797,112690
2015,臺北市,其他服務業,銷售額,百萬元,23812,61199
2015,新北市,其他服務業,銷售額,百萬元,14488,10470
2015,桃園縣,其他服務業,銷售額,百萬元,9970,8470
2015,臺中市,其他服務業,銷售額,百萬元,15283,7419
2015,臺南市,其他服務業,銷售額,百萬元,9951, 
2015,高雄市,其他服務業,銷售額,百萬元,14645,8164
2015,基隆市,其他服務業,銷售額,百萬元,1775, 
2015,宜蘭縣,其他服務業,銷售額,百萬元,2327, 
2015,新竹市,其他服務業,銷售額,百萬元,2834, 
2015,新竹縣,其他服務業,銷售額,百萬元,2569, 
2015,苗栗縣,其他服務業,銷售額,百萬元,2216, 
2015,彰化縣,其他服務業,銷售額,百萬元,6316, 
2015,南投縣,其他服務業,銷售額,百萬元,2124, 
2015,雲林縣,其他服務業,銷售額,百萬元,2482, 
2015,嘉義市,其他服務業,銷售額,百萬元,2091, 
2015,嘉義縣,其他服務業,銷售額,百萬元,1568, 
2015,屏東縣,其他服務業,銷售額,百萬元,4025, 
2015,澎湖縣,其他服務業,銷售額,百萬元,388,0
2015,花蓮縣,其他服務業,銷售額,百萬元,1684,0
2015,臺東縣,其他服務業,銷售額,百萬元,932, 
2015,金門縣,其他服務業,銷售額,百萬元,270,0
2015,連江縣,其他服務業,銷售額,百萬元,44,0
2016,總計,農林漁牧業,銷售額,百萬元,24420,22406
2016,臺北市,農林漁牧業,銷售額,百萬元,2215,8545
2016,新北市,農林漁牧業,銷售額,百萬元,1607, 
2016,桃園縣,農林漁牧業,銷售額,百萬元,1661, 
2016,臺中市,農林漁牧業,銷售額,百萬元,1523, 
2016,臺南市,農林漁牧業,銷售額,百萬元,1978,1701
2016,高雄市,農林漁牧業,銷售額,百萬元,6515,983
2016,基隆市,農林漁牧業,銷售額,百萬元,118,3651
2016,宜蘭縣,農林漁牧業,銷售額,百萬元,726,414
2016,新竹市,農林漁牧業,銷售額,百萬元,56,0
2016,新竹縣,農林漁牧業,銷售額,百萬元,281, 
2016,苗栗縣,農林漁牧業,銷售額,百萬元,324, 
2016,彰化縣,農林漁牧業,銷售額,百萬元,1502,1525
2016,南投縣,農林漁牧業,銷售額,百萬元,1327, 
2016,雲林縣,農林漁牧業,銷售額,百萬元,990,0
2016,嘉義市,農林漁牧業,銷售額,百萬元,145,250
2016,嘉義縣,農林漁牧業,銷售額,百萬元,844,0
2016,屏東縣,農林漁牧業,銷售額,百萬元,1667,1817
2016,澎湖縣,農林漁牧業,銷售額,百萬元,65,0
2016,花蓮縣,農林漁牧業,銷售額,百萬元,355,101
2016,臺東縣,農林漁牧業,銷售額,百萬元,423,0
2016,金門縣,農林漁牧業,銷售額,百萬元,91,0
2016,連江縣,農林漁牧業,銷售額,百萬元, ,0
2016,總計,礦業及土石採取業,銷售額,百萬元,29147,13692
2016,臺北市,礦業及土石採取業,銷售額,百萬元,657,6550
2016,新北市,礦業及土石採取業,銷售額,百萬元,2222, 
2016,桃園縣,礦業及土石採取業,銷售額,百萬元,1359, 
2016,臺中市,礦業及土石採取業,銷售額,百萬元,3239, 
2016,臺南市,礦業及土石採取業,銷售額,百萬元,671,415
2016,高雄市,礦業及土石採取業,銷售額,百萬元,1315, 
2016,基隆市,礦業及土石採取業,銷售額,百萬元, ,3849
2016,宜蘭縣,礦業及土石採取業,銷售額,百萬元,2470,585
2016,新竹市,礦業及土石採取業,銷售額,百萬元,224,0
2016,新竹縣,礦業及土石採取業,銷售額,百萬元,1522,0
2016,苗栗縣,礦業及土石採取業,銷售額,百萬元,1291,0
2016,彰化縣,礦業及土石採取業,銷售額,百萬元,237,0
2016,南投縣,礦業及土石採取業,銷售額,百萬元,2313,0
2016,雲林縣,礦業及土石採取業,銷售額,百萬元,849,0
2016,嘉義市,礦業及土石採取業,銷售額,百萬元,10,0
2016,嘉義縣,礦業及土石採取業,銷售額,百萬元,96,0
2016,屏東縣,礦業及土石採取業,銷售額,百萬元,1537,580
2016,澎湖縣,礦業及土石採取業,銷售額,百萬元,322,0
2016,花蓮縣,礦業及土石採取業,銷售額,百萬元,2565,0
2016,臺東縣,礦業及土石採取業,銷售額,百萬元,1073,0
2016,金門縣,礦業及土石採取業,銷售額,百萬元,1412,0
2016,連江縣,礦業及土石採取業,銷售額,百萬元,0,0
2016,總計,製造業,銷售額,百萬元,4070669,9537799
2016,臺北市,製造業,銷售額,百萬元,234672,1281385
2016,新北市,製造業,銷售額,百萬元,657251,810802
2016,桃園縣,製造業,銷售額,百萬元,542458,938688
2016,臺中市,製造業,銷售額,百萬元,711361,776584
2016,臺南市,製造業,銷售額,百萬元,406906,656291
2016,高雄市,製造業,銷售額,百萬元,415096,1420930
2016,基隆市,製造業,銷售額,百萬元,9048,13199
2016,宜蘭縣,製造業,銷售額,百萬元,62199,31769
2016,新竹市,製造業,銷售額,百萬元,71883,1444211
2016,新竹縣,製造業,銷售額,百萬元,86258,489841
2016,苗栗縣,製造業,銷售額,百萬元,151189,338063
2016,彰化縣,製造業,銷售額,百萬元,320233,444755
2016,南投縣,製造業,銷售額,百萬元,42702,70290
2016,雲林縣,製造業,銷售額,百萬元,193000,687177
2016,嘉義市,製造業,銷售額,百萬元,20019,3069
2016,嘉義縣,製造業,銷售額,百萬元,85109,45050
2016,屏東縣,製造業,銷售額,百萬元,42999,66596
2016,澎湖縣,製造業,銷售額,百萬元,736,501
2016,花蓮縣,製造業,銷售額,百萬元,12550,6430
2016,臺東縣,製造業,銷售額,百萬元,3843, 
2016,金門縣,製造業,銷售額,百萬元,1145, 
2016,連江縣,製造業,銷售額,百萬元,15,-
2016,總計,電力及燃氣供應業,銷售額,百萬元,6611,788205
2016,臺北市,電力及燃氣供應業,銷售額,百萬元,1482,72201
2016,新北市,電力及燃氣供應業,銷售額,百萬元,654,43788
2016,桃園縣,電力及燃氣供應業,銷售額,百萬元,207,6328
2016,臺中市,電力及燃氣供應業,銷售額,百萬元,685,102582
2016,臺南市,電力及燃氣供應業,銷售額,百萬元,429,90199
2016,高雄市,電力及燃氣供應業,銷售額,百萬元,571,136502
2016,基隆市,電力及燃氣供應業,銷售額,百萬元, , 
2016,宜蘭縣,電力及燃氣供應業,銷售額,百萬元,345,93493
2016,新竹市,電力及燃氣供應業,銷售額,百萬元,197, 
2016,新竹縣,電力及燃氣供應業,銷售額,百萬元,156, 
2016,苗栗縣,電力及燃氣供應業,銷售額,百萬元,168, 
2016,彰化縣,電力及燃氣供應業,銷售額,百萬元,383,62645
2016,南投縣,電力及燃氣供應業,銷售額,百萬元,20, 
2016,雲林縣,電力及燃氣供應業,銷售額,百萬元,357, 
2016,嘉義市,電力及燃氣供應業,銷售額,百萬元,149, 
2016,嘉義縣,電力及燃氣供應業,銷售額,百萬元,327,0
2016,屏東縣,電力及燃氣供應業,銷售額,百萬元,250, 
2016,澎湖縣,電力及燃氣供應業,銷售額,百萬元,0, 
2016,花蓮縣,電力及燃氣供應業,銷售額,百萬元,89, 
2016,臺東縣,電力及燃氣供應業,銷售額,百萬元,35, 
2016,金門縣,電力及燃氣供應業,銷售額,百萬元, , 
2016,連江縣,電力及燃氣供應業,銷售額,百萬元,0, 
2016,總計,用水供應及污染整治業,銷售額,百萬元,55809,117583
2016,臺北市,用水供應及污染整治業,銷售額,百萬元,5036,22773
2016,新北市,用水供應及污染整治業,銷售額,百萬元,8033,6089
2016,桃園縣,用水供應及污染整治業,銷售額,百萬元,7582,21624
2016,臺中市,用水供應及污染整治業,銷售額,百萬元,7700,12838
2016,臺南市,用水供應及污染整治業,銷售額,百萬元,4366,6997
2016,高雄市,用水供應及污染整治業,銷售額,百萬元,8989,26881
2016,基隆市,用水供應及污染整治業,銷售額,百萬元,804, 
2016,宜蘭縣,用水供應及污染整治業,銷售額,百萬元,610, 
2016,新竹市,用水供應及污染整治業,銷售額,百萬元,1143,2898
2016,新竹縣,用水供應及污染整治業,銷售額,百萬元,1021,2300
2016,苗栗縣,用水供應及污染整治業,銷售額,百萬元,1083, 
2016,彰化縣,用水供應及污染整治業,銷售額,百萬元,2796,3840
2016,南投縣,用水供應及污染整治業,銷售額,百萬元,779, 
2016,雲林縣,用水供應及污染整治業,銷售額,百萬元,1809,2700
2016,嘉義市,用水供應及污染整治業,銷售額,百萬元,513, 
2016,嘉義縣,用水供應及污染整治業,銷售額,百萬元,1308,1739
2016,屏東縣,用水供應及污染整治業,銷售額,百萬元,1012,3326
2016,澎湖縣,用水供應及污染整治業,銷售額,百萬元,124,0
2016,花蓮縣,用水供應及污染整治業,銷售額,百萬元,568, 
2016,臺東縣,用水供應及污染整治業,銷售額,百萬元,282, 
2016,金門縣,用水供應及污染整治業,銷售額,百萬元,218,0
2016,連江縣,用水供應及污染整治業,銷售額,百萬元,33,0
2016,總計,營建工程業,銷售額,百萬元,1417221,731281
2016,臺北市,營建工程業,銷售額,百萬元,247872,407755
2016,新北市,營建工程業,銷售額,百萬元,256911,75962
2016,桃園縣,營建工程業,銷售額,百萬元,144001,27424
2016,臺中市,營建工程業,銷售額,百萬元,184992,80133
2016,臺南市,營建工程業,銷售額,百萬元,76739,21951
2016,高雄市,營建工程業,銷售額,百萬元,178006,72265
2016,基隆市,營建工程業,銷售額,百萬元,15691, 
2016,宜蘭縣,營建工程業,銷售額,百萬元,25269,6295
2016,新竹市,營建工程業,銷售額,百萬元,36591,12961
2016,新竹縣,營建工程業,銷售額,百萬元,36026,8204
2016,苗栗縣,營建工程業,銷售額,百萬元,24367,4441
2016,彰化縣,營建工程業,銷售額,百萬元,43939,2488
2016,南投縣,營建工程業,銷售額,百萬元,15058, 
2016,雲林縣,營建工程業,銷售額,百萬元,44518,1526
2016,嘉義市,營建工程業,銷售額,百萬元,13105,2150
2016,嘉義縣,營建工程業,銷售額,百萬元,17166, 
2016,屏東縣,營建工程業,銷售額,百萬元,23048,2094
2016,澎湖縣,營建工程業,銷售額,百萬元,4285, 
2016,花蓮縣,營建工程業,銷售額,百萬元,14579,2788
2016,臺東縣,營建工程業,銷售額,百萬元,6970, 
2016,金門縣,營建工程業,銷售額,百萬元,7005, 
2016,連江縣,營建工程業,銷售額,百萬元,1082, 
2016,總計,批發及零售業,銷售額,百萬元,4338504,9375411
2016,臺北市,批發及零售業,銷售額,百萬元,913040,4312434
2016,新北市,批發及零售業,銷售額,百萬元,766846,1139770
2016,桃園縣,批發及零售業,銷售額,百萬元,384191,744898
2016,臺中市,批發及零售業,銷售額,百萬元,598478,755451
2016,臺南市,批發及零售業,銷售額,百萬元,308262,414513
2016,高雄市,批發及零售業,銷售額,百萬元,508805,934640
2016,基隆市,批發及零售業,銷售額,百萬元,35880,16333
2016,宜蘭縣,批發及零售業,銷售額,百萬元,50141,41712
2016,新竹市,批發及零售業,銷售額,百萬元,75294,218500
2016,新竹縣,批發及零售業,銷售額,百萬元,78533,159548
2016,苗栗縣,批發及零售業,銷售額,百萬元,54817,115602
2016,彰化縣,批發及零售業,銷售額,百萬元,184129,167259
2016,南投縣,批發及零售業,銷售額,百萬元,49127,33475
2016,雲林縣,批發及零售業,銷售額,百萬元,67048,73866
2016,嘉義市,批發及零售業,銷售額,百萬元,47977,63850
2016,嘉義縣,批發及零售業,銷售額,百萬元,46913,36123
2016,屏東縣,批發及零售業,銷售額,百萬元,81623,88914
2016,澎湖縣,批發及零售業,銷售額,百萬元,8910,4679
2016,花蓮縣,批發及零售業,銷售額,百萬元,39247,29971
2016,臺東縣,批發及零售業,銷售額,百萬元,22095,17047
2016,金門縣,批發及零售業,銷售額,百萬元,16182,6638
2016,連江縣,批發及零售業,銷售額,百萬元,966, 
2016,總計,運輸及倉儲業,銷售額,百萬元,270968,870625
2016,臺北市,運輸及倉儲業,銷售額,百萬元,51694,448872
2016,新北市,運輸及倉儲業,銷售額,百萬元,32017,81818
2016,桃園縣,運輸及倉儲業,銷售額,百萬元,30022,156510
2016,臺中市,運輸及倉儲業,銷售額,百萬元,30061,27719
2016,臺南市,運輸及倉儲業,銷售額,百萬元,14679,10681
2016,高雄市,運輸及倉儲業,銷售額,百萬元,49267,76259
2016,基隆市,運輸及倉儲業,銷售額,百萬元,10917,23653
2016,宜蘭縣,運輸及倉儲業,銷售額,百萬元,6318,2542
2016,新竹市,運輸及倉儲業,銷售額,百萬元,2993,4642
2016,新竹縣,運輸及倉儲業,銷售額,百萬元,4393,5706
2016,苗栗縣,運輸及倉儲業,銷售額,百萬元,4229,1502
2016,彰化縣,運輸及倉儲業,銷售額,百萬元,9916,3435
2016,南投縣,運輸及倉儲業,銷售額,百萬元,3714, 
2016,雲林縣,運輸及倉儲業,銷售額,百萬元,4316,7600
2016,嘉義市,運輸及倉儲業,銷售額,百萬元,3046,1821
2016,嘉義縣,運輸及倉儲業,銷售額,百萬元,2290, 
2016,屏東縣,運輸及倉儲業,銷售額,百萬元,3524, 
2016,澎湖縣,運輸及倉儲業,銷售額,百萬元,1013, 
2016,花蓮縣,運輸及倉儲業,銷售額,百萬元,3326,1996
2016,臺東縣,運輸及倉儲業,銷售額,百萬元,1469, 
2016,金門縣,運輸及倉儲業,銷售額,百萬元,1381,2266
2016,連江縣,運輸及倉儲業,銷售額,百萬元,382, 
2016,總計,住宿及餐飲業,銷售額,百萬元,442287,179895
2016,臺北市,住宿及餐飲業,銷售額,百萬元,106858,97682
2016,新北市,住宿及餐飲業,銷售額,百萬元,52752,8580
2016,桃園縣,住宿及餐飲業,銷售額,百萬元,36990,14256
2016,臺中市,住宿及餐飲業,銷售額,百萬元,56505,14607
2016,臺南市,住宿及餐飲業,銷售額,百萬元,32740,4718
2016,高雄市,住宿及餐飲業,銷售額,百萬元,49435,13064
2016,基隆市,住宿及餐飲業,銷售額,百萬元,5203, 
2016,宜蘭縣,住宿及餐飲業,銷售額,百萬元,8054,4014
2016,新竹市,住宿及餐飲業,銷售額,百萬元,10636,3230
2016,新竹縣,住宿及餐飲業,銷售額,百萬元,8996,3581
2016,苗栗縣,住宿及餐飲業,銷售額,百萬元,6824, 
2016,彰化縣,住宿及餐飲業,銷售額,百萬元,12732,873
2016,南投縣,住宿及餐飲業,銷售額,百萬元,8668,3228
2016,雲林縣,住宿及餐飲業,銷售額,百萬元,5390, 
2016,嘉義市,住宿及餐飲業,銷售額,百萬元,7025, 
2016,嘉義縣,住宿及餐飲業,銷售額,百萬元,4299, 
2016,屏東縣,住宿及餐飲業,銷售額,百萬元,11484,4059
2016,澎湖縣,住宿及餐飲業,銷售額,百萬元,2031, 
2016,花蓮縣,住宿及餐飲業,銷售額,百萬元,8344,2801
2016,臺東縣,住宿及餐飲業,銷售額,百萬元,5747,1798
2016,金門縣,住宿及餐飲業,銷售額,百萬元,1295, 
2016,連江縣,住宿及餐飲業,銷售額,百萬元,276,0
2016,總計,出版、影音製作、傳播及資通訊服務業,銷售額,百萬元,119942,944914
2016,臺北市,出版、影音製作、傳播及資通訊服務業,銷售額,百萬元,64357,682383
2016,新北市,出版、影音製作、傳播及資通訊服務業,銷售額,百萬元,18461,73378
2016,桃園縣,出版、影音製作、傳播及資通訊服務業,銷售額,百萬元,4786,9796
2016,臺中市,出版、影音製作、傳播及資通訊服務業,銷售額,百萬元,9945,37095
2016,臺南市,出版、影音製作、傳播及資通訊服務業,銷售額,百萬元,4055,15684
2016,高雄市,出版、影音製作、傳播及資通訊服務業,銷售額,百萬元,7552,34421
2016,基隆市,出版、影音製作、傳播及資通訊服務業,銷售額,百萬元,514, 
2016,宜蘭縣,出版、影音製作、傳播及資通訊服務業,銷售額,百萬元,557, 
2016,新竹市,出版、影音製作、傳播及資通訊服務業,銷售額,百萬元,2564,22748
2016,新竹縣,出版、影音製作、傳播及資通訊服務業,銷售額,百萬元,1886,19914
2016,苗栗縣,出版、影音製作、傳播及資通訊服務業,銷售額,百萬元,711, 
2016,彰化縣,出版、影音製作、傳播及資通訊服務業,銷售額,百萬元,983, 
2016,南投縣,出版、影音製作、傳播及資通訊服務業,銷售額,百萬元,628, 
2016,雲林縣,出版、影音製作、傳播及資通訊服務業,銷售額,百萬元,599, 
2016,嘉義市,出版、影音製作、傳播及資通訊服務業,銷售額,百萬元,465, 
2016,嘉義縣,出版、影音製作、傳播及資通訊服務業,銷售額,百萬元,394, 
2016,屏東縣,出版、影音製作、傳播及資通訊服務業,銷售額,百萬元,580, 
2016,澎湖縣,出版、影音製作、傳播及資通訊服務業,銷售額,百萬元,95, 
2016,花蓮縣,出版、影音製作、傳播及資通訊服務業,銷售額,百萬元,398, 
2016,臺東縣,出版、影音製作、傳播及資通訊服務業,銷售額,百萬元,149, 
2016,金門縣,出版、影音製作、傳播及資通訊服務業,銷售額,百萬元,249, 
2016,連江縣,出版、影音製作、傳播及資通訊服務業,銷售額,百萬元,13, 
2016,總計,金融及保險業,銷售額,百萬元,203068,2074204
2016,臺北市,金融及保險業,銷售額,百萬元,69303,1724942
2016,新北市,金融及保險業,銷售額,百萬元,29139,73103
2016,桃園縣,金融及保險業,銷售額,百萬元,10751,47520
2016,臺中市,金融及保險業,銷售額,百萬元,20389,74065
2016,臺南市,金融及保險業,銷售額,百萬元,13192,24703
2016,高雄市,金融及保險業,銷售額,百萬元,20913,56095
2016,基隆市,金融及保險業,銷售額,百萬元,2513,2728
2016,宜蘭縣,金融及保險業,銷售額,百萬元,1884,5943
2016,新竹市,金融及保險業,銷售額,百萬元,3555,15087
2016,新竹縣,金融及保險業,銷售額,百萬元,3166,7093
2016,苗栗縣,金融及保險業,銷售額,百萬元,2533,4384
2016,彰化縣,金融及保險業,銷售額,百萬元,7603,10006
2016,南投縣,金融及保險業,銷售額,百萬元,2604,3591
2016,雲林縣,金融及保險業,銷售額,百萬元,3155,5933
2016,嘉義市,金融及保險業,銷售額,百萬元,2814,5120
2016,嘉義縣,金融及保險業,銷售額,百萬元,1166,4259
2016,屏東縣,金融及保險業,銷售額,百萬元,4295,4813
2016,澎湖縣,金融及保險業,銷售額,百萬元,422, 
2016,花蓮縣,金融及保險業,銷售額,百萬元,2044,3240
2016,臺東縣,金融及保險業,銷售額,百萬元,1362,954
2016,金門縣,金融及保險業,銷售額,百萬元,255, 
2016,連江縣,金融及保險業,銷售額,百萬元, ,0
2016,總計,不動產業,銷售額,百萬元,230233,830276
2016,臺北市,不動產業,銷售額,百萬元,55848,401453
2016,新北市,不動產業,銷售額,百萬元,31969,138395
2016,桃園縣,不動產業,銷售額,百萬元,21066,48204
2016,臺中市,不動產業,銷售額,百萬元,34214,111614
2016,臺南市,不動產業,銷售額,百萬元,15236,19260
2016,高雄市,不動產業,銷售額,百萬元,20906,58464
2016,基隆市,不動產業,銷售額,百萬元,1124, 
2016,宜蘭縣,不動產業,銷售額,百萬元,4921,1929
2016,新竹市,不動產業,銷售額,百萬元,6795,12188
2016,新竹縣,不動產業,銷售額,百萬元,6114,17098
2016,苗栗縣,不動產業,銷售額,百萬元,4188,3561
2016,彰化縣,不動產業,銷售額,百萬元,8286,4359
2016,南投縣,不動產業,銷售額,百萬元,1925, 
2016,雲林縣,不動產業,銷售額,百萬元,3521,1997
2016,嘉義市,不動產業,銷售額,百萬元,3751,2254
2016,嘉義縣,不動產業,銷售額,百萬元,1476, 
2016,屏東縣,不動產業,銷售額,百萬元,2335,1189
2016,澎湖縣,不動產業,銷售額,百萬元,639,0
2016,花蓮縣,不動產業,銷售額,百萬元,2958, 
2016,臺東縣,不動產業,銷售額,百萬元,1373,1056
2016,金門縣,不動產業,銷售額,百萬元,1589,977
2016,連江縣,不動產業,銷售額,百萬元, ,0
2016,總計,專業、科學及技術服務業,銷售額,百萬元,213510,491667
2016,臺北市,專業、科學及技術服務業,銷售額,百萬元,99315,253503
2016,新北市,專業、科學及技術服務業,銷售額,百萬元,33154,45031
2016,桃園縣,專業、科學及技術服務業,銷售額,百萬元,13892,24522
2016,臺中市,專業、科學及技術服務業,銷售額,百萬元,23194,14143
2016,臺南市,專業、科學及技術服務業,銷售額,百萬元,8137,3087
2016,高雄市,專業、科學及技術服務業,銷售額,百萬元,15062,28592
2016,基隆市,專業、科學及技術服務業,銷售額,百萬元,1132, 
2016,宜蘭縣,專業、科學及技術服務業,銷售額,百萬元,1539, 
2016,新竹市,專業、科學及技術服務業,銷售額,百萬元,3793,497
2016,新竹縣,專業、科學及技術服務業,銷售額,百萬元,3615,83080
2016,苗栗縣,專業、科學及技術服務業,銷售額,百萬元,987, 
2016,彰化縣,專業、科學及技術服務業,銷售額,百萬元,2376,31670
2016,南投縣,專業、科學及技術服務業,銷售額,百萬元,1156,1680
2016,雲林縣,專業、科學及技術服務業,銷售額,百萬元,1552,0
2016,嘉義市,專業、科學及技術服務業,銷售額,百萬元,1018, 
2016,嘉義縣,專業、科學及技術服務業,銷售額,百萬元,887,0
2016,屏東縣,專業、科學及技術服務業,銷售額,百萬元,1097, 
2016,澎湖縣,專業、科學及技術服務業,銷售額,百萬元,46,0
2016,花蓮縣,專業、科學及技術服務業,銷售額,百萬元,643, 
2016,臺東縣,專業、科學及技術服務業,銷售額,百萬元,566,0
2016,金門縣,專業、科學及技術服務業,銷售額,百萬元,264,0
2016,連江縣,專業、科學及技術服務業,銷售額,百萬元,87,0
2016,總計,支援服務業,銷售額,百萬元,147708,392444
2016,臺北市,支援服務業,銷售額,百萬元,34990,314652
2016,新北市,支援服務業,銷售額,百萬元,21802,456
2016,桃園縣,支援服務業,銷售額,百萬元,17910,383
2016,臺中市,支援服務業,銷售額,百萬元,19588,13394
2016,臺南市,支援服務業,銷售額,百萬元,7650,15612
2016,高雄市,支援服務業,銷售額,百萬元,18885,19477
2016,基隆市,支援服務業,銷售額,百萬元,1646,5127
2016,宜蘭縣,支援服務業,銷售額,百萬元,1529, 
2016,新竹市,支援服務業,銷售額,百萬元,3582,802
2016,新竹縣,支援服務業,銷售額,百萬元,2868,824
2016,苗栗縣,支援服務業,銷售額,百萬元,2204, 
2016,彰化縣,支援服務業,銷售額,百萬元,3338,4131
2016,南投縣,支援服務業,銷售額,百萬元,1216, 
2016,雲林縣,支援服務業,銷售額,百萬元,1560, 
2016,嘉義市,支援服務業,銷售額,百萬元,1548, 
2016,嘉義縣,支援服務業,銷售額,百萬元,1290,0
2016,屏東縣,支援服務業,銷售額,百萬元,2068, 
2016,澎湖縣,支援服務業,銷售額,百萬元,825,0
2016,花蓮縣,支援服務業,銷售額,百萬元,1446, 
2016,臺東縣,支援服務業,銷售額,百萬元,960,0
2016,金門縣,支援服務業,銷售額,百萬元,759,0
2016,連江縣,支援服務業,銷售額,百萬元,43,0
2016,總計,教育業,銷售額,百萬元,10985,5018
2016,臺北市,教育業,銷售額,百萬元,3870,2165
2016,新北市,教育業,銷售額,百萬元,1114,0
2016,桃園縣,教育業,銷售額,百萬元,700,0
2016,臺中市,教育業,銷售額,百萬元,1658, 
2016,臺南市,教育業,銷售額,百萬元,682,1213
2016,高雄市,教育業,銷售額,百萬元,1476,0
2016,基隆市,教育業,銷售額,百萬元,30,1004
2016,宜蘭縣,教育業,銷售額,百萬元,63,0
2016,新竹市,教育業,銷售額,百萬元,415,0
2016,新竹縣,教育業,銷售額,百萬元,123,0
2016,苗栗縣,教育業,銷售額,百萬元,65,0
2016,彰化縣,教育業,銷售額,百萬元,182,0
2016,南投縣,教育業,銷售額,百萬元,57,0
2016,雲林縣,教育業,銷售額,百萬元,94,0
2016,嘉義市,教育業,銷售額,百萬元,181,0
2016,嘉義縣,教育業,銷售額,百萬元,20,0
2016,屏東縣,教育業,銷售額,百萬元,150, 
2016,澎湖縣,教育業,銷售額,百萬元,13,0
2016,花蓮縣,教育業,銷售額,百萬元,48,0
2016,臺東縣,教育業,銷售額,百萬元,38,0
2016,金門縣,教育業,銷售額,百萬元,8,0
2016,連江縣,教育業,銷售額,百萬元, ,0
2016,總計,醫療保健及社會工作服務業,銷售額,百萬元,2730,25087
2016,臺北市,醫療保健及社會工作服務業,銷售額,百萬元,1091,3063
2016,新北市,醫療保健及社會工作服務業,銷售額,百萬元,262, 
2016,桃園縣,醫療保健及社會工作服務業,銷售額,百萬元,134,0
2016,臺中市,醫療保健及社會工作服務業,銷售額,百萬元,231, 
2016,臺南市,醫療保健及社會工作服務業,銷售額,百萬元,181, 
2016,高雄市,醫療保健及社會工作服務業,銷售額,百萬元,281, 
2016,基隆市,醫療保健及社會工作服務業,銷售額,百萬元,40,117
2016,宜蘭縣,醫療保健及社會工作服務業,銷售額,百萬元,28,259
2016,新竹市,醫療保健及社會工作服務業,銷售額,百萬元,36,0
2016,新竹縣,醫療保健及社會工作服務業,銷售額,百萬元,147,0
2016,苗栗縣,醫療保健及社會工作服務業,銷售額,百萬元,5,0
2016,彰化縣,醫療保健及社會工作服務業,銷售額,百萬元,72,0
2016,南投縣,醫療保健及社會工作服務業,銷售額,百萬元,28,0
2016,雲林縣,醫療保健及社會工作服務業,銷售額,百萬元,20,0
2016,嘉義市,醫療保健及社會工作服務業,銷售額,百萬元,20,0
2016,嘉義縣,醫療保健及社會工作服務業,銷售額,百萬元, ,0
2016,屏東縣,醫療保健及社會工作服務業,銷售額,百萬元,52,0
2016,澎湖縣,醫療保健及社會工作服務業,銷售額,百萬元, ,0
2016,花蓮縣,醫療保健及社會工作服務業,銷售額,百萬元,79,0
2016,臺東縣,醫療保健及社會工作服務業,銷售額,百萬元,19,0
2016,金門縣,醫療保健及社會工作服務業,銷售額,百萬元, ,0
2016,連江縣,醫療保健及社會工作服務業,銷售額,百萬元,0,0
2016,總計,藝術、娛樂及休閒服務業,銷售額,百萬元,55881,35525
2016,臺北市,藝術、娛樂及休閒服務業,銷售額,百萬元,14649,17570
2016,新北市,藝術、娛樂及休閒服務業,銷售額,百萬元,8027,100
2016,桃園縣,藝術、娛樂及休閒服務業,銷售額,百萬元,4185,1728
2016,臺中市,藝術、娛樂及休閒服務業,銷售額,百萬元,6535,1992
2016,臺南市,藝術、娛樂及休閒服務業,銷售額,百萬元,3678,1331
2016,高雄市,藝術、娛樂及休閒服務業,銷售額,百萬元,6049,3802
2016,基隆市,藝術、娛樂及休閒服務業,銷售額,百萬元,932,1024
2016,宜蘭縣,藝術、娛樂及休閒服務業,銷售額,百萬元,1071, 
2016,新竹市,藝術、娛樂及休閒服務業,銷售額,百萬元,1174, 
2016,新竹縣,藝術、娛樂及休閒服務業,銷售額,百萬元,1198, 
2016,苗栗縣,藝術、娛樂及休閒服務業,銷售額,百萬元,924, 
2016,彰化縣,藝術、娛樂及休閒服務業,銷售額,百萬元,1475, 
2016,南投縣,藝術、娛樂及休閒服務業,銷售額,百萬元,993, 
2016,雲林縣,藝術、娛樂及休閒服務業,銷售額,百萬元,727,0
2016,嘉義市,藝術、娛樂及休閒服務業,銷售額,百萬元,877,531
2016,嘉義縣,藝術、娛樂及休閒服務業,銷售額,百萬元,460,0
2016,屏東縣,藝術、娛樂及休閒服務業,銷售額,百萬元,1529, 
2016,澎湖縣,藝術、娛樂及休閒服務業,銷售額,百萬元,180,0
2016,花蓮縣,藝術、娛樂及休閒服務業,銷售額,百萬元,656, 
2016,臺東縣,藝術、娛樂及休閒服務業,銷售額,百萬元,398,0
2016,金門縣,藝術、娛樂及休閒服務業,銷售額,百萬元,131,0
2016,連江縣,藝術、娛樂及休閒服務業,銷售額,百萬元,31,0
2016,總計,其他服務業,銷售額,百萬元,124982,112062
2016,臺北市,其他服務業,銷售額,百萬元,24363,59719
2016,新北市,其他服務業,銷售額,百萬元,14810,9138
2016,桃園縣,其他服務業,銷售額,百萬元,10615,9487
2016,臺中市,其他服務業,銷售額,百萬元,15964,7705
2016,臺南市,其他服務業,銷售額,百萬元,10296, 
2016,高雄市,其他服務業,銷售額,百萬元,14855,8875
2016,基隆市,其他服務業,銷售額,百萬元,1831, 
2016,宜蘭縣,其他服務業,銷售額,百萬元,2346, 
2016,新竹市,其他服務業,銷售額,百萬元,2825, 
2016,新竹縣,其他服務業,銷售額,百萬元,2689, 
2016,苗栗縣,其他服務業,銷售額,百萬元,2276, 
2016,彰化縣,其他服務業,銷售額,百萬元,6141, 
2016,南投縣,其他服務業,銷售額,百萬元,2189, 
2016,雲林縣,其他服務業,銷售額,百萬元,2419,1903
2016,嘉義市,其他服務業,銷售額,百萬元,2123, 
2016,嘉義縣,其他服務業,銷售額,百萬元,1612, 
2016,屏東縣,其他服務業,銷售額,百萬元,4204, 
2016,澎湖縣,其他服務業,銷售額,百萬元,411,0
2016,花蓮縣,其他服務業,銷售額,百萬元,1637,185
2016,臺東縣,其他服務業,銷售額,百萬元,1012,0
2016,金門縣,其他服務業,銷售額,百萬元,317,0
2016,連江縣,其他服務業,銷售額,百萬元,50,0
2017,總計,農林漁牧業,銷售額,百萬元,27489,26179
2017,臺北市,農林漁牧業,銷售額,百萬元,2380,11702
2017,新北市,農林漁牧業,銷售額,百萬元,2328, 
2017,桃園縣,農林漁牧業,銷售額,百萬元,1966, 
2017,臺中市,農林漁牧業,銷售額,百萬元,1684, 
2017,臺南市,農林漁牧業,銷售額,百萬元,1961,4266
2017,高雄市,農林漁牧業,銷售額,百萬元,7792,1360
2017,基隆市,農林漁牧業,銷售額,百萬元,208,0
2017,宜蘭縣,農林漁牧業,銷售額,百萬元,764,719
2017,新竹市,農林漁牧業,銷售額,百萬元,120,0
2017,新竹縣,農林漁牧業,銷售額,百萬元,304, 
2017,苗栗縣,農林漁牧業,銷售額,百萬元,316, 
2017,彰化縣,農林漁牧業,銷售額,百萬元,1723,0
2017,南投縣,農林漁牧業,銷售額,百萬元,1078, 
2017,雲林縣,農林漁牧業,銷售額,百萬元,1102, 
2017,嘉義市,農林漁牧業,銷售額,百萬元,180,254
2017,嘉義縣,農林漁牧業,銷售額,百萬元,829, 
2017,屏東縣,農林漁牧業,銷售額,百萬元,1647,2098
2017,澎湖縣,農林漁牧業,銷售額,百萬元,168,0
2017,花蓮縣,農林漁牧業,銷售額,百萬元,386,0
2017,臺東縣,農林漁牧業,銷售額,百萬元,443, 
2017,金門縣,農林漁牧業,銷售額,百萬元,104,0
2017,連江縣,農林漁牧業,銷售額,百萬元,6,0
2017,總計,礦業及土石採取業,銷售額,百萬元,29301,14153
2017,臺北市,礦業及土石採取業,銷售額,百萬元,786,7098
2017,新北市,礦業及土石採取業,銷售額,百萬元,2098, 
2017,桃園縣,礦業及土石採取業,銷售額,百萬元,1171, 
2017,臺中市,礦業及土石採取業,銷售額,百萬元,3590, 
2017,臺南市,礦業及土石採取業,銷售額,百萬元,723,0
2017,高雄市,礦業及土石採取業,銷售額,百萬元,1336, 
2017,基隆市,礦業及土石採取業,銷售額,百萬元, ,0
2017,宜蘭縣,礦業及土石採取業,銷售額,百萬元,2288,109
2017,新竹市,礦業及土石採取業,銷售額,百萬元,175,0
2017,新竹縣,礦業及土石採取業,銷售額,百萬元,1425, 
2017,苗栗縣,礦業及土石採取業,銷售額,百萬元,1299,0
2017,彰化縣,礦業及土石採取業,銷售額,百萬元,182,0
2017,南投縣,礦業及土石採取業,銷售額,百萬元,1403,0
2017,雲林縣,礦業及土石採取業,銷售額,百萬元,850,0
2017,嘉義市,礦業及土石採取業,銷售額,百萬元, ,676
2017,嘉義縣,礦業及土石採取業,銷售額,百萬元,108,0
2017,屏東縣,礦業及土石採取業,銷售額,百萬元,1835,0
2017,澎湖縣,礦業及土石採取業,銷售額,百萬元,328,0
2017,花蓮縣,礦業及土石採取業,銷售額,百萬元,2851, 
2017,臺東縣,礦業及土石採取業,銷售額,百萬元,1021,0
2017,金門縣,礦業及土石採取業,銷售額,百萬元, ,0
2017,連江縣,礦業及土石採取業,銷售額,百萬元,0,0
2017,總計,製造業,銷售額,百萬元,4279857,10226196
2017,臺北市,製造業,銷售額,百萬元,246359,1337054
2017,新北市,製造業,銷售額,百萬元,674621,929634
2017,桃園縣,製造業,銷售額,百萬元,577958,971039
2017,臺中市,製造業,銷售額,百萬元,745829,858506
2017,臺南市,製造業,銷售額,百萬元,409125,700477
2017,高雄市,製造業,銷售額,百萬元,467838,1509203
2017,基隆市,製造業,銷售額,百萬元,9211,13504
2017,宜蘭縣,製造業,銷售額,百萬元,64109,29417
2017,新竹市,製造業,銷售額,百萬元,70229,1514964
2017,新竹縣,製造業,銷售額,百萬元,99332,507475
2017,苗栗縣,製造業,銷售額,百萬元,152248,364419
2017,彰化縣,製造業,銷售額,百萬元,331652,482254
2017,南投縣,製造業,銷售額,百萬元,43548,80076
2017,雲林縣,製造業,銷售額,百萬元,215637,774255
2017,嘉義市,製造業,銷售額,百萬元,21827,3627
2017,嘉義縣,製造業,銷售額,百萬元,91440,48488
2017,屏東縣,製造業,銷售額,百萬元,41823,70931
2017,澎湖縣,製造業,銷售額,百萬元,711,511
2017,花蓮縣,製造業,銷售額,百萬元,11855,17646
2017,臺東縣,製造業,銷售額,百萬元,3279, 
2017,金門縣,製造業,銷售額,百萬元,1213, 
2017,連江縣,製造業,銷售額,百萬元,15,0
2017,總計,電力及燃氣供應業,銷售額,百萬元,7316,835845
2017,臺北市,電力及燃氣供應業,銷售額,百萬元,1444,75325
2017,新北市,電力及燃氣供應業,銷售額,百萬元,637,44052
2017,桃園縣,電力及燃氣供應業,銷售額,百萬元,511,96760
2017,臺中市,電力及燃氣供應業,銷售額,百萬元,920,105747
2017,臺南市,電力及燃氣供應業,銷售額,百萬元,444,94891
2017,高雄市,電力及燃氣供應業,銷售額,百萬元,629,155706
2017,基隆市,電力及燃氣供應業,銷售額,百萬元, , 
2017,宜蘭縣,電力及燃氣供應業,銷售額,百萬元,291, 
2017,新竹市,電力及燃氣供應業,銷售額,百萬元,121,63647
2017,新竹縣,電力及燃氣供應業,銷售額,百萬元,102, 
2017,苗栗縣,電力及燃氣供應業,銷售額,百萬元,184, 
2017,彰化縣,電力及燃氣供應業,銷售額,百萬元,449,36570
2017,南投縣,電力及燃氣供應業,銷售額,百萬元,64, 
2017,雲林縣,電力及燃氣供應業,銷售額,百萬元,515, 
2017,嘉義市,電力及燃氣供應業,銷售額,百萬元,195, 
2017,嘉義縣,電力及燃氣供應業,銷售額,百萬元,303, 
2017,屏東縣,電力及燃氣供應業,銷售額,百萬元,259,13444
2017,澎湖縣,電力及燃氣供應業,銷售額,百萬元,0, 
2017,花蓮縣,電力及燃氣供應業,銷售額,百萬元,96, 
2017,臺東縣,電力及燃氣供應業,銷售額,百萬元,35, 
2017,金門縣,電力及燃氣供應業,銷售額,百萬元, , 
2017,連江縣,電力及燃氣供應業,銷售額,百萬元,0, 
2017,總計,用水供應及污染整治業,銷售額,百萬元,60108,148457
2017,臺北市,用水供應及污染整治業,銷售額,百萬元,5575,35138
2017,新北市,用水供應及污染整治業,銷售額,百萬元,8744,7830
2017,桃園縣,用水供應及污染整治業,銷售額,百萬元,8288,24048
2017,臺中市,用水供應及污染整治業,銷售額,百萬元,7762,15852
2017,臺南市,用水供應及污染整治業,銷售額,百萬元,4859,8531
2017,高雄市,用水供應及污染整治業,銷售額,百萬元,9622,32614
2017,基隆市,用水供應及污染整治業,銷售額,百萬元,1059, 
2017,宜蘭縣,用水供應及污染整治業,銷售額,百萬元,784, 
2017,新竹市,用水供應及污染整治業,銷售額,百萬元,1223,2614
2017,新竹縣,用水供應及污染整治業,銷售額,百萬元,1271,2687
2017,苗栗縣,用水供應及污染整治業,銷售額,百萬元,1200, 
2017,彰化縣,用水供應及污染整治業,銷售額,百萬元,2629,5775
2017,南投縣,用水供應及污染整治業,銷售額,百萬元,807, 
2017,雲林縣,用水供應及污染整治業,銷售額,百萬元,1867,3254
2017,嘉義市,用水供應及污染整治業,銷售額,百萬元,630, 
2017,嘉義縣,用水供應及污染整治業,銷售額,百萬元,1481,2004
2017,屏東縣,用水供應及污染整治業,銷售額,百萬元,1293,4135
2017,澎湖縣,用水供應及污染整治業,銷售額,百萬元,30, 
2017,花蓮縣,用水供應及污染整治業,銷售額,百萬元,584, 
2017,臺東縣,用水供應及污染整治業,銷售額,百萬元,247, 
2017,金門縣,用水供應及污染整治業,銷售額,百萬元,119, 
2017,連江縣,用水供應及污染整治業,銷售額,百萬元, ,0
2017,總計,營建工程業,銷售額,百萬元,1412521,721154
2017,臺北市,營建工程業,銷售額,百萬元,215372,393845
2017,新北市,營建工程業,銷售額,百萬元,253632,79259
2017,桃園縣,營建工程業,銷售額,百萬元,145406,26116
2017,臺中市,營建工程業,銷售額,百萬元,191611,73435
2017,臺南市,營建工程業,銷售額,百萬元,81308,21277
2017,高雄市,營建工程業,銷售額,百萬元,181851,77157
2017,基隆市,營建工程業,銷售額,百萬元,15574, 
2017,宜蘭縣,營建工程業,銷售額,百萬元,24911,5497
2017,新竹市,營建工程業,銷售額,百萬元,40702,16796
2017,新竹縣,營建工程業,銷售額,百萬元,35079,7880
2017,苗栗縣,營建工程業,銷售額,百萬元,24410,4237
2017,彰化縣,營建工程業,銷售額,百萬元,44413,2222
2017,南投縣,營建工程業,銷售額,百萬元,16470, 
2017,雲林縣,營建工程業,銷售額,百萬元,47429,2296
2017,嘉義市,營建工程業,銷售額,百萬元,13761,2310
2017,嘉義縣,營建工程業,銷售額,百萬元,18389,2194
2017,屏東縣,營建工程業,銷售額,百萬元,25137,2609
2017,澎湖縣,營建工程業,銷售額,百萬元,5226, 
2017,花蓮縣,營建工程業,銷售額,百萬元,15531,2712
2017,臺東縣,營建工程業,銷售額,百萬元,7651, 
2017,金門縣,營建工程業,銷售額,百萬元,7513,170
2017,連江縣,營建工程業,銷售額,百萬元,1144, 
2017,總計,批發及零售業,銷售額,百萬元,4397080,9989440
2017,臺北市,批發及零售業,銷售額,百萬元,906417,4629302
2017,新北市,批發及零售業,銷售額,百萬元,774403,1203063
2017,桃園縣,批發及零售業,銷售額,百萬元,396035,774514
2017,臺中市,批發及零售業,銷售額,百萬元,615175,792679
2017,臺南市,批發及零售業,銷售額,百萬元,313342,438129
2017,高雄市,批發及零售業,銷售額,百萬元,518748,1015670
2017,基隆市,批發及零售業,銷售額,百萬元,35153,18546
2017,宜蘭縣,批發及零售業,銷售額,百萬元,50997,42206
2017,新竹市,批發及零售業,銷售額,百萬元,75288,238807
2017,新竹縣,批發及零售業,銷售額,百萬元,81138,169347
2017,苗栗縣,批發及零售業,銷售額,百萬元,54704,114536
2017,彰化縣,批發及零售業,銷售額,百萬元,189357,181538
2017,南投縣,批發及零售業,銷售額,百萬元,49060,35225
2017,雲林縣,批發及零售業,銷售額,百萬元,69706,76743
2017,嘉義市,批發及零售業,銷售額,百萬元,48333,65926
2017,嘉義縣,批發及零售業,銷售額,百萬元,48158,40802
2017,屏東縣,批發及零售業,銷售額,百萬元,82955,97921
2017,澎湖縣,批發及零售業,銷售額,百萬元,9458,4895
2017,花蓮縣,批發及零售業,銷售額,百萬元,39382,28905
2017,臺東縣,批發及零售業,銷售額,百萬元,22141,13583
2017,金門縣,批發及零售業,銷售額,百萬元,16061,6887
2017,連江縣,批發及零售業,銷售額,百萬元,1069, 
2017,總計,運輸及倉儲業,銷售額,百萬元,721154,937539
2017,臺北市,運輸及倉儲業,銷售額,百萬元,393845,495361
2017,新北市,運輸及倉儲業,銷售額,百萬元,79259,85596
2017,桃園縣,運輸及倉儲業,銷售額,百萬元,26116,168171
2017,臺中市,運輸及倉儲業,銷售額,百萬元,73435,27589
2017,臺南市,運輸及倉儲業,銷售額,百萬元,21277,10675
2017,高雄市,運輸及倉儲業,銷售額,百萬元,77157,79421
2017,基隆市,運輸及倉儲業,銷售額,百萬元,231,24637
2017,宜蘭縣,運輸及倉儲業,銷售額,百萬元,5497,2538
2017,新竹市,運輸及倉儲業,銷售額,百萬元,16796,4640
2017,新竹縣,運輸及倉儲業,銷售額,百萬元,7880,5491
2017,苗栗縣,運輸及倉儲業,銷售額,百萬元,4237,1788
2017,彰化縣,運輸及倉儲業,銷售額,百萬元,2222,3561
2017,南投縣,運輸及倉儲業,銷售額,百萬元,252, 
2017,雲林縣,運輸及倉儲業,銷售額,百萬元,2296,7212
2017,嘉義市,運輸及倉儲業,銷售額,百萬元,2310,2550
2017,嘉義縣,運輸及倉儲業,銷售額,百萬元,2194, 
2017,屏東縣,運輸及倉儲業,銷售額,百萬元,2609, 
2017,澎湖縣,運輸及倉儲業,銷售額,百萬元,52, 
2017,花蓮縣,運輸及倉儲業,銷售額,百萬元,2712,1605
2017,臺東縣,運輸及倉儲業,銷售額,百萬元,403, 
2017,金門縣,運輸及倉儲業,銷售額,百萬元,170,2331
2017,連江縣,運輸及倉儲業,銷售額,百萬元,205, 
2017,總計,住宿及餐飲業,銷售額,百萬元,468385,186729
2017,臺北市,住宿及餐飲業,銷售額,百萬元,111123,97707
2017,新北市,住宿及餐飲業,銷售額,百萬元,55659,9500
2017,桃園縣,住宿及餐飲業,銷售額,百萬元,39775,15505
2017,臺中市,住宿及餐飲業,銷售額,百萬元,60857,16233
2017,臺南市,住宿及餐飲業,銷售額,百萬元,35133,5353
2017,高雄市,住宿及餐飲業,銷售額,百萬元,51811,14210
2017,基隆市,住宿及餐飲業,銷售額,百萬元,5475, 
2017,宜蘭縣,住宿及餐飲業,銷售額,百萬元,8477,4088
2017,新竹市,住宿及餐飲業,銷售額,百萬元,11269,3147
2017,新竹縣,住宿及餐飲業,銷售額,百萬元,10297,3623
2017,苗栗縣,住宿及餐飲業,銷售額,百萬元,7313, 
2017,彰化縣,住宿及餐飲業,銷售額,百萬元,13856,1258
2017,南投縣,住宿及餐飲業,銷售額,百萬元,8815,3580
2017,雲林縣,住宿及餐飲業,銷售額,百萬元,5879, 
2017,嘉義市,住宿及餐飲業,銷售額,百萬元,7662, 
2017,嘉義縣,住宿及餐飲業,銷售額,百萬元,4601, 
2017,屏東縣,住宿及餐飲業,銷售額,百萬元,12169,3736
2017,澎湖縣,住宿及餐飲業,銷售額,百萬元,2268, 
2017,花蓮縣,住宿及餐飲業,銷售額,百萬元,8277,2900
2017,臺東縣,住宿及餐飲業,銷售額,百萬元,5796,1749
2017,金門縣,住宿及餐飲業,銷售額,百萬元,1542, 
2017,連江縣,住宿及餐飲業,銷售額,百萬元,333,0
2017,總計,出版、影音製作、傳播及資通訊服務業,銷售額,百萬元,126785,966418
2017,臺北市,出版、影音製作、傳播及資通訊服務業,銷售額,百萬元,68430,700897
2017,新北市,出版、影音製作、傳播及資通訊服務業,銷售額,百萬元,19159,76838
2017,桃園縣,出版、影音製作、傳播及資通訊服務業,銷售額,百萬元,5322,9425
2017,臺中市,出版、影音製作、傳播及資通訊服務業,銷售額,百萬元,10822,37207
2017,臺南市,出版、影音製作、傳播及資通訊服務業,銷售額,百萬元,3986,16057
2017,高雄市,出版、影音製作、傳播及資通訊服務業,銷售額,百萬元,7678,30561
2017,基隆市,出版、影音製作、傳播及資通訊服務業,銷售額,百萬元,756, 
2017,宜蘭縣,出版、影音製作、傳播及資通訊服務業,銷售額,百萬元,547, 
2017,新竹市,出版、影音製作、傳播及資通訊服務業,銷售額,百萬元,2629,25697
2017,新竹縣,出版、影音製作、傳播及資通訊服務業,銷售額,百萬元,1980,21138
2017,苗栗縣,出版、影音製作、傳播及資通訊服務業,銷售額,百萬元,681,4551
2017,彰化縣,出版、影音製作、傳播及資通訊服務業,銷售額,百萬元,1130, 
2017,南投縣,出版、影音製作、傳播及資通訊服務業,銷售額,百萬元,714, 
2017,雲林縣,出版、影音製作、傳播及資通訊服務業,銷售額,百萬元,591, 
2017,嘉義市,出版、影音製作、傳播及資通訊服務業,銷售額,百萬元,585, 
2017,嘉義縣,出版、影音製作、傳播及資通訊服務業,銷售額,百萬元,315, 
2017,屏東縣,出版、影音製作、傳播及資通訊服務業,銷售額,百萬元,562, 
2017,澎湖縣,出版、影音製作、傳播及資通訊服務業,銷售額,百萬元,106, 
2017,花蓮縣,出版、影音製作、傳播及資通訊服務業,銷售額,百萬元,393, 
2017,臺東縣,出版、影音製作、傳播及資通訊服務業,銷售額,百萬元,149, 
2017,金門縣,出版、影音製作、傳播及資通訊服務業,銷售額,百萬元,237, 
2017,連江縣,出版、影音製作、傳播及資通訊服務業,銷售額,百萬元,12, 
2017,總計,金融及保險業,銷售額,百萬元,212859,2030287
2017,臺北市,金融及保險業,銷售額,百萬元,71392,1679724
2017,新北市,金融及保險業,銷售額,百萬元,30514,75277
2017,桃園縣,金融及保險業,銷售額,百萬元,11459,46671
2017,臺中市,金融及保險業,銷售額,百萬元,21823,74208
2017,臺南市,金融及保險業,銷售額,百萬元,13636,25976
2017,高雄市,金融及保險業,銷售額,百萬元,22952,56170
2017,基隆市,金融及保險業,銷售額,百萬元,2734,2511
2017,宜蘭縣,金融及保險業,銷售額,百萬元,1944,5825
2017,新竹市,金融及保險業,銷售額,百萬元,3800,14829
2017,新竹縣,金融及保險業,銷售額,百萬元,3584,6631
2017,苗栗縣,金融及保險業,銷售額,百萬元,2975,3847
2017,彰化縣,金融及保險業,銷售額,百萬元,8139,10123
2017,南投縣,金融及保險業,銷售額,百萬元,2254,4159
2017,雲林縣,金融及保險業,銷售額,百萬元,2954,5782
2017,嘉義市,金融及保險業,銷售額,百萬元,2794,5094
2017,嘉義縣,金融及保險業,銷售額,百萬元,1020,4330
2017,屏東縣,金融及保險業,銷售額,百萬元,4331,4730
2017,澎湖縣,金融及保險業,銷售額,百萬元,520, 
2017,花蓮縣,金融及保險業,銷售額,百萬元,2126,3091
2017,臺東縣,金融及保險業,銷售額,百萬元,1481,919
2017,金門縣,金融及保險業,銷售額,百萬元,415, 
2017,連江縣,金融及保險業,銷售額,百萬元, ,0
2017,總計,不動產業,銷售額,百萬元,256316,906413
2017,臺北市,不動產業,銷售額,百萬元,63510,400294
2017,新北市,不動產業,銷售額,百萬元,35493,166557
2017,桃園縣,不動產業,銷售額,百萬元,21984,51789
2017,臺中市,不動產業,銷售額,百萬元,38263,126031
2017,臺南市,不動產業,銷售額,百萬元,18793,24898
2017,高雄市,不動產業,銷售額,百萬元,21646,74211
2017,基隆市,不動產業,銷售額,百萬元,1206, 
2017,宜蘭縣,不動產業,銷售額,百萬元,4126,1865
2017,新竹市,不動產業,銷售額,百萬元,7809,17678
2017,新竹縣,不動產業,銷售額,百萬元,6754,19024
2017,苗栗縣,不動產業,銷售額,百萬元,4496,2427
2017,彰化縣,不動產業,銷售額,百萬元,9013,8642
2017,南投縣,不動產業,銷售額,百萬元,2304,1275
2017,雲林縣,不動產業,銷售額,百萬元,4115,2443
2017,嘉義市,不動產業,銷售額,百萬元,4233,2487
2017,嘉義縣,不動產業,銷售額,百萬元,1866, 
2017,屏東縣,不動產業,銷售額,百萬元,2997, 
2017,澎湖縣,不動產業,銷售額,百萬元,716, 
2017,花蓮縣,不動產業,銷售額,百萬元,3170,1453
2017,臺東縣,不動產業,銷售額,百萬元,1605, 
2017,金門縣,不動產業,銷售額,百萬元,2216, 
2017,連江縣,不動產業,銷售額,百萬元, ,0
2017,總計,專業、科學及技術服務業,銷售額,百萬元,224259,489419
2017,臺北市,專業、科學及技術服務業,銷售額,百萬元,101646,263386
2017,新北市,專業、科學及技術服務業,銷售額,百萬元,35814,47632
2017,桃園縣,專業、科學及技術服務業,銷售額,百萬元,14940,27671
2017,臺中市,專業、科學及技術服務業,銷售額,百萬元,24640,15302
2017,臺南市,專業、科學及技術服務業,銷售額,百萬元,8841,4005
2017,高雄市,專業、科學及技術服務業,銷售額,百萬元,16240,11986
2017,基隆市,專業、科學及技術服務業,銷售額,百萬元,1112, 
2017,宜蘭縣,專業、科學及技術服務業,銷售額,百萬元,1533, 
2017,新竹市,專業、科學及技術服務業,銷售額,百萬元,3855,0
2017,新竹縣,專業、科學及技術服務業,銷售額,百萬元,3992,78366
2017,苗栗縣,專業、科學及技術服務業,銷售額,百萬元,988, 
2017,彰化縣,專業、科學及技術服務業,銷售額,百萬元,2718,34276
2017,南投縣,專業、科學及技術服務業,銷售額,百萬元,1250,1493
2017,雲林縣,專業、科學及技術服務業,銷售額,百萬元,1446,0
2017,嘉義市,專業、科學及技術服務業,銷售額,百萬元,1159, 
2017,嘉義縣,專業、科學及技術服務業,銷售額,百萬元,950, 
2017,屏東縣,專業、科學及技術服務業,銷售額,百萬元,1221, 
2017,澎湖縣,專業、科學及技術服務業,銷售額,百萬元,101,0
2017,花蓮縣,專業、科學及技術服務業,銷售額,百萬元,680, 
2017,臺東縣,專業、科學及技術服務業,銷售額,百萬元,653,0
2017,金門縣,專業、科學及技術服務業,銷售額,百萬元,413,0
2017,連江縣,專業、科學及技術服務業,銷售額,百萬元,66,0
2017,總計,支援服務業,銷售額,百萬元,152811,372133
2017,臺北市,支援服務業,銷售額,百萬元,34600,289022
2017,新北市,支援服務業,銷售額,百萬元,23096,22122
2017,桃園縣,支援服務業,銷售額,百萬元,19161,9536
2017,臺中市,支援服務業,銷售額,百萬元,20944,14209
2017,臺南市,支援服務業,銷售額,百萬元,8339,5704
2017,高雄市,支援服務業,銷售額,百萬元,19121,16254
2017,基隆市,支援服務業,銷售額,百萬元,1498, 
2017,宜蘭縣,支援服務業,銷售額,百萬元,1515, 
2017,新竹市,支援服務業,銷售額,百萬元,3902,4557
2017,新竹縣,支援服務業,銷售額,百萬元,2947,3452
2017,苗栗縣,支援服務業,銷售額,百萬元,2369, 
2017,彰化縣,支援服務業,銷售額,百萬元,3368,1762
2017,南投縣,支援服務業,銷售額,百萬元,1377, 
2017,雲林縣,支援服務業,銷售額,百萬元,1615,908
2017,嘉義市,支援服務業,銷售額,百萬元,1442, 
2017,嘉義縣,支援服務業,銷售額,百萬元,1352, 
2017,屏東縣,支援服務業,銷售額,百萬元,2004, 
2017,澎湖縣,支援服務業,銷售額,百萬元,863,0
2017,花蓮縣,支援服務業,銷售額,百萬元,1547,0
2017,臺東縣,支援服務業,銷售額,百萬元,964,0
2017,金門縣,支援服務業,銷售額,百萬元,741,0
2017,連江縣,支援服務業,銷售額,百萬元,46,0
2017,總計,教育業,銷售額,百萬元,12397,4442
2017,臺北市,教育業,銷售額,百萬元,4495,2355
2017,新北市,教育業,銷售額,百萬元,1287,0
2017,桃園縣,教育業,銷售額,百萬元,729, 
2017,臺中市,教育業,銷售額,百萬元,1847, 
2017,臺南市,教育業,銷售額,百萬元,804,0
2017,高雄市,教育業,銷售額,百萬元,1531, 
2017,基隆市,教育業,銷售額,百萬元,42,0
2017,宜蘭縣,教育業,銷售額,百萬元,80,0
2017,新竹市,教育業,銷售額,百萬元,416,0
2017,新竹縣,教育業,銷售額,百萬元,148,0
2017,苗栗縣,教育業,銷售額,百萬元,73,0
2017,彰化縣,教育業,銷售額,百萬元,186,0
2017,南投縣,教育業,銷售額,百萬元,55,0
2017,雲林縣,教育業,銷售額,百萬元,106,0
2017,嘉義市,教育業,銷售額,百萬元,186,0
2017,嘉義縣,教育業,銷售額,百萬元,19,0
2017,屏東縣,教育業,銷售額,百萬元,247,0
2017,澎湖縣,教育業,銷售額,百萬元,15,0
2017,花蓮縣,教育業,銷售額,百萬元,81,0
2017,臺東縣,教育業,銷售額,百萬元,41,0
2017,金門縣,教育業,銷售額,百萬元,7,0
2017,連江縣,教育業,銷售額,百萬元, ,0
2017,總計,醫療保健及社會工作服務業,銷售額,百萬元,5747,22443
2017,臺北市,醫療保健及社會工作服務業,銷售額,百萬元,2249,2933
2017,新北市,醫療保健及社會工作服務業,銷售額,百萬元,749, 
2017,桃園縣,醫療保健及社會工作服務業,銷售額,百萬元,312,0
2017,臺中市,醫療保健及社會工作服務業,銷售額,百萬元,955, 
2017,臺南市,醫療保健及社會工作服務業,銷售額,百萬元,353, 
2017,高雄市,醫療保健及社會工作服務業,銷售額,百萬元,267, 
2017,基隆市,醫療保健及社會工作服務業,銷售額,百萬元,34,0
2017,宜蘭縣,醫療保健及社會工作服務業,銷售額,百萬元,34,0
2017,新竹市,醫療保健及社會工作服務業,銷售額,百萬元,121,0
2017,新竹縣,醫療保健及社會工作服務業,銷售額,百萬元,204,0
2017,苗栗縣,醫療保健及社會工作服務業,銷售額,百萬元,61,0
2017,彰化縣,醫療保健及社會工作服務業,銷售額,百萬元,112, 
2017,南投縣,醫療保健及社會工作服務業,銷售額,百萬元,29,0
2017,雲林縣,醫療保健及社會工作服務業,銷售額,百萬元,33,0
2017,嘉義市,醫療保健及社會工作服務業,銷售額,百萬元,33,0
2017,嘉義縣,醫療保健及社會工作服務業,銷售額,百萬元,3,0
2017,屏東縣,醫療保健及社會工作服務業,銷售額,百萬元,81,0
2017,澎湖縣,醫療保健及社會工作服務業,銷售額,百萬元, ,0
2017,花蓮縣,醫療保健及社會工作服務業,銷售額,百萬元,92, 
2017,臺東縣,醫療保健及社會工作服務業,銷售額,百萬元,22,0
2017,金門縣,醫療保健及社會工作服務業,銷售額,百萬元, ,0
2017,連江縣,醫療保健及社會工作服務業,銷售額,百萬元,0,0
2017,總計,藝術、娛樂及休閒服務業,銷售額,百萬元,59514,42555
2017,臺北市,藝術、娛樂及休閒服務業,銷售額,百萬元,15714,20999
2017,新北市,藝術、娛樂及休閒服務業,銷售額,百萬元,9064,4479
2017,桃園縣,藝術、娛樂及休閒服務業,銷售額,百萬元,4403,2613
2017,臺中市,藝術、娛樂及休閒服務業,銷售額,百萬元,7092,2899
2017,臺南市,藝術、娛樂及休閒服務業,銷售額,百萬元,3848,1233
2017,高雄市,藝術、娛樂及休閒服務業,銷售額,百萬元,6256,1568
2017,基隆市,藝術、娛樂及休閒服務業,銷售額,百萬元,911,0
2017,宜蘭縣,藝術、娛樂及休閒服務業,銷售額,百萬元,909, 
2017,新竹市,藝術、娛樂及休閒服務業,銷售額,百萬元,1309, 
2017,新竹縣,藝術、娛樂及休閒服務業,銷售額,百萬元,1155,2213
2017,苗栗縣,藝術、娛樂及休閒服務業,銷售額,百萬元,993, 
2017,彰化縣,藝術、娛樂及休閒服務業,銷售額,百萬元,1564, 
2017,南投縣,藝術、娛樂及休閒服務業,銷售額,百萬元,1086, 
2017,雲林縣,藝術、娛樂及休閒服務業,銷售額,百萬元,743, 
2017,嘉義市,藝術、娛樂及休閒服務業,銷售額,百萬元,883, 
2017,嘉義縣,藝術、娛樂及休閒服務業,銷售額,百萬元,509, 
2017,屏東縣,藝術、娛樂及休閒服務業,銷售額,百萬元,1436, 
2017,澎湖縣,藝術、娛樂及休閒服務業,銷售額,百萬元,198,0
2017,花蓮縣,藝術、娛樂及休閒服務業,銷售額,百萬元,792, 
2017,臺東縣,藝術、娛樂及休閒服務業,銷售額,百萬元,446,0
2017,金門縣,藝術、娛樂及休閒服務業,銷售額,百萬元,163,0
2017,連江縣,藝術、娛樂及休閒服務業,銷售額,百萬元,40,0
2017,總計,其他服務業,銷售額,百萬元,128437,109783
2017,臺北市,其他服務業,銷售額,百萬元,25132,52374
2017,新北市,其他服務業,銷售額,百萬元,15483,9619
2017,桃園縣,其他服務業,銷售額,百萬元,10677,10506
2017,臺中市,其他服務業,銷售額,百萬元,16499,7961
2017,臺南市,其他服務業,銷售額,百萬元,10576, 
2017,高雄市,其他服務業,銷售額,百萬元,14872,9377
2017,基隆市,其他服務業,銷售額,百萬元,1877, 
2017,宜蘭縣,其他服務業,銷售額,百萬元,2345, 
2017,新竹市,其他服務業,銷售額,百萬元,2965, 
2017,新竹縣,其他服務業,銷售額,百萬元,2707, 
2017,苗栗縣,其他服務業,銷售額,百萬元,2398, 
2017,彰化縣,其他服務業,銷售額,百萬元,6299, 
2017,南投縣,其他服務業,銷售額,百萬元,2393, 
2017,雲林縣,其他服務業,銷售額,百萬元,2689, 
2017,嘉義市,其他服務業,銷售額,百萬元,2161, 
2017,嘉義縣,其他服務業,銷售額,百萬元,1692, 
2017,屏東縣,其他服務業,銷售額,百萬元,4184, 
2017,澎湖縣,其他服務業,銷售額,百萬元,440,0
2017,花蓮縣,其他服務業,銷售額,百萬元,1642,0
2017,臺東縣,其他服務業,銷售額,百萬元,1010, 
2017,金門縣,其他服務業,銷售額,百萬元,352,0
2017,連江縣,其他服務業,銷售額,百萬元,45,0
2018,總計,農林漁牧業,銷售額,百萬元,28823.91,23749.04
2018,臺北市,農林漁牧業,銷售額,百萬元,2556,8462
2018,新北市,農林漁牧業,銷售額,百萬元,2046, 
2018,桃園縣,農林漁牧業,銷售額,百萬元,2072, 
2018,臺中市,農林漁牧業,銷售額,百萬元,2018, 
2018,臺南市,農林漁牧業,銷售額,百萬元,2161,4105
2018,高雄市,農林漁牧業,銷售額,百萬元,7873,2407
2018,基隆市,農林漁牧業,銷售額,百萬元,136,0
2018,宜蘭縣,農林漁牧業,銷售額,百萬元,827, 
2018,新竹市,農林漁牧業,銷售額,百萬元,182,0
2018,新竹縣,農林漁牧業,銷售額,百萬元,492,0
2018,苗栗縣,農林漁牧業,銷售額,百萬元,366, 
2018,彰化縣,農林漁牧業,銷售額,百萬元,1830, 
2018,南投縣,農林漁牧業,銷售額,百萬元,1141, 
2018,雲林縣,農林漁牧業,銷售額,百萬元,1269, 
2018,嘉義市,農林漁牧業,銷售額,百萬元,144,0
2018,嘉義縣,農林漁牧業,銷售額,百萬元,937, 
2018,屏東縣,農林漁牧業,銷售額,百萬元,1586,2301
2018,澎湖縣,農林漁牧業,銷售額,百萬元,114,0
2018,花蓮縣,農林漁牧業,銷售額,百萬元,414,0
2018,臺東縣,農林漁牧業,銷售額,百萬元,491, 
2018,金門縣,農林漁牧業,銷售額,百萬元,160,0
2018,連江縣,農林漁牧業,銷售額,百萬元,10,0
2018,總計,礦業及土石採取業,銷售額,百萬元,32179.67,17256.42
2018,臺北市,礦業及土石採取業,銷售額,百萬元,671,7984
2018,新北市,礦業及土石採取業,銷售額,百萬元,2687, 
2018,桃園縣,礦業及土石採取業,銷售額,百萬元,1308, 
2018,臺中市,礦業及土石採取業,銷售額,百萬元,3308, 
2018,臺南市,礦業及土石採取業,銷售額,百萬元,783,0
2018,高雄市,礦業及土石採取業,銷售額,百萬元,1411, 
2018,基隆市,礦業及土石採取業,銷售額,百萬元, ,0
2018,宜蘭縣,礦業及土石採取業,銷售額,百萬元,1941, 
2018,新竹市,礦業及土石採取業,銷售額,百萬元,283,0
2018,新竹縣,礦業及土石採取業,銷售額,百萬元,1648, 
2018,苗栗縣,礦業及土石採取業,銷售額,百萬元,1416, 
2018,彰化縣,礦業及土石採取業,銷售額,百萬元,262,0
2018,南投縣,礦業及土石採取業,銷售額,百萬元,1817, 
2018,雲林縣,礦業及土石採取業,銷售額,百萬元,927,0
2018,嘉義市,礦業及土石採取業,銷售額,百萬元, ,0
2018,嘉義縣,礦業及土石採取業,銷售額,百萬元,106,0
2018,屏東縣,礦業及土石採取業,銷售額,百萬元,1828,0
2018,澎湖縣,礦業及土石採取業,銷售額,百萬元,472,0
2018,花蓮縣,礦業及土石採取業,銷售額,百萬元,2846, 
2018,臺東縣,礦業及土石採取業,銷售額,百萬元,1365,0
2018,金門縣,礦業及土石採取業,銷售額,百萬元, ,0
2018,連江縣,礦業及土石採取業,銷售額,百萬元,0,0
2018,總計,製造業,銷售額,百萬元,4456813.59,10879116.89
2018,臺北市,製造業,銷售額,百萬元,235400,1419473
2018,新北市,製造業,銷售額,百萬元,690326,954166
2018,桃園縣,製造業,銷售額,百萬元,594110,1065179
2018,臺中市,製造業,銷售額,百萬元,785222,949533
2018,臺南市,製造業,銷售額,百萬元,411417,719732
2018,高雄市,製造業,銷售額,百萬元,506242,1600855
2018,基隆市,製造業,銷售額,百萬元,8508,12787
2018,宜蘭縣,製造業,銷售額,百萬元,63356,34166
2018,新竹市,製造業,銷售額,百萬元,78933,1568909
2018,新竹縣,製造業,銷售額,百萬元,117632,535991
2018,苗栗縣,製造業,銷售額,百萬元,153353,340077
2018,彰化縣,製造業,銷售額,百萬元,343206,509128
2018,南投縣,製造業,銷售額,百萬元,43723,74305
2018,雲林縣,製造業,銷售額,百萬元,248839,927403
2018,嘉義市,製造業,銷售額,百萬元,22469,4925
2018,嘉義縣,製造業,銷售額,百萬元,93701,50380
2018,屏東縣,製造業,銷售額,百萬元,43526,77499
2018,澎湖縣,製造業,銷售額,百萬元,779,0
2018,花蓮縣,製造業,銷售額,百萬元,11592,22258
2018,臺東縣,製造業,銷售額,百萬元,3247,0
2018,金門縣,製造業,銷售額,百萬元,1207, 
2018,連江縣,製造業,銷售額,百萬元,26, 
2018,總計,電力及燃氣供應業,銷售額,百萬元,8468.32,902019.12
2018,臺北市,電力及燃氣供應業,銷售額,百萬元,1294,78826
2018,新北市,電力及燃氣供應業,銷售額,百萬元,547,56400
2018,桃園縣,電力及燃氣供應業,銷售額,百萬元,501,100970
2018,臺中市,電力及燃氣供應業,銷售額,百萬元,1214,112047
2018,臺南市,電力及燃氣供應業,銷售額,百萬元,936,99606
2018,高雄市,電力及燃氣供應業,銷售額,百萬元,686,168929
2018,基隆市,電力及燃氣供應業,銷售額,百萬元, , 
2018,宜蘭縣,電力及燃氣供應業,銷售額,百萬元,108, 
2018,新竹市,電力及燃氣供應業,銷售額,百萬元,160,65929
2018,新竹縣,電力及燃氣供應業,銷售額,百萬元,316,12819
2018,苗栗縣,電力及燃氣供應業,銷售額,百萬元,111, 
2018,彰化縣,電力及燃氣供應業,銷售額,百萬元,608,39640
2018,南投縣,電力及燃氣供應業,銷售額,百萬元,39, 
2018,雲林縣,電力及燃氣供應業,銷售額,百萬元,700, 
2018,嘉義市,電力及燃氣供應業,銷售額,百萬元,209, 
2018,嘉義縣,電力及燃氣供應業,銷售額,百萬元,253, 
2018,屏東縣,電力及燃氣供應業,銷售額,百萬元,647, 
2018,澎湖縣,電力及燃氣供應業,銷售額,百萬元,0, 
2018,花蓮縣,電力及燃氣供應業,銷售額,百萬元,74, 
2018,臺東縣,電力及燃氣供應業,銷售額,百萬元,38, 
2018,金門縣,電力及燃氣供應業,銷售額,百萬元, , 
2018,連江縣,電力及燃氣供應業,銷售額,百萬元,0, 
2018,總計,用水供應及污染整治業,銷售額,百萬元,62683.94,151140.68
2018,臺北市,用水供應及污染整治業,銷售額,百萬元,5061,21630
2018,新北市,用水供應及污染整治業,銷售額,百萬元,9264,9683
2018,桃園縣,用水供應及污染整治業,銷售額,百萬元,8679,27841
2018,臺中市,用水供應及污染整治業,銷售額,百萬元,8358,17519
2018,臺南市,用水供應及污染整治業,銷售額,百萬元,5105,10213
2018,高雄市,用水供應及污染整治業,銷售額,百萬元,10186,37294
2018,基隆市,用水供應及污染整治業,銷售額,百萬元,856, 
2018,宜蘭縣,用水供應及污染整治業,銷售額,百萬元,815, 
2018,新竹市,用水供應及污染整治業,銷售額,百萬元,1356,2694
2018,新竹縣,用水供應及污染整治業,銷售額,百萬元,1050,2686
2018,苗栗縣,用水供應及污染整治業,銷售額,百萬元,1285, 
2018,彰化縣,用水供應及污染整治業,銷售額,百萬元,2793,6716
2018,南投縣,用水供應及污染整治業,銷售額,百萬元,1027, 
2018,雲林縣,用水供應及污染整治業,銷售額,百萬元,1802,3675
2018,嘉義市,用水供應及污染整治業,銷售額,百萬元,730, 
2018,嘉義縣,用水供應及污染整治業,銷售額,百萬元,1616,1734
2018,屏東縣,用水供應及污染整治業,銷售額,百萬元,1566,4746
2018,澎湖縣,用水供應及污染整治業,銷售額,百萬元,26, 
2018,花蓮縣,用水供應及污染整治業,銷售額,百萬元,654, 
2018,臺東縣,用水供應及污染整治業,銷售額,百萬元,264, 
2018,金門縣,用水供應及污染整治業,銷售額,百萬元,152, 
2018,連江縣,用水供應及污染整治業,銷售額,百萬元, ,0
2018,總計,營建工程業,銷售額,百萬元,1527771.44,799212.73
2018,臺北市,營建工程業,銷售額,百萬元,228150,420177
2018,新北市,營建工程業,銷售額,百萬元,271642,86649
2018,桃園縣,營建工程業,銷售額,百萬元,152177,30748
2018,臺中市,營建工程業,銷售額,百萬元,212312,85192
2018,臺南市,營建工程業,銷售額,百萬元,86304,25108
2018,高雄市,營建工程業,銷售額,百萬元,196664,98579
2018,基隆市,營建工程業,銷售額,百萬元,14671, 
2018,宜蘭縣,營建工程業,銷售額,百萬元,28113,5196
2018,新竹市,營建工程業,銷售額,百萬元,42912,17283
2018,新竹縣,營建工程業,銷售額,百萬元,38901,8261
2018,苗栗縣,營建工程業,銷售額,百萬元,27710,5434
2018,彰化縣,營建工程業,銷售額,百萬元,49930,2646
2018,南投縣,營建工程業,銷售額,百萬元,19574, 
2018,雲林縣,營建工程業,銷售額,百萬元,53447,2404
2018,嘉義市,營建工程業,銷售額,百萬元,15981,2319
2018,嘉義縣,營建工程業,銷售額,百萬元,20943,2015
2018,屏東縣,營建工程業,銷售額,百萬元,29086,2467
2018,澎湖縣,營建工程業,銷售額,百萬元,4983, 
2018,花蓮縣,營建工程業,銷售額,百萬元,16841,3080
2018,臺東縣,營建工程業,銷售額,百萬元,8369, 
2018,金門縣,營建工程業,銷售額,百萬元,7729,213
2018,連江縣,營建工程業,銷售額,百萬元,1333, 
2018,總計,批發及零售業,銷售額,百萬元,4475925.23,10600907.77
2018,臺北市,批發及零售業,銷售額,百萬元,908261,4832288
2018,新北市,批發及零售業,銷售額,百萬元,793773,1281241
2018,桃園縣,批發及零售業,銷售額,百萬元,402092,831933
2018,臺中市,批發及零售業,銷售額,百萬元,631586,841326
2018,臺南市,批發及零售業,銷售額,百萬元,315919,474190
2018,高雄市,批發及零售業,銷售額,百萬元,528541,1077306
2018,基隆市,批發及零售業,銷售額,百萬元,36409,18977
2018,宜蘭縣,批發及零售業,銷售額,百萬元,50848,47299
2018,新竹市,批發及零售業,銷售額,百萬元,77727,300744
2018,新竹縣,批發及零售業,銷售額,百萬元,84901,188312
2018,苗栗縣,批發及零售業,銷售額,百萬元,55931,112354
2018,彰化縣,批發及零售業,銷售額,百萬元,193840,191362
2018,南投縣,批發及零售業,銷售額,百萬元,50702,37132
2018,雲林縣,批發及零售業,銷售額,百萬元,71942,87069
2018,嘉義市,批發及零售業,銷售額,百萬元,50127,69778
2018,嘉義縣,批發及零售業,銷售額,百萬元,49211,46969
2018,屏東縣,批發及零售業,銷售額,百萬元,85267,104960
2018,澎湖縣,批發及零售業,銷售額,百萬元,10005,5756
2018,花蓮縣,批發及零售業,銷售額,百萬元,39435,29189
2018,臺東縣,批發及零售業,銷售額,百萬元,22031,13879
2018,金門縣,批發及零售業,銷售額,百萬元,16305,8599
2018,連江縣,批發及零售業,銷售額,百萬元,1072, 
2018,總計,運輸及倉儲業,銷售額,百萬元,287676.25,984435.66
2018,臺北市,運輸及倉儲業,銷售額,百萬元,52293,510575
2018,新北市,運輸及倉儲業,銷售額,百萬元,35311,95308
2018,桃園縣,運輸及倉儲業,銷售額,百萬元,33146,177197
2018,臺中市,運輸及倉儲業,銷售額,百萬元,32885,29815
2018,臺南市,運輸及倉儲業,銷售額,百萬元,15859,8749
2018,高雄市,運輸及倉儲業,銷售額,百萬元,51891,82028
2018,基隆市,運輸及倉儲業,銷售額,百萬元,10625,30925
2018,宜蘭縣,運輸及倉儲業,銷售額,百萬元,6330,2869
2018,新竹市,運輸及倉儲業,銷售額,百萬元,3091,4232
2018,新竹縣,運輸及倉儲業,銷售額,百萬元,4501,7277
2018,苗栗縣,運輸及倉儲業,銷售額,百萬元,4460,2019
2018,彰化縣,運輸及倉儲業,銷售額,百萬元,10451,4249
2018,南投縣,運輸及倉儲業,銷售額,百萬元,4182, 
2018,雲林縣,運輸及倉儲業,銷售額,百萬元,4866,7103
2018,嘉義市,運輸及倉儲業,銷售額,百萬元,3443,2187
2018,嘉義縣,運輸及倉儲業,銷售額,百萬元,2490,9268
2018,屏東縣,運輸及倉儲業,銷售額,百萬元,4189, 
2018,澎湖縣,運輸及倉儲業,銷售額,百萬元,1071, 
2018,花蓮縣,運輸及倉儲業,銷售額,百萬元,3290,1661
2018,臺東縣,運輸及倉儲業,銷售額,百萬元,1451,2562
2018,金門縣,運輸及倉儲業,銷售額,百萬元,1239,2712
2018,連江縣,運輸及倉儲業,銷售額,百萬元,612, 
2018,總計,住宿及餐飲業,銷售額,百萬元,491309.78,201678.08
2018,臺北市,住宿及餐飲業,銷售額,百萬元,115507,108074
2018,新北市,住宿及餐飲業,銷售額,百萬元,58953,9758
2018,桃園縣,住宿及餐飲業,銷售額,百萬元,41549,17600
2018,臺中市,住宿及餐飲業,銷售額,百萬元,64984,17780
2018,臺南市,住宿及餐飲業,銷售額,百萬元,36103,6194
2018,高雄市,住宿及餐飲業,銷售額,百萬元,54442,13579
2018,基隆市,住宿及餐飲業,銷售額,百萬元,6173, 
2018,宜蘭縣,住宿及餐飲業,銷售額,百萬元,8899,5065
2018,新竹市,住宿及餐飲業,銷售額,百萬元,11989,3654
2018,新竹縣,住宿及餐飲業,銷售額,百萬元,10684,4085
2018,苗栗縣,住宿及餐飲業,銷售額,百萬元,7797, 
2018,彰化縣,住宿及餐飲業,銷售額,百萬元,14429,1579
2018,南投縣,住宿及餐飲業,銷售額,百萬元,9147,3021
2018,雲林縣,住宿及餐飲業,銷售額,百萬元,6414, 
2018,嘉義市,住宿及餐飲業,銷售額,百萬元,7912, 
2018,嘉義縣,住宿及餐飲業,銷售額,百萬元,4872, 
2018,屏東縣,住宿及餐飲業,銷售額,百萬元,12383,3199
2018,澎湖縣,住宿及餐飲業,銷售額,百萬元,2418, 
2018,花蓮縣,住宿及餐飲業,銷售額,百萬元,8589,2595
2018,臺東縣,住宿及餐飲業,銷售額,百萬元,5894,1875
2018,金門縣,住宿及餐飲業,銷售額,百萬元,1813, 
2018,連江縣,住宿及餐飲業,銷售額,百萬元,359,0
2018,總計,出版、影音製作、傳播及資通訊服務業,銷售額,百萬元,133616.08,1105327.2
2018,臺北市,出版、影音製作、傳播及資通訊服務業,銷售額,百萬元,72890,832812
2018,新北市,出版、影音製作、傳播及資通訊服務業,銷售額,百萬元,20465,86859
2018,桃園縣,出版、影音製作、傳播及資通訊服務業,銷售額,百萬元,5375,9541
2018,臺中市,出版、影音製作、傳播及資通訊服務業,銷售額,百萬元,11465,36528
2018,臺南市,出版、影音製作、傳播及資通訊服務業,銷售額,百萬元,4245,14960
2018,高雄市,出版、影音製作、傳播及資通訊服務業,銷售額,百萬元,7729,31066
2018,基隆市,出版、影音製作、傳播及資通訊服務業,銷售額,百萬元,530, 
2018,宜蘭縣,出版、影音製作、傳播及資通訊服務業,銷售額,百萬元,542, 
2018,新竹市,出版、影音製作、傳播及資通訊服務業,銷售額,百萬元,2851,22239
2018,新竹縣,出版、影音製作、傳播及資通訊服務業,銷售額,百萬元,1942,24398
2018,苗栗縣,出版、影音製作、傳播及資通訊服務業,銷售額,百萬元,691,4336
2018,彰化縣,出版、影音製作、傳播及資通訊服務業,銷售額,百萬元,1016, 
2018,南投縣,出版、影音製作、傳播及資通訊服務業,銷售額,百萬元,647, 
2018,雲林縣,出版、影音製作、傳播及資通訊服務業,銷售額,百萬元,609, 
2018,嘉義市,出版、影音製作、傳播及資通訊服務業,銷售額,百萬元,647, 
2018,嘉義縣,出版、影音製作、傳播及資通訊服務業,銷售額,百萬元,335, 
2018,屏東縣,出版、影音製作、傳播及資通訊服務業,銷售額,百萬元,571, 
2018,澎湖縣,出版、影音製作、傳播及資通訊服務業,銷售額,百萬元,139, 
2018,花蓮縣,出版、影音製作、傳播及資通訊服務業,銷售額,百萬元,439, 
2018,臺東縣,出版、影音製作、傳播及資通訊服務業,銷售額,百萬元,172, 
2018,金門縣,出版、影音製作、傳播及資通訊服務業,銷售額,百萬元,306, 
2018,連江縣,出版、影音製作、傳播及資通訊服務業,銷售額,百萬元,12, 
2018,總計,金融及保險業,銷售額,百萬元,216722.53,2295812.97
2018,臺北市,金融及保險業,銷售額,百萬元,73883,1909380
2018,新北市,金融及保險業,銷售額,百萬元,31477,80187
2018,桃園縣,金融及保險業,銷售額,百萬元,12087,52339
2018,臺中市,金融及保險業,銷售額,百萬元,22023,81215
2018,臺南市,金融及保險業,銷售額,百萬元,13567,31017
2018,高雄市,金融及保險業,銷售額,百萬元,22572,62140
2018,基隆市,金融及保險業,銷售額,百萬元,2983,2396
2018,宜蘭縣,金融及保險業,銷售額,百萬元,2103,6195
2018,新竹市,金融及保險業,銷售額,百萬元,3734,16443
2018,新竹縣,金融及保險業,銷售額,百萬元,3454,7906
2018,苗栗縣,金融及保險業,銷售額,百萬元,2777,4506
2018,彰化縣,金融及保險業,銷售額,百萬元,7944,12197
2018,南投縣,金融及保險業,銷售額,百萬元,2419,4338
2018,雲林縣,金融及保險業,銷售額,百萬元,2907,6137
2018,嘉義市,金融及保險業,銷售額,百萬元,2714,5362
2018,嘉義縣,金融及保險業,銷售額,百萬元,1034,4530
2018,屏東縣,金融及保險業,銷售額,百萬元,4413,5087
2018,澎湖縣,金融及保險業,銷售額,百萬元,439, 
2018,花蓮縣,金融及保險業,銷售額,百萬元,2205,3168
2018,臺東縣,金融及保險業,銷售額,百萬元,1601, 
2018,金門縣,金融及保險業,銷售額,百萬元,372, 
2018,連江縣,金融及保險業,銷售額,百萬元, ,0
2018,總計,不動產業,銷售額,百萬元,275209.3,966614.05
2018,臺北市,不動產業,銷售額,百萬元,65810,419650
2018,新北市,不動產業,銷售額,百萬元,38093,168550
2018,桃園縣,不動產業,銷售額,百萬元,24267,60315
2018,臺中市,不動產業,銷售額,百萬元,41103,124298
2018,臺南市,不動產業,銷售額,百萬元,21523,36783
2018,高雄市,不動產業,銷售額,百萬元,23078,87705
2018,基隆市,不動產業,銷售額,百萬元,1334, 
2018,宜蘭縣,不動產業,銷售額,百萬元,4783,2266
2018,新竹市,不動產業,銷售額,百萬元,8370,22330
2018,新竹縣,不動產業,銷售額,百萬元,7565,19900
2018,苗栗縣,不動產業,銷售額,百萬元,4276,3269
2018,彰化縣,不動產業,銷售額,百萬元,9454,8848
2018,南投縣,不動產業,銷售額,百萬元,2951, 
2018,雲林縣,不動產業,銷售額,百萬元,3958,3745
2018,嘉義市,不動產業,銷售額,百萬元,4965,1832
2018,嘉義縣,不動產業,銷售額,百萬元,2094, 
2018,屏東縣,不動產業,銷售額,百萬元,3446,2093
2018,澎湖縣,不動產業,銷售額,百萬元,1039, 
2018,花蓮縣,不動產業,銷售額,百萬元,3501,1886
2018,臺東縣,不動產業,銷售額,百萬元,1748, 
2018,金門縣,不動產業,銷售額,百萬元,1849, 
2018,連江縣,不動產業,銷售額,百萬元, ,0
2018,總計,專業、科學及技術服務業,銷售額,百萬元,239899.25,536900.65
2018,臺北市,專業、科學及技術服務業,銷售額,百萬元,106940,294117
2018,新北市,專業、科學及技術服務業,銷售額,百萬元,38280,47949
2018,桃園縣,專業、科學及技術服務業,銷售額,百萬元,15508,26849
2018,臺中市,專業、科學及技術服務業,銷售額,百萬元,27739,16417
2018,臺南市,專業、科學及技術服務業,銷售額,百萬元,9674,4646
2018,高雄市,專業、科學及技術服務業,銷售額,百萬元,16749,13743
2018,基隆市,專業、科學及技術服務業,銷售額,百萬元,1419,0
2018,宜蘭縣,專業、科學及技術服務業,銷售額,百萬元,1694, 
2018,新竹市,專業、科學及技術服務業,銷售額,百萬元,3650,39514
2018,新竹縣,專業、科學及技術服務業,銷售額,百萬元,5277,86540
2018,苗栗縣,專業、科學及技術服務業,銷售額,百萬元,1261, 
2018,彰化縣,專業、科學及技術服務業,銷售額,百萬元,2939,1614
2018,南投縣,專業、科學及技術服務業,銷售額,百萬元,1299, 
2018,雲林縣,專業、科學及技術服務業,銷售額,百萬元,1627,0
2018,嘉義市,專業、科學及技術服務業,銷售額,百萬元,1385, 
2018,嘉義縣,專業、科學及技術服務業,銷售額,百萬元,1084, 
2018,屏東縣,專業、科學及技術服務業,銷售額,百萬元,1299, 
2018,澎湖縣,專業、科學及技術服務業,銷售額,百萬元,118,0
2018,花蓮縣,專業、科學及技術服務業,銷售額,百萬元,784, 
2018,臺東縣,專業、科學及技術服務業,銷售額,百萬元,733, 
2018,金門縣,專業、科學及技術服務業,銷售額,百萬元,387,0
2018,連江縣,專業、科學及技術服務業,銷售額,百萬元,55,0
2018,總計,支援服務業,銷售額,百萬元,164385.37,383587.93
2018,臺北市,支援服務業,銷售額,百萬元,38204,0
2018,新北市,支援服務業,銷售額,百萬元,24384,18854
2018,桃園縣,支援服務業,銷售額,百萬元,20932,964
2018,臺中市,支援服務業,銷售額,百萬元,22341,292276
2018,臺南市,支援服務業,銷售額,百萬元,8805,688
2018,高雄市,支援服務業,銷售額,百萬元,20761,6393
2018,基隆市,支援服務業,銷售額,百萬元,1645, 
2018,宜蘭縣,支援服務業,銷售額,百萬元,1560,23445
2018,新竹市,支援服務業,銷售額,百萬元,4095,1826
2018,新竹縣,支援服務業,銷售額,百萬元,3076,492
2018,苗栗縣,支援服務業,銷售額,百萬元,2520, 
2018,彰化縣,支援服務業,銷售額,百萬元,3559,319
2018,南投縣,支援服務業,銷售額,百萬元,1393, 
2018,雲林縣,支援服務業,銷售額,百萬元,1749, 
2018,嘉義市,支援服務業,銷售額,百萬元,1426, 
2018,嘉義縣,支援服務業,銷售額,百萬元,1448, 
2018,屏東縣,支援服務業,銷售額,百萬元,2101, 
2018,澎湖縣,支援服務業,銷售額,百萬元,946,0
2018,花蓮縣,支援服務業,銷售額,百萬元,1508,405
2018,臺東縣,支援服務業,銷售額,百萬元,962,0
2018,金門縣,支援服務業,銷售額,百萬元,867,0
2018,連江縣,支援服務業,銷售額,百萬元,103,0
2018,總計,教育業,銷售額,百萬元,14989.17,5328.88
2018,臺北市,教育業,銷售額,百萬元,5626,0
2018,新北市,教育業,銷售額,百萬元,1527, 
2018,桃園縣,教育業,銷售額,百萬元,905,0
2018,臺中市,教育業,銷售額,百萬元,2079, 
2018,臺南市,教育業,銷售額,百萬元,945,0
2018,高雄市,教育業,銷售額,百萬元,1716,0
2018,基隆市,教育業,銷售額,百萬元,44,731
2018,宜蘭縣,教育業,銷售額,百萬元,87,107
2018,新竹市,教育業,銷售額,百萬元,628,0
2018,新竹縣,教育業,銷售額,百萬元,217,0
2018,苗栗縣,教育業,銷售額,百萬元,84,0
2018,彰化縣,教育業,銷售額,百萬元,290,0
2018,南投縣,教育業,銷售額,百萬元,60,0
2018,雲林縣,教育業,銷售額,百萬元,123,0
2018,嘉義市,教育業,銷售額,百萬元,267,1602
2018,嘉義縣,教育業,銷售額,百萬元,23,0
2018,屏東縣,教育業,銷售額,百萬元,201,0
2018,澎湖縣,教育業,銷售額,百萬元,17,0
2018,花蓮縣,教育業,銷售額,百萬元,95,0
2018,臺東縣,教育業,銷售額,百萬元,48,0
2018,金門縣,教育業,銷售額,百萬元,4,0
2018,連江縣,教育業,銷售額,百萬元, ,0
2018,總計,醫療保健及社會工作服務業,銷售額,百萬元,7166.82,24413.06
2018,臺北市,醫療保健及社會工作服務業,銷售額,百萬元,2564,0
2018,新北市,醫療保健及社會工作服務業,銷售額,百萬元,1019, 
2018,桃園縣,醫療保健及社會工作服務業,銷售額,百萬元,427,0
2018,臺中市,醫療保健及社會工作服務業,銷售額,百萬元,1168, 
2018,臺南市,醫療保健及社會工作服務業,銷售額,百萬元,467,0
2018,高雄市,醫療保健及社會工作服務業,銷售額,百萬元,388, 
2018,基隆市,醫療保健及社會工作服務業,銷售額,百萬元,62,751
2018,宜蘭縣,醫療保健及社會工作服務業,銷售額,百萬元,42,632
2018,新竹市,醫療保健及社會工作服務業,銷售額,百萬元,208,298
2018,新竹縣,醫療保健及社會工作服務業,銷售額,百萬元,215,0
2018,苗栗縣,醫療保健及社會工作服務業,銷售額,百萬元,125,0
2018,彰化縣,醫療保健及社會工作服務業,銷售額,百萬元,115,0
2018,南投縣,醫療保健及社會工作服務業,銷售額,百萬元,30,0
2018,雲林縣,醫療保健及社會工作服務業,銷售額,百萬元,61,0
2018,嘉義市,醫療保健及社會工作服務業,銷售額,百萬元,55,0
2018,嘉義縣,醫療保健及社會工作服務業,銷售額,百萬元,4,0
2018,屏東縣,醫療保健及社會工作服務業,銷售額,百萬元,99,0
2018,澎湖縣,醫療保健及社會工作服務業,銷售額,百萬元, ,0
2018,花蓮縣,醫療保健及社會工作服務業,銷售額,百萬元,96,0
2018,臺東縣,醫療保健及社會工作服務業,銷售額,百萬元,20,289
2018,金門縣,醫療保健及社會工作服務業,銷售額,百萬元, ,0
2018,連江縣,醫療保健及社會工作服務業,銷售額,百萬元,0,0
2018,總計,藝術、娛樂及休閒服務業,銷售額,百萬元,68590.89,42939.97
2018,臺北市,藝術、娛樂及休閒服務業,銷售額,百萬元,17502,0
2018,新北市,藝術、娛樂及休閒服務業,銷售額,百萬元,10472,1572
2018,桃園縣,藝術、娛樂及休閒服務業,銷售額,百萬元,5141,907
2018,臺中市,藝術、娛樂及休閒服務業,銷售額,百萬元,8823,22560
2018,臺南市,藝術、娛樂及休閒服務業,銷售額,百萬元,4593,0
2018,高雄市,藝術、娛樂及休閒服務業,銷售額,百萬元,7299,1054
2018,基隆市,藝術、娛樂及休閒服務業,銷售額,百萬元,967,2745
2018,宜蘭縣,藝術、娛樂及休閒服務業,銷售額,百萬元,934, 
2018,新竹市,藝術、娛樂及休閒服務業,銷售額,百萬元,1714, 
2018,新竹縣,藝術、娛樂及休閒服務業,銷售額,百萬元,1347,219
2018,苗栗縣,藝術、娛樂及休閒服務業,銷售額,百萬元,1042, 
2018,彰化縣,藝術、娛樂及休閒服務業,銷售額,百萬元,1785, 
2018,南投縣,藝術、娛樂及休閒服務業,銷售額,百萬元,1293, 
2018,雲林縣,藝術、娛樂及休閒服務業,銷售額,百萬元,787, 
2018,嘉義市,藝術、娛樂及休閒服務業,銷售額,百萬元,956, 
2018,嘉義縣,藝術、娛樂及休閒服務業,銷售額,百萬元,550, 
2018,屏東縣,藝術、娛樂及休閒服務業,銷售額,百萬元,1607, 
2018,澎湖縣,藝術、娛樂及休閒服務業,銷售額,百萬元,265,0
2018,花蓮縣,藝術、娛樂及休閒服務業,銷售額,百萬元,780, 
2018,臺東縣,藝術、娛樂及休閒服務業,銷售額,百萬元,530,621
2018,金門縣,藝術、娛樂及休閒服務業,銷售額,百萬元,171,0
2018,連江縣,藝術、娛樂及休閒服務業,銷售額,百萬元,32,0
2018,總計,其他服務業,銷售額,百萬元,132240.36,118626.12
2018,臺北市,其他服務業,銷售額,百萬元,25131,0
2018,新北市,其他服務業,銷售額,百萬元,16486,9813
2018,桃園縣,其他服務業,銷售額,百萬元,11176,947
2018,臺中市,其他服務業,銷售額,百萬元,16957,46210
2018,臺南市,其他服務業,銷售額,百萬元,10839, 
2018,高雄市,其他服務業,銷售額,百萬元,15388,1540
2018,基隆市,其他服務業,銷售額,百萬元,2042, 
2018,宜蘭縣,其他服務業,銷售額,百萬元,2458, 
2018,新竹市,其他服務業,銷售額,百萬元,3209,1712
2018,新竹縣,其他服務業,銷售額,百萬元,2860, 
2018,苗栗縣,其他服務業,銷售額,百萬元,2478, 
2018,彰化縣,其他服務業,銷售額,百萬元,6420, 
2018,南投縣,其他服務業,銷售額,百萬元,2482, 
2018,雲林縣,其他服務業,銷售額,百萬元,2743, 
2018,嘉義市,其他服務業,銷售額,百萬元,2163, 
2018,嘉義縣,其他服務業,銷售額,百萬元,1730, 
2018,屏東縣,其他服務業,銷售額,百萬元,4038, 
2018,澎湖縣,其他服務業,銷售額,百萬元,464,0
2018,花蓮縣,其他服務業,銷售額,百萬元,1712,961
2018,臺東縣,其他服務業,銷售額,百萬元,1028,0
2018,金門縣,其他服務業,銷售額,百萬元,389,364
2018,連江縣,其他服務業,銷售額,百萬元,49,0
2019,總計,農林漁牧業,銷售額,百萬元,29894,27256
2019,臺北市,農林漁牧業,銷售額,百萬元,2612,9020
2019,新北市,農林漁牧業,銷售額,百萬元,2160, 
2019,桃園縣,農林漁牧業,銷售額,百萬元,1884,1518
2019,臺中市,農林漁牧業,銷售額,百萬元,1829,1385
2019,臺南市,農林漁牧業,銷售額,百萬元,1753,4938
2019,高雄市,農林漁牧業,銷售額,百萬元,9065,2052
2019,基隆市,農林漁牧業,銷售額,百萬元,143,0
2019,宜蘭縣,農林漁牧業,銷售額,百萬元,820,0
2019,新竹市,農林漁牧業,銷售額,百萬元,114, 
2019,新竹縣,農林漁牧業,銷售額,百萬元,436,0
2019,苗栗縣,農林漁牧業,銷售額,百萬元,414, 
2019,彰化縣,農林漁牧業,銷售額,百萬元,1906,1189
2019,南投縣,農林漁牧業,銷售額,百萬元,1228, 
2019,雲林縣,農林漁牧業,銷售額,百萬元,1414, 
2019,嘉義市,農林漁牧業,銷售額,百萬元,157,0
2019,嘉義縣,農林漁牧業,銷售額,百萬元,845, 
2019,屏東縣,農林漁牧業,銷售額,百萬元,1901,2448
2019,澎湖縣,農林漁牧業,銷售額,百萬元,125,0
2019,花蓮縣,農林漁牧業,銷售額,百萬元,394,0
2019,臺東縣,農林漁牧業,銷售額,百萬元,555, 
2019,金門縣,農林漁牧業,銷售額,百萬元,132,0
2019,連江縣,農林漁牧業,銷售額,百萬元,8,0
2019,總計,礦業及土石採取業,銷售額,百萬元,32650,19269
2019,臺北市,礦業及土石採取業,銷售額,百萬元,712,10917
2019,新北市,礦業及土石採取業,銷售額,百萬元,2858, 
2019,桃園縣,礦業及土石採取業,銷售額,百萬元,1568, 
2019,臺中市,礦業及土石採取業,銷售額,百萬元,3495, 
2019,臺南市,礦業及土石採取業,銷售額,百萬元,857,0
2019,高雄市,礦業及土石採取業,銷售額,百萬元,1581, 
2019,基隆市,礦業及土石採取業,銷售額,百萬元, ,0
2019,宜蘭縣,礦業及土石採取業,銷售額,百萬元,2175, 
2019,新竹市,礦業及土石採取業,銷售額,百萬元,210,0
2019,新竹縣,礦業及土石採取業,銷售額,百萬元,1558, 
2019,苗栗縣,礦業及土石採取業,銷售額,百萬元,1357,0
2019,彰化縣,礦業及土石採取業,銷售額,百萬元,327,0
2019,南投縣,礦業及土石採取業,銷售額,百萬元,1311, 
2019,雲林縣,礦業及土石採取業,銷售額,百萬元,915,0
2019,嘉義市,礦業及土石採取業,銷售額,百萬元, ,0
2019,嘉義縣,礦業及土石採取業,銷售額,百萬元,82,0
2019,屏東縣,礦業及土石採取業,銷售額,百萬元,1921,0
2019,澎湖縣,礦業及土石採取業,銷售額,百萬元,464,0
2019,花蓮縣,礦業及土石採取業,銷售額,百萬元,3030, 
2019,臺東縣,礦業及土石採取業,銷售額,百萬元,1328, 
2019,金門縣,礦業及土石採取業,銷售額,百萬元, ,0
2019,連江縣,礦業及土石採取業,銷售額,百萬元,0,0
2019,總計,製造業,銷售額,百萬元,4286228,10679050
2019,臺北市,製造業,銷售額,百萬元,254102,1405267
2019,新北市,製造業,銷售額,百萬元,678869,928348
2019,桃園縣,製造業,銷售額,百萬元,598289,1213099
2019,臺中市,製造業,銷售額,百萬元,749186,949030
2019,臺南市,製造業,銷售額,百萬元,391760,667032
2019,高雄市,製造業,銷售額,百萬元,459378,1492022
2019,基隆市,製造業,銷售額,百萬元,8671,12516
2019,宜蘭縣,製造業,銷售額,百萬元,58993,33853
2019,新竹市,製造業,銷售額,百萬元,79597,1572884
2019,新竹縣,製造業,銷售額,百萬元,116068,577484
2019,苗栗縣,製造業,銷售額,百萬元,147412,329206
2019,彰化縣,製造業,銷售額,百萬元,335078,463027
2019,南投縣,製造業,銷售額,百萬元,43590,80824
2019,雲林縣,製造業,銷售額,百萬元,200986,793084
2019,嘉義市,製造業,銷售額,百萬元,21344,5272
2019,嘉義縣,製造業,銷售額,百萬元,86079,46689
2019,屏東縣,製造業,銷售額,百萬元,40279,77652
2019,澎湖縣,製造業,銷售額,百萬元,670,0
2019,花蓮縣,製造業,銷售額,百萬元,10998,19570
2019,臺東縣,製造業,銷售額,百萬元,3598, 
2019,金門縣,製造業,銷售額,百萬元,1257, 
2019,連江縣,製造業,銷售額,百萬元,25, 
2019,總計,電力及燃氣供應業,銷售額,百萬元,11651,930365
2019,臺北市,電力及燃氣供應業,銷售額,百萬元,1909,83463
2019,新北市,電力及燃氣供應業,銷售額,百萬元,995,60478
2019,桃園縣,電力及燃氣供應業,銷售額,百萬元,668,98473
2019,臺中市,電力及燃氣供應業,銷售額,百萬元,1351,118692
2019,臺南市,電力及燃氣供應業,銷售額,百萬元,1180,106511
2019,高雄市,電力及燃氣供應業,銷售額,百萬元,1067,168376
2019,基隆市,電力及燃氣供應業,銷售額,百萬元, , 
2019,宜蘭縣,電力及燃氣供應業,銷售額,百萬元,200, 
2019,新竹市,電力及燃氣供應業,銷售額,百萬元,142,66126
2019,新竹縣,電力及燃氣供應業,銷售額,百萬元,220,13729
2019,苗栗縣,電力及燃氣供應業,銷售額,百萬元,144,55321
2019,彰化縣,電力及燃氣供應業,銷售額,百萬元,815,41434
2019,南投縣,電力及燃氣供應業,銷售額,百萬元,40, 
2019,雲林縣,電力及燃氣供應業,銷售額,百萬元,918, 
2019,嘉義市,電力及燃氣供應業,銷售額,百萬元,282, 
2019,嘉義縣,電力及燃氣供應業,銷售額,百萬元,452, 
2019,屏東縣,電力及燃氣供應業,銷售額,百萬元,986,14596
2019,澎湖縣,電力及燃氣供應業,銷售額,百萬元,0, 
2019,花蓮縣,電力及燃氣供應業,銷售額,百萬元,116, 
2019,臺東縣,電力及燃氣供應業,銷售額,百萬元,46, 
2019,金門縣,電力及燃氣供應業,銷售額,百萬元, , 
2019,連江縣,電力及燃氣供應業,銷售額,百萬元,0, 
2019,總計,用水供應及污染整治業,銷售額,百萬元,62625,140292
2019,臺北市,用水供應及污染整治業,銷售額,百萬元,5547,21326
2019,新北市,用水供應及污染整治業,銷售額,百萬元,9029,9159
2019,桃園縣,用水供應及污染整治業,銷售額,百萬元,8214,26293
2019,臺中市,用水供應及污染整治業,銷售額,百萬元,8377,14668
2019,臺南市,用水供應及污染整治業,銷售額,百萬元,5130,9404
2019,高雄市,用水供應及污染整治業,銷售額,百萬元,10069,33949
2019,基隆市,用水供應及污染整治業,銷售額,百萬元,1059, 
2019,宜蘭縣,用水供應及污染整治業,銷售額,百萬元,684, 
2019,新竹市,用水供應及污染整治業,銷售額,百萬元,1476,2516
2019,新竹縣,用水供應及污染整治業,銷售額,百萬元,1289,2058
2019,苗栗縣,用水供應及污染整治業,銷售額,百萬元,1399, 
2019,彰化縣,用水供應及污染整治業,銷售額,百萬元,2740,6451
2019,南投縣,用水供應及污染整治業,銷售額,百萬元,960, 
2019,雲林縣,用水供應及污染整治業,銷售額,百萬元,1754,4212
2019,嘉義市,用水供應及污染整治業,銷售額,百萬元,698, 
2019,嘉義縣,用水供應及污染整治業,銷售額,百萬元,1637,1482
2019,屏東縣,用水供應及污染整治業,銷售額,百萬元,1300,4228
2019,澎湖縣,用水供應及污染整治業,銷售額,百萬元,23, 
2019,花蓮縣,用水供應及污染整治業,銷售額,百萬元,707, 
2019,臺東縣,用水供應及污染整治業,銷售額,百萬元,291, 
2019,金門縣,用水供應及污染整治業,銷售額,百萬元,199, 
2019,連江縣,用水供應及污染整治業,銷售額,百萬元, ,0
2019,總計,營建工程業,銷售額,百萬元,1626093,840642
2019,臺北市,營建工程業,銷售額,百萬元,239885,421109
2019,新北市,營建工程業,銷售額,百萬元,284537,100281
2019,桃園縣,營建工程業,銷售額,百萬元,155854,38834
2019,臺中市,營建工程業,銷售額,百萬元,219045,87403
2019,臺南市,營建工程業,銷售額,百萬元,94837,28279
2019,高雄市,營建工程業,銷售額,百萬元,216126,103552
2019,基隆市,營建工程業,銷售額,百萬元,15735, 
2019,宜蘭縣,營建工程業,銷售額,百萬元,31582,6095
2019,新竹市,營建工程業,銷售額,百萬元,44836,21355
2019,新竹縣,營建工程業,銷售額,百萬元,41887,9039
2019,苗栗縣,營建工程業,銷售額,百萬元,29263,4893
2019,彰化縣,營建工程業,銷售額,百萬元,55585,4636
2019,南投縣,營建工程業,銷售額,百萬元,21347, 
2019,雲林縣,營建工程業,銷售額,百萬元,58327,2652
2019,嘉義市,營建工程業,銷售額,百萬元,17912,3534
2019,嘉義縣,營建工程業,銷售額,百萬元,23214,1474
2019,屏東縣,營建工程業,銷售額,百萬元,33359,2724
2019,澎湖縣,營建工程業,銷售額,百萬元,4992, 
2019,花蓮縣,營建工程業,銷售額,百萬元,18970,3419
2019,臺東縣,營建工程業,銷售額,百萬元,8996, 
2019,金門縣,營建工程業,銷售額,百萬元,8332, 
2019,連江縣,營建工程業,銷售額,百萬元,1474, 
2019,總計,批發及零售業,銷售額,百萬元,4516661,10687750
2019,臺北市,批發及零售業,銷售額,百萬元,906078,4901227
2019,新北市,批發及零售業,銷售額,百萬元,801505,1265030
2019,桃園縣,批發及零售業,銷售額,百萬元,406392,809361
2019,臺中市,批發及零售業,銷售額,百萬元,642337,829750
2019,臺南市,批發及零售業,銷售額,百萬元,318000,466218
2019,高雄市,批發及零售業,銷售額,百萬元,535533,1038352
2019,基隆市,批發及零售業,銷售額,百萬元,35990,18692
2019,宜蘭縣,批發及零售業,銷售額,百萬元,52702,47664
2019,新竹市,批發及零售業,銷售額,百萬元,77554,419018
2019,新竹縣,批發及零售業,銷售額,百萬元,85587,186796
2019,苗栗縣,批發及零售業,銷售額,百萬元,56335,115901
2019,彰化縣,批發及零售業,銷售額,百萬元,193409,185650
2019,南投縣,批發及零售業,銷售額,百萬元,50272,37121
2019,雲林縣,批發及零售業,銷售額,百萬元,74397,84755
2019,嘉義市,批發及零售業,銷售額,百萬元,51988,67963
2019,嘉義縣,批發及零售業,銷售額,百萬元,50268,48872
2019,屏東縣,批發及零售業,銷售額,百萬元,88361,105921
2019,澎湖縣,批發及零售業,銷售額,百萬元,10101,5937
2019,花蓮縣,批發及零售業,銷售額,百萬元,39876,30143
2019,臺東縣,批發及零售業,銷售額,百萬元,22127,14651
2019,金門縣,批發及零售業,銷售額,百萬元,16641,8468
2019,連江縣,批發及零售業,銷售額,百萬元,1210, 
2019,總計,運輸及倉儲業,銷售額,百萬元,294890,981949
2019,臺北市,運輸及倉儲業,銷售額,百萬元,53317,493318
2019,新北市,運輸及倉儲業,銷售額,百萬元,36044,96023
2019,桃園縣,運輸及倉儲業,銷售額,百萬元,34318,183967
2019,臺中市,運輸及倉儲業,銷售額,百萬元,32198,31634
2019,臺南市,運輸及倉儲業,銷售額,百萬元,16844,10426
2019,高雄市,運輸及倉儲業,銷售額,百萬元,52934,82364
2019,基隆市,運輸及倉儲業,銷售額,百萬元,10428,32851
2019,宜蘭縣,運輸及倉儲業,銷售額,百萬元,6705,3174
2019,新竹市,運輸及倉儲業,銷售額,百萬元,3422,4329
2019,新竹縣,運輸及倉儲業,銷售額,百萬元,4714,7263
2019,苗栗縣,運輸及倉儲業,銷售額,百萬元,4643,1701
2019,彰化縣,運輸及倉儲業,銷售額,百萬元,10483,4971
2019,南投縣,運輸及倉儲業,銷售額,百萬元,4066,991
2019,雲林縣,運輸及倉儲業,銷售額,百萬元,5455,6534
2019,嘉義市,運輸及倉儲業,銷售額,百萬元,3339,1770
2019,嘉義縣,運輸及倉儲業,銷售額,百萬元,2788,10154
2019,屏東縣,運輸及倉儲業,銷售額,百萬元,4492, 
2019,澎湖縣,運輸及倉儲業,銷售額,百萬元,1103, 
2019,花蓮縣,運輸及倉儲業,銷售額,百萬元,3732,1446
2019,臺東縣,運輸及倉儲業,銷售額,百萬元,1658, 
2019,金門縣,運輸及倉儲業,銷售額,百萬元,1600,2927
2019,連江縣,運輸及倉儲業,銷售額,百萬元,607, 
2019,總計,住宿及餐飲業,銷售額,百萬元,519165,208546
2019,臺北市,住宿及餐飲業,銷售額,百萬元,120969,108883
2019,新北市,住宿及餐飲業,銷售額,百萬元,63322,10716
2019,桃園縣,住宿及餐飲業,銷售額,百萬元,43242,11948
2019,臺中市,住宿及餐飲業,銷售額,百萬元,69620,21919
2019,臺南市,住宿及餐飲業,銷售額,百萬元,37816,6495
2019,高雄市,住宿及餐飲業,銷售額,百萬元,58098,14772
2019,基隆市,住宿及餐飲業,銷售額,百萬元,6404, 
2019,宜蘭縣,住宿及餐飲業,銷售額,百萬元,9589,6574
2019,新竹市,住宿及餐飲業,銷售額,百萬元,12220,3648
2019,新竹縣,住宿及餐飲業,銷售額,百萬元,11298,5822
2019,苗栗縣,住宿及餐飲業,銷售額,百萬元,8081, 
2019,彰化縣,住宿及餐飲業,銷售額,百萬元,15090,1638
2019,南投縣,住宿及餐飲業,銷售額,百萬元,9882,2972
2019,雲林縣,住宿及餐飲業,銷售額,百萬元,6799, 
2019,嘉義市,住宿及餐飲業,銷售額,百萬元,8221,1687
2019,嘉義縣,住宿及餐飲業,銷售額,百萬元,4802, 
2019,屏東縣,住宿及餐飲業,銷售額,百萬元,13128,2928
2019,澎湖縣,住宿及餐飲業,銷售額,百萬元,2764, 
2019,花蓮縣,住宿及餐飲業,銷售額,百萬元,9104,3181
2019,臺東縣,住宿及餐飲業,銷售額,百萬元,6238,2248
2019,金門縣,住宿及餐飲業,銷售額,百萬元,2059, 
2019,連江縣,住宿及餐飲業,銷售額,百萬元,416,0
2019,總計,出版、影音製作、傳播及資通訊服務業,銷售額,百萬元,144257,1135633
2019,臺北市,出版、影音製作、傳播及資通訊服務業,銷售額,百萬元,78181,851100
2019,新北市,出版、影音製作、傳播及資通訊服務業,銷售額,百萬元,21964,93947
2019,桃園縣,出版、影音製作、傳播及資通訊服務業,銷售額,百萬元,5907,9623
2019,臺中市,出版、影音製作、傳播及資通訊服務業,銷售額,百萬元,12680,35724
2019,臺南市,出版、影音製作、傳播及資通訊服務業,銷售額,百萬元,4381,14005
2019,高雄市,出版、影音製作、傳播及資通訊服務業,銷售額,百萬元,8007,34540
2019,基隆市,出版、影音製作、傳播及資通訊服務業,銷售額,百萬元,558, 
2019,宜蘭縣,出版、影音製作、傳播及資通訊服務業,銷售額,百萬元,658, 
2019,新竹市,出版、影音製作、傳播及資通訊服務業,銷售額,百萬元,2792,24810
2019,新竹縣,出版、影音製作、傳播及資通訊服務業,銷售額,百萬元,2684,28954
2019,苗栗縣,出版、影音製作、傳播及資通訊服務業,銷售額,百萬元,763, 
2019,彰化縣,出版、影音製作、傳播及資通訊服務業,銷售額,百萬元,1203, 
2019,南投縣,出版、影音製作、傳播及資通訊服務業,銷售額,百萬元,638, 
2019,雲林縣,出版、影音製作、傳播及資通訊服務業,銷售額,百萬元,712, 
2019,嘉義市,出版、影音製作、傳播及資通訊服務業,銷售額,百萬元,848, 
2019,嘉義縣,出版、影音製作、傳播及資通訊服務業,銷售額,百萬元,334, 
2019,屏東縣,出版、影音製作、傳播及資通訊服務業,銷售額,百萬元,671, 
2019,澎湖縣,出版、影音製作、傳播及資通訊服務業,銷售額,百萬元,190, 
2019,花蓮縣,出版、影音製作、傳播及資通訊服務業,銷售額,百萬元,548, 
2019,臺東縣,出版、影音製作、傳播及資通訊服務業,銷售額,百萬元,247, 
2019,金門縣,出版、影音製作、傳播及資通訊服務業,銷售額,百萬元,280, 
2019,連江縣,出版、影音製作、傳播及資通訊服務業,銷售額,百萬元,11, 
2019,總計,金融及保險業,銷售額,百萬元,215718,2373337
2019,臺北市,金融及保險業,銷售額,百萬元,75081,1965305
2019,新北市,金融及保險業,銷售額,百萬元,30670,89464
2019,桃園縣,金融及保險業,銷售額,百萬元,13106,54652
2019,臺中市,金融及保險業,銷售額,百萬元,21299,88286
2019,臺南市,金融及保險業,銷售額,百萬元,13701,32154
2019,高雄市,金融及保險業,銷售額,百萬元,23349,63082
2019,基隆市,金融及保險業,銷售額,百萬元,1873,2086
2019,宜蘭縣,金融及保險業,銷售額,百萬元,2320,5856
2019,新竹市,金融及保險業,銷售額,百萬元,3811,14878
2019,新竹縣,金融及保險業,銷售額,百萬元,3271,8177
2019,苗栗縣,金融及保險業,銷售額,百萬元,2453,5309
2019,彰化縣,金融及保險業,銷售額,百萬元,7742,12374
2019,南投縣,金融及保險業,銷售額,百萬元,2413,6227
2019,雲林縣,金融及保險業,銷售額,百萬元,3004,6411
2019,嘉義市,金融及保險業,銷售額,百萬元,2605,5156
2019,嘉義縣,金融及保險業,銷售額,百萬元,1008,4695
2019,屏東縣,金融及保險業,銷售額,百萬元,4154,5432
2019,澎湖縣,金融及保險業,銷售額,百萬元,359, 
2019,花蓮縣,金融及保險業,銷售額,百萬元,1612,2506
2019,臺東縣,金融及保險業,銷售額,百萬元,1448,938
2019,金門縣,金融及保險業,銷售額,百萬元,427, 
2019,連江縣,金融及保險業,銷售額,百萬元, ,0
2019,總計,不動產業,銷售額,百萬元,306612,1136540
2019,臺北市,不動產業,銷售額,百萬元,69316,491344
2019,新北市,不動產業,銷售額,百萬元,41301,190649
2019,桃園縣,不動產業,銷售額,百萬元,27251,74334
2019,臺中市,不動產業,銷售額,百萬元,47793,155792
2019,臺南市,不動產業,銷售額,百萬元,23921,39735
2019,高雄市,不動產業,銷售額,百萬元,28343,106367
2019,基隆市,不動產業,銷售額,百萬元,1489, 
2019,宜蘭縣,不動產業,銷售額,百萬元,5148,2965
2019,新竹市,不動產業,銷售額,百萬元,8971,20560
2019,新竹縣,不動產業,銷售額,百萬元,8812,20343
2019,苗栗縣,不動產業,銷售額,百萬元,4791,3593
2019,彰化縣,不動產業,銷售額,百萬元,11340,11109
2019,南投縣,不動產業,銷售額,百萬元,2590,1994
2019,雲林縣,不動產業,銷售額,百萬元,5248,5415
2019,嘉義市,不動產業,銷售額,百萬元,5714,3913
2019,嘉義縣,不動產業,銷售額,百萬元,2139, 
2019,屏東縣,不動產業,銷售額,百萬元,4588,2944
2019,澎湖縣,不動產業,銷售額,百萬元,1166, 
2019,花蓮縣,不動產業,銷售額,百萬元,3619,1894
2019,臺東縣,不動產業,銷售額,百萬元,1448, 
2019,金門縣,不動產業,銷售額,百萬元,1624, 
2019,連江縣,不動產業,銷售額,百萬元, ,0
2019,總計,專業、科學及技術服務業,銷售額,百萬元,257143,521980
2019,臺北市,專業、科學及技術服務業,銷售額,百萬元,114606,311677
2019,新北市,專業、科學及技術服務業,銷售額,百萬元,39925,51385
2019,桃園縣,專業、科學及技術服務業,銷售額,百萬元,17538,30754
2019,臺中市,專業、科學及技術服務業,銷售額,百萬元,28915,19104
2019,臺南市,專業、科學及技術服務業,銷售額,百萬元,10323,5174
2019,高雄市,專業、科學及技術服務業,銷售額,百萬元,18870,12131
2019,基隆市,專業、科學及技術服務業,銷售額,百萬元,1387,0
2019,宜蘭縣,專業、科學及技術服務業,銷售額,百萬元,1782, 
2019,新竹市,專業、科學及技術服務業,銷售額,百萬元,4142,43939
2019,新竹縣,專業、科學及技術服務業,銷售額,百萬元,5358,39772
2019,苗栗縣,專業、科學及技術服務業,銷售額,百萬元,1315, 
2019,彰化縣,專業、科學及技術服務業,銷售額,百萬元,3309,1715
2019,南投縣,專業、科學及技術服務業,銷售額,百萬元,1453, 
2019,雲林縣,專業、科學及技術服務業,銷售額,百萬元,1809,0
2019,嘉義市,專業、科學及技術服務業,銷售額,百萬元,1629, 
2019,嘉義縣,專業、科學及技術服務業,銷售額,百萬元,1163, 
2019,屏東縣,專業、科學及技術服務業,銷售額,百萬元,1443, 
2019,澎湖縣,專業、科學及技術服務業,銷售額,百萬元,141,0
2019,花蓮縣,專業、科學及技術服務業,銷售額,百萬元,902, 
2019,臺東縣,專業、科學及技術服務業,銷售額,百萬元,694,0
2019,金門縣,專業、科學及技術服務業,銷售額,百萬元,394,0
2019,連江縣,專業、科學及技術服務業,銷售額,百萬元,48,0
2019,總計,支援服務業,銷售額,百萬元,172493,385167
2019,臺北市,支援服務業,銷售額,百萬元,38864,289973
2019,新北市,支援服務業,銷售額,百萬元,26538,21848
2019,桃園縣,支援服務業,銷售額,百萬元,21704,10844
2019,臺中市,支援服務業,銷售額,百萬元,23865,16084
2019,臺南市,支援服務業,銷售額,百萬元,9802,6574
2019,高雄市,支援服務業,銷售額,百萬元,21921,21028
2019,基隆市,支援服務業,銷售額,百萬元,1772, 
2019,宜蘭縣,支援服務業,銷售額,百萬元,1648, 
2019,新竹市,支援服務業,銷售額,百萬元,3889,4756
2019,新竹縣,支援服務業,銷售額,百萬元,3191,4646
2019,苗栗縣,支援服務業,銷售額,百萬元,2627, 
2019,彰化縣,支援服務業,銷售額,百萬元,3517,1922
2019,南投縣,支援服務業,銷售額,百萬元,1453, 
2019,雲林縣,支援服務業,銷售額,百萬元,1768,978
2019,嘉義市,支援服務業,銷售額,百萬元,1668, 
2019,嘉義縣,支援服務業,銷售額,百萬元,1579, 
2019,屏東縣,支援服務業,銷售額,百萬元,2281, 
2019,澎湖縣,支援服務業,銷售額,百萬元,1017,0
2019,花蓮縣,支援服務業,銷售額,百萬元,1504,0
2019,臺東縣,支援服務業,銷售額,百萬元,970,0
2019,金門縣,支援服務業,銷售額,百萬元,845, 
2019,連江縣,支援服務業,銷售額,百萬元,70,0
2019,總計,教育業,銷售額,百萬元,17051,5047
2019,臺北市,教育業,銷售額,百萬元,5976,2880
2019,新北市,教育業,銷售額,百萬元,1864, 
2019,桃園縣,教育業,銷售額,百萬元,1280, 
2019,臺中市,教育業,銷售額,百萬元,2432, 
2019,臺南市,教育業,銷售額,百萬元,1135,0
2019,高雄市,教育業,銷售額,百萬元,1911, 
2019,基隆市,教育業,銷售額,百萬元,58,0
2019,宜蘭縣,教育業,銷售額,百萬元,115,0
2019,新竹市,教育業,銷售額,百萬元,718,0
2019,新竹縣,教育業,銷售額,百萬元,252,0
2019,苗栗縣,教育業,銷售額,百萬元,87,0
2019,彰化縣,教育業,銷售額,百萬元,332,0
2019,南投縣,教育業,銷售額,百萬元,64,0
2019,雲林縣,教育業,銷售額,百萬元,140,0
2019,嘉義市,教育業,銷售額,百萬元,278,0
2019,嘉義縣,教育業,銷售額,百萬元,25,0
2019,屏東縣,教育業,銷售額,百萬元,197,0
2019,澎湖縣,教育業,銷售額,百萬元,19,0
2019,花蓮縣,教育業,銷售額,百萬元,113,0
2019,臺東縣,教育業,銷售額,百萬元,47,0
2019,金門縣,教育業,銷售額,百萬元,7,0
2019,連江縣,教育業,銷售額,百萬元,3,0
2019,總計,醫療保健及社會工作服務業,銷售額,百萬元,8002,25169
2019,臺北市,醫療保健及社會工作服務業,銷售額,百萬元,2782,3650
2019,新北市,醫療保健及社會工作服務業,銷售額,百萬元,1167,908
2019,桃園縣,醫療保健及社會工作服務業,銷售額,百萬元,540,0
2019,臺中市,醫療保健及社會工作服務業,銷售額,百萬元,1504,913
2019,臺南市,醫療保健及社會工作服務業,銷售額,百萬元,479,0
2019,高雄市,醫療保健及社會工作服務業,銷售額,百萬元,378,19380
2019,基隆市,醫療保健及社會工作服務業,銷售額,百萬元,61, 
2019,宜蘭縣,醫療保健及社會工作服務業,銷售額,百萬元,43, 
2019,新竹市,醫療保健及社會工作服務業,銷售額,百萬元,131, 
2019,新竹縣,醫療保健及社會工作服務業,銷售額,百萬元,248,0
2019,苗栗縣,醫療保健及社會工作服務業,銷售額,百萬元,150, 
2019,彰化縣,醫療保健及社會工作服務業,銷售額,百萬元,158, 
2019,南投縣,醫療保健及社會工作服務業,銷售額,百萬元,28, 
2019,雲林縣,醫療保健及社會工作服務業,銷售額,百萬元,45, 
2019,嘉義市,醫療保健及社會工作服務業,銷售額,百萬元,51, 
2019,嘉義縣,醫療保健及社會工作服務業,銷售額,百萬元,17, 
2019,屏東縣,醫療保健及社會工作服務業,銷售額,百萬元,88, 
2019,澎湖縣,醫療保健及社會工作服務業,銷售額,百萬元, ,0
2019,花蓮縣,醫療保健及社會工作服務業,銷售額,百萬元,112, 
2019,臺東縣,醫療保健及社會工作服務業,銷售額,百萬元,19,0
2019,金門縣,醫療保健及社會工作服務業,銷售額,百萬元, ,0
2019,連江縣,醫療保健及社會工作服務業,銷售額,百萬元,0,0
2019,總計,藝術、娛樂及休閒服務業,銷售額,百萬元,74412,47838
2019,臺北市,藝術、娛樂及休閒服務業,銷售額,百萬元,19045,24692
2019,新北市,藝術、娛樂及休閒服務業,銷售額,百萬元,11407,4789
2019,桃園縣,藝術、娛樂及休閒服務業,銷售額,百萬元,5830,2574
2019,臺中市,藝術、娛樂及休閒服務業,銷售額,百萬元,9510,3116
2019,臺南市,藝術、娛樂及休閒服務業,銷售額,百萬元,4835,1614
2019,高雄市,藝術、娛樂及休閒服務業,銷售額,百萬元,7440,2459
2019,基隆市,藝術、娛樂及休閒服務業,銷售額,百萬元,1022, 
2019,宜蘭縣,藝術、娛樂及休閒服務業,銷售額,百萬元,1136, 
2019,新竹市,藝術、娛樂及休閒服務業,銷售額,百萬元,2117, 
2019,新竹縣,藝術、娛樂及休閒服務業,銷售額,百萬元,1463,2071
2019,苗栗縣,藝術、娛樂及休閒服務業,銷售額,百萬元,1409, 
2019,彰化縣,藝術、娛樂及休閒服務業,銷售額,百萬元,1914, 
2019,南投縣,藝術、娛樂及休閒服務業,銷售額,百萬元,1092, 
2019,雲林縣,藝術、娛樂及休閒服務業,銷售額,百萬元,863, 
2019,嘉義市,藝術、娛樂及休閒服務業,銷售額,百萬元,1025, 
2019,嘉義縣,藝術、娛樂及休閒服務業,銷售額,百萬元,558, 
2019,屏東縣,藝術、娛樂及休閒服務業,銷售額,百萬元,1738, 
2019,澎湖縣,藝術、娛樂及休閒服務業,銷售額,百萬元,328,0
2019,花蓮縣,藝術、娛樂及休閒服務業,銷售額,百萬元,862, 
2019,臺東縣,藝術、娛樂及休閒服務業,銷售額,百萬元,582,0
2019,金門縣,藝術、娛樂及休閒服務業,銷售額,百萬元,193,0
2019,連江縣,藝術、娛樂及休閒服務業,銷售額,百萬元,45,0
2019,總計,其他服務業,銷售額,百萬元,137417,120295
2019,臺北市,其他服務業,銷售額,百萬元,25978,48688
2019,新北市,其他服務業,銷售額,百萬元,16968,10699
2019,桃園縣,其他服務業,銷售額,百萬元,11408,17366
2019,臺中市,其他服務業,銷售額,百萬元,17976,9040
2019,臺南市,其他服務業,銷售額,百萬元,10771,1881
2019,高雄市,其他服務業,銷售額,百萬元,16428,10796
2019,基隆市,其他服務業,銷售額,百萬元,2128, 
2019,宜蘭縣,其他服務業,銷售額,百萬元,2518, 
2019,新竹市,其他服務業,銷售額,百萬元,3366, 
2019,新竹縣,其他服務業,銷售額,百萬元,3083, 
2019,苗栗縣,其他服務業,銷售額,百萬元,2583, 
2019,彰化縣,其他服務業,銷售額,百萬元,6660, 
2019,南投縣,其他服務業,銷售額,百萬元,2690, 
2019,雲林縣,其他服務業,銷售額,百萬元,2955, 
2019,嘉義市,其他服務業,銷售額,百萬元,2148, 
2019,嘉義縣,其他服務業,銷售額,百萬元,1779, 
2019,屏東縣,其他服務業,銷售額,百萬元,4099, 
2019,澎湖縣,其他服務業,銷售額,百萬元,480,0
2019,花蓮縣,其他服務業,銷售額,百萬元,1778,0
2019,臺東縣,其他服務業,銷售額,百萬元,1138, 
2019,金門縣,其他服務業,銷售額,百萬元,438,0
2019,連江縣,其他服務業,銷售額,百萬元,47,0
2020,總計,農林漁牧業,銷售額,百萬元,45217,10990
2020,臺北市,農林漁牧業,銷售額,百萬元,6685,5393
2020,新北市,農林漁牧業,銷售額,百萬元,3072,545
2020,桃園縣,農林漁牧業,銷售額,百萬元,3232, 
2020,臺中市,農林漁牧業,銷售額,百萬元,2097,735
2020,臺南市,農林漁牧業,銷售額,百萬元,5728,881
2020,高雄市,農林漁牧業,銷售額,百萬元,9375,825
2020,基隆市,農林漁牧業,銷售額,百萬元,85,0
2020,宜蘭縣,農林漁牧業,銷售額,百萬元,892,0
2020,新竹市,農林漁牧業,銷售額,百萬元,262,0
2020,新竹縣,農林漁牧業,銷售額,百萬元,324, 
2020,苗栗縣,農林漁牧業,銷售額,百萬元,509, 
2020,彰化縣,農林漁牧業,銷售額,百萬元,2423, 
2020,南投縣,農林漁牧業,銷售額,百萬元,1699,0
2020,雲林縣,農林漁牧業,銷售額,百萬元,1651, 
2020,嘉義市,農林漁牧業,銷售額,百萬元,246, 
2020,嘉義縣,農林漁牧業,銷售額,百萬元,2064, 
2020,屏東縣,農林漁牧業,銷售額,百萬元,3649, 
2020,澎湖縣,農林漁牧業,銷售額,百萬元,163,0
2020,花蓮縣,農林漁牧業,銷售額,百萬元,437, 
2020,臺東縣,農林漁牧業,銷售額,百萬元,557, 
2020,金門縣,農林漁牧業,銷售額,百萬元,58,0
2020,連江縣,農林漁牧業,銷售額,百萬元,10,0
2020,總計,礦業及土石採取業,銷售額,百萬元,33957,16919
2020,臺北市,礦業及土石採取業,銷售額,百萬元,1188,7897
2020,新北市,礦業及土石採取業,銷售額,百萬元,2690, 
2020,桃園縣,礦業及土石採取業,銷售額,百萬元,2260, 
2020,臺中市,礦業及土石採取業,銷售額,百萬元,3973, 
2020,臺南市,礦業及土石採取業,銷售額,百萬元,1181,0
2020,高雄市,礦業及土石採取業,銷售額,百萬元,1857, 
2020,基隆市,礦業及土石採取業,銷售額,百萬元, ,0
2020,宜蘭縣,礦業及土石採取業,銷售額,百萬元,2298, 
2020,新竹市,礦業及土石採取業,銷售額,百萬元,544,0
2020,新竹縣,礦業及土石採取業,銷售額,百萬元,2049,0
2020,苗栗縣,礦業及土石採取業,銷售額,百萬元,1726,0
2020,彰化縣,礦業及土石採取業,銷售額,百萬元,141, 
2020,南投縣,礦業及土石採取業,銷售額,百萬元,1665, 
2020,雲林縣,礦業及土石採取業,銷售額,百萬元,891,0
2020,嘉義市,礦業及土石採取業,銷售額,百萬元, ,0
2020,嘉義縣,礦業及土石採取業,銷售額,百萬元,91,0
2020,屏東縣,礦業及土石採取業,銷售額,百萬元,2168,0
2020,澎湖縣,礦業及土石採取業,銷售額,百萬元,229,0
2020,花蓮縣,礦業及土石採取業,銷售額,百萬元,2833, 
2020,臺東縣,礦業及土石採取業,銷售額,百萬元,1166, 
2020,金門縣,礦業及土石採取業,銷售額,百萬元, ,0
2020,連江縣,礦業及土石採取業,銷售額,百萬元,0,0
2020,總計,製造業,銷售額,百萬元,4557867,10443805
2020,臺北市,製造業,銷售額,百萬元,288967,1441815
2020,新北市,製造業,銷售額,百萬元,702160,921786
2020,桃園縣,製造業,銷售額,百萬元,664506,1211770
2020,臺中市,製造業,銷售額,百萬元,807457,860433
2020,臺南市,製造業,銷售額,百萬元,417009,631872
2020,高雄市,製造業,銷售額,百萬元,449477,1352808
2020,基隆市,製造業,銷售額,百萬元,8957,11700
2020,宜蘭縣,製造業,銷售額,百萬元,54879,31897
2020,新竹市,製造業,銷售額,百萬元,97014,1899611
2020,新竹縣,製造業,銷售額,百萬元,132833,637799
2020,苗栗縣,製造業,銷售額,百萬元,149720,294065
2020,彰化縣,製造業,銷售額,百萬元,373256,377295
2020,南投縣,製造業,銷售額,百萬元,44876,94504
2020,雲林縣,製造業,銷售額,百萬元,184750,539305
2020,嘉義市,製造業,銷售額,百萬元,22793,4160
2020,嘉義縣,製造業,銷售額,百萬元,92415,40077
2020,屏東縣,製造業,銷售額,百萬元,50276,65320
2020,澎湖縣,製造業,銷售額,百萬元,668,0
2020,花蓮縣,製造業,銷售額,百萬元,10946, 
2020,臺東縣,製造業,銷售額,百萬元,3807,0
2020,金門縣,製造業,銷售額,百萬元,1065, 
2020,連江縣,製造業,銷售額,百萬元,36, 
2020,總計,電力及燃氣供應業,銷售額,百萬元,681745,226391
2020,臺北市,電力及燃氣供應業,銷售額,百萬元,66082,37925
2020,新北市,電力及燃氣供應業,銷售額,百萬元,38050,18161
2020,桃園縣,電力及燃氣供應業,銷售額,百萬元,67916,28531
2020,臺中市,電力及燃氣供應業,銷售額,百萬元,85780,27232
2020,臺南市,電力及燃氣供應業,銷售額,百萬元,86591,15453
2020,高雄市,電力及燃氣供應業,銷售額,百萬元,136966,9183
2020,基隆市,電力及燃氣供應業,銷售額,百萬元,8946, 
2020,宜蘭縣,電力及燃氣供應業,銷售額,百萬元,316, 
2020,新竹市,電力及燃氣供應業,銷售額,百萬元,58174, 
2020,新竹縣,電力及燃氣供應業,銷售額,百萬元,2128,10481
2020,苗栗縣,電力及燃氣供應業,銷售額,百萬元,52805, 
2020,彰化縣,電力及燃氣供應業,銷售額,百萬元,30868,8400
2020,南投縣,電力及燃氣供應業,銷售額,百萬元,11623, 
2020,雲林縣,電力及燃氣供應業,銷售額,百萬元,1742, 
2020,嘉義市,電力及燃氣供應業,銷售額,百萬元,6692, 
2020,嘉義縣,電力及燃氣供應業,銷售額,百萬元,1519, 
2020,屏東縣,電力及燃氣供應業,銷售額,百萬元,14473,953
2020,澎湖縣,電力及燃氣供應業,銷售額,百萬元, ,0
2020,花蓮縣,電力及燃氣供應業,銷售額,百萬元,6386, 
2020,臺東縣,電力及燃氣供應業,銷售額,百萬元,2528,0
2020,金門縣,電力及燃氣供應業,銷售額,百萬元, ,0
2020,連江縣,電力及燃氣供應業,銷售額,百萬元, ,0
2020,總計,用水供應及污染整治業,銷售額,百萬元,154464,50072
2020,臺北市,用水供應及污染整治業,銷售額,百萬元,19408,4150
2020,新北市,用水供應及污染整治業,銷售額,百萬元,18637,1155
2020,桃園縣,用水供應及污染整治業,銷售額,百萬元,23663,8755
2020,臺中市,用水供應及污染整治業,銷售額,百萬元,20170,4480
2020,臺南市,用水供應及污染整治業,銷售額,百萬元,12583,1334
2020,高雄市,用水供應及污染整治業,銷售額,百萬元,26148,21524
2020,基隆市,用水供應及污染整治業,銷售額,百萬元,1998,0
2020,宜蘭縣,用水供應及污染整治業,銷售額,百萬元,1182, 
2020,新竹市,用水供應及污染整治業,銷售額,百萬元,4440, 
2020,新竹縣,用水供應及污染整治業,銷售額,百萬元,3795, 
2020,苗栗縣,用水供應及污染整治業,銷售額,百萬元,2438,0
2020,彰化縣,用水供應及污染整治業,銷售額,百萬元,5763, 
2020,南投縣,用水供應及污染整治業,銷售額,百萬元,1402,0
2020,雲林縣,用水供應及污染整治業,銷售額,百萬元,4016, 
2020,嘉義市,用水供應及污染整治業,銷售額,百萬元,1655,0
2020,嘉義縣,用水供應及污染整治業,銷售額,百萬元,2759, 
2020,屏東縣,用水供應及污染整治業,銷售額,百萬元,2426,2714
2020,澎湖縣,用水供應及污染整治業,銷售額,百萬元,167,0
2020,花蓮縣,用水供應及污染整治業,銷售額,百萬元,1023,0
2020,臺東縣,用水供應及污染整治業,銷售額,百萬元,464,0
2020,金門縣,用水供應及污染整治業,銷售額,百萬元,279,0
2020,連江縣,用水供應及污染整治業,銷售額,百萬元, ,0
2020,總計,營建工程業,銷售額,百萬元,1874204,805662
2020,臺北市,營建工程業,銷售額,百萬元,283853,431145
2020,新北市,營建工程業,銷售額,百萬元,318243,91268
2020,桃園縣,營建工程業,銷售額,百萬元,176039,39998
2020,臺中市,營建工程業,銷售額,百萬元,259018,81343
2020,臺南市,營建工程業,銷售額,百萬元,113739,25718
2020,高雄市,營建工程業,銷售額,百萬元,249972,93829
2020,基隆市,營建工程業,銷售額,百萬元,16952, 
2020,宜蘭縣,營建工程業,銷售額,百萬元,35194,2496
2020,新竹市,營建工程業,銷售額,百萬元,56696,15036
2020,新竹縣,營建工程業,銷售額,百萬元,48849,8718
2020,苗栗縣,營建工程業,銷售額,百萬元,31961,4621
2020,彰化縣,營建工程業,銷售額,百萬元,64393, 
2020,南投縣,營建工程業,銷售額,百萬元,23073, 
2020,雲林縣,營建工程業,銷售額,百萬元,64906,1587
2020,嘉義市,營建工程業,銷售額,百萬元,21050, 
2020,嘉義縣,營建工程業,銷售額,百萬元,27894,0
2020,屏東縣,營建工程業,銷售額,百萬元,38533,1892
2020,澎湖縣,營建工程業,銷售額,百萬元,5682,0
2020,花蓮縣,營建工程業,銷售額,百萬元,19502, 
2020,臺東縣,營建工程業,銷售額,百萬元,9771, 
2020,金門縣,營建工程業,銷售額,百萬元,7316, 
2020,連江縣,營建工程業,銷售額,百萬元,1568, 
2020,總計,批發及零售業,銷售額,百萬元,10755870,4656210
2020,臺北市,批發及零售業,銷售額,百萬元,3290922,2655143
2020,新北市,批發及零售業,銷售額,百萬元,1584560,571914
2020,桃園縣,批發及零售業,銷售額,百萬元,963019,178457
2020,臺中市,批發及零售業,銷售額,百萬元,1328566,176456
2020,臺南市,批發及零售業,銷售額,百萬元,646442,137237
2020,高雄市,批發及零售業,銷售額,百萬元,1136076,411974
2020,基隆市,批發及零售業,銷售額,百萬元,52573, 
2020,宜蘭縣,批發及零售業,銷售額,百萬元,96885,5618
2020,新竹市,批發及零售業,銷售額,百萬元,232993,284991
2020,新竹縣,批發及零售業,銷售額,百萬元,204285,94686
2020,苗栗縣,批發及零售業,銷售額,百萬元,121690,56402
2020,彰化縣,批發及零售業,銷售額,百萬元,350017,31139
2020,南投縣,批發及零售業,銷售額,百萬元,85312,2675
2020,雲林縣,批發及零售業,銷售額,百萬元,148825,13420
2020,嘉義市,批發及零售業,銷售額,百萬元,112777,4939
2020,嘉義縣,批發及零售業,銷售額,百萬元,91115,8313
2020,屏東縣,批發及零售業,銷售額,百萬元,171284,18873
2020,澎湖縣,批發及零售業,銷售額,百萬元,15982, 
2020,花蓮縣,批發及零售業,銷售額,百萬元,66772,2435
2020,臺東縣,批發及零售業,銷售額,百萬元,34459, 
2020,金門縣,批發及零售業,銷售額,百萬元,19588,353
2020,連江縣,批發及零售業,銷售額,百萬元,1729,0
2020,總計,運輸及倉儲業,銷售額,百萬元,824114,360375
2020,臺北市,運輸及倉儲業,銷售額,百萬元,339227,143371
2020,新北市,運輸及倉儲業,銷售額,百萬元,65222,71068
2020,桃園縣,運輸及倉儲業,銷售額,百萬元,106351,81357
2020,臺中市,運輸及倉儲業,銷售額,百萬元,53356,8390
2020,臺南市,運輸及倉儲業,銷售額,百萬元,23200,3867
2020,高雄市,運輸及倉儲業,銷售額,百萬元,110416,24057
2020,基隆市,運輸及倉儲業,銷售額,百萬元,26022,18289
2020,宜蘭縣,運輸及倉儲業,銷售額,百萬元,10288, 
2020,新竹市,運輸及倉儲業,銷售額,百萬元,6673, 
2020,新竹縣,運輸及倉儲業,銷售額,百萬元,9004,3210
2020,苗栗縣,運輸及倉儲業,銷售額,百萬元,6475,0
2020,彰化縣,運輸及倉儲業,銷售額,百萬元,14815, 
2020,南投縣,運輸及倉儲業,銷售額,百萬元,4904, 
2020,雲林縣,運輸及倉儲業,銷售額,百萬元,9773, 
2020,嘉義市,運輸及倉儲業,銷售額,百萬元,4534, 
2020,嘉義縣,運輸及倉儲業,銷售額,百萬元,12743,0
2020,屏東縣,運輸及倉儲業,銷售額,百萬元,5110, 
2020,澎湖縣,運輸及倉儲業,銷售額,百萬元,3067, 
2020,花蓮縣,運輸及倉儲業,銷售額,百萬元,5156, 
2020,臺東縣,運輸及倉儲業,銷售額,百萬元,3421, 
2020,金門縣,運輸及倉儲業,銷售額,百萬元,2939,0
2020,連江縣,運輸及倉儲業,銷售額,百萬元,1416, 
2020,總計,住宿及餐飲業,銷售額,百萬元,597578,90739
2020,臺北市,住宿及餐飲業,銷售額,百萬元,145515,53163
2020,新北市,住宿及餐飲業,銷售額,百萬元,71079,2326
2020,桃園縣,住宿及餐飲業,銷售額,百萬元,48252,5146
2020,臺中市,住宿及餐飲業,銷售額,百萬元,81728,6788
2020,臺南市,住宿及餐飲業,銷售額,百萬元,42784,2061
2020,高雄市,住宿及餐飲業,銷售額,百萬元,64580,3397
2020,基隆市,住宿及餐飲業,銷售額,百萬元,6363, 
2020,宜蘭縣,住宿及餐飲業,銷售額,百萬元,13340,2991
2020,新竹市,住宿及餐飲業,銷售額,百萬元,14427,780
2020,新竹縣,住宿及餐飲業,銷售額,百萬元,13442, 
2020,苗栗縣,住宿及餐飲業,銷售額,百萬元,8406,391
2020,彰化縣,住宿及餐飲業,銷售額,百萬元,16098, 
2020,南投縣,住宿及餐飲業,銷售額,百萬元,11071,2420
2020,雲林縣,住宿及餐飲業,銷售額,百萬元,7431, 
2020,嘉義市,住宿及餐飲業,銷售額,百萬元,9182,719
2020,嘉義縣,住宿及餐飲業,銷售額,百萬元,5160, 
2020,屏東縣,住宿及餐飲業,銷售額,百萬元,14789,1304
2020,澎湖縣,住宿及餐飲業,銷售額,百萬元,3040, 
2020,花蓮縣,住宿及餐飲業,銷售額,百萬元,10873,2320
2020,臺東縣,住宿及餐飲業,銷售額,百萬元,7652,2141
2020,金門縣,住宿及餐飲業,銷售額,百萬元,1887, 
2020,連江縣,住宿及餐飲業,銷售額,百萬元,478,0
2020,總計,出版、影音製作、傳播及資通訊服務業,銷售額,百萬元,694864,646144
2020,臺北市,出版、影音製作、傳播及資通訊服務業,銷售額,百萬元,496913,492401
2020,新北市,出版、影音製作、傳播及資通訊服務業,銷售額,百萬元,50274,71926
2020,桃園縣,出版、影音製作、傳播及資通訊服務業,銷售額,百萬元,9988,5769
2020,臺中市,出版、影音製作、傳播及資通訊服務業,銷售額,百萬元,37211,9815
2020,臺南市,出版、影音製作、傳播及資通訊服務業,銷售額,百萬元,14005,3823
2020,高雄市,出版、影音製作、傳播及資通訊服務業,銷售額,百萬元,27381,10543
2020,基隆市,出版、影音製作、傳播及資通訊服務業,銷售額,百萬元,4219, 
2020,宜蘭縣,出版、影音製作、傳播及資通訊服務業,銷售額,百萬元,2997, 
2020,新竹市,出版、影音製作、傳播及資通訊服務業,銷售額,百萬元,13174,11223
2020,新竹縣,出版、影音製作、傳播及資通訊服務業,銷售額,百萬元,5153,32920
2020,苗栗縣,出版、影音製作、傳播及資通訊服務業,銷售額,百萬元,3758, 
2020,彰化縣,出版、影音製作、傳播及資通訊服務業,銷售額,百萬元,7095, 
2020,南投縣,出版、影音製作、傳播及資通訊服務業,銷售額,百萬元,3308, 
2020,雲林縣,出版、影音製作、傳播及資通訊服務業,銷售額,百萬元,4174, 
2020,嘉義市,出版、影音製作、傳播及資通訊服務業,銷售額,百萬元,5015, 
2020,嘉義縣,出版、影音製作、傳播及資通訊服務業,銷售額,百萬元,500, 
2020,屏東縣,出版、影音製作、傳播及資通訊服務業,銷售額,百萬元,3837, 
2020,澎湖縣,出版、影音製作、傳播及資通訊服務業,銷售額,百萬元,746, 
2020,花蓮縣,出版、影音製作、傳播及資通訊服務業,銷售額,百萬元,2673, 
2020,臺東縣,出版、影音製作、傳播及資通訊服務業,銷售額,百萬元,1568, 
2020,金門縣,出版、影音製作、傳播及資通訊服務業,銷售額,百萬元,722, 
2020,連江縣,出版、影音製作、傳播及資通訊服務業,銷售額,百萬元,153,0
2020,總計,金融及保險業,銷售額,百萬元,1174889,1425276
2020,臺北市,金融及保險業,銷售額,百萬元,654390,1367539
2020,新北市,金融及保險業,銷售額,百萬元,107832,16168
2020,桃園縣,金融及保險業,銷售額,百萬元,63373,3631
2020,臺中市,金融及保險業,銷售額,百萬元,94822,21301
2020,臺南市,金融及保險業,銷售額,百萬元,45984,1604
2020,高雄市,金融及保險業,銷售額,百萬元,85494,10868
2020,基隆市,金融及保險業,銷售額,百萬元,5234, 
2020,宜蘭縣,金融及保險業,銷售額,百萬元,8852, 
2020,新竹市,金融及保險業,銷售額,百萬元,20843,591
2020,新竹縣,金融及保險業,銷售額,百萬元,12046,318
2020,苗栗縣,金融及保險業,銷售額,百萬元,7976, 
2020,彰化縣,金融及保險業,銷售額,百萬元,19038,933
2020,南投縣,金融及保險業,銷售額,百萬元,6716,626
2020,雲林縣,金融及保險業,銷售額,百萬元,9689, 
2020,嘉義市,金融及保險業,銷售額,百萬元,8451,193
2020,嘉義縣,金融及保險業,銷售額,百萬元,5698, 
2020,屏東縣,金融及保險業,銷售額,百萬元,9500, 
2020,澎湖縣,金融及保險業,銷售額,百萬元,804, 
2020,花蓮縣,金融及保險業,銷售額,百萬元,4849, 
2020,臺東縣,金融及保險業,銷售額,百萬元,2596,0
2020,金門縣,金融及保險業,銷售額,百萬元,668, 
2020,連江縣,金融及保險業,銷售額,百萬元, ,0
2020,總計,不動產業,銷售額,百萬元,932865,779110
2020,臺北市,不動產業,銷售額,百萬元,194653,440161
2020,新北市,不動產業,銷售額,百萬元,153818,123854
2020,桃園縣,不動產業,銷售額,百萬元,97494,32548
2020,臺中市,不動產業,銷售額,百萬元,168175,90062
2020,臺南市,不動產業,銷售額,百萬元,56551,19223
2020,高雄市,不動產業,銷售額,百萬元,98943,47831
2020,基隆市,不動產業,銷售額,百萬元,2390,1317
2020,宜蘭縣,不動產業,銷售額,百萬元,10226,272
2020,新竹市,不動產業,銷售額,百萬元,29831,12238
2020,新竹縣,不動產業,銷售額,百萬元,36292,4401
2020,苗栗縣,不動產業,銷售額,百萬元,9523,1579
2020,彰化縣,不動產業,銷售額,百萬元,22268,2186
2020,南投縣,不動產業,銷售額,百萬元,4601, 
2020,雲林縣,不動產業,銷售額,百萬元,13174, 
2020,嘉義市,不動產業,銷售額,百萬元,10932,1497
2020,嘉義縣,不動產業,銷售額,百萬元,3640,86
2020,屏東縣,不動產業,銷售額,百萬元,7267,305
2020,澎湖縣,不動產業,銷售額,百萬元,1576, 
2020,花蓮縣,不動產業,銷售額,百萬元,6643, 
2020,臺東縣,不動產業,銷售額,百萬元,2720, 
2020,金門縣,不動產業,銷售額,百萬元,2125, 
2020,連江縣,不動產業,銷售額,百萬元, ,0
2020,總計,專業、科學及技術服務業,銷售額,百萬元,541748,274938
2020,臺北市,專業、科學及技術服務業,銷售額,百萬元,299368,141139
2020,新北市,專業、科學及技術服務業,銷售額,百萬元,71781,29832
2020,桃園縣,專業、科學及技術服務業,銷售額,百萬元,45036,5613
2020,臺中市,專業、科學及技術服務業,銷售額,百萬元,42413,6228
2020,臺南市,專業、科學及技術服務業,銷售額,百萬元,14500,1525
2020,高雄市,專業、科學及技術服務業,銷售額,百萬元,29735,2008
2020,基隆市,專業、科學及技術服務業,銷售額,百萬元,1499,0
2020,宜蘭縣,專業、科學及技術服務業,銷售額,百萬元,2172, 
2020,新竹市,專業、科學及技術服務業,銷售額,百萬元,7572,42738
2020,新竹縣,專業、科學及技術服務業,銷售額,百萬元,9763,39774
2020,苗栗縣,專業、科學及技術服務業,銷售額,百萬元,1639, 
2020,彰化縣,專業、科學及技術服務業,銷售額,百萬元,4974, 
2020,南投縣,專業、科學及技術服務業,銷售額,百萬元,1515,0
2020,雲林縣,專業、科學及技術服務業,銷售額,百萬元,1841, 
2020,嘉義市,專業、科學及技術服務業,銷售額,百萬元,1484,461
2020,嘉義縣,專業、科學及技術服務業,銷售額,百萬元,1765,0
2020,屏東縣,專業、科學及技術服務業,銷售額,百萬元,1561,1032
2020,澎湖縣,專業、科學及技術服務業,銷售額,百萬元,145,0
2020,花蓮縣,專業、科學及技術服務業,銷售額,百萬元,1836, 
2020,臺東縣,專業、科學及技術服務業,銷售額,百萬元,736,0
2020,金門縣,專業、科學及技術服務業,銷售額,百萬元,355,0
2020,連江縣,專業、科學及技術服務業,銷售額,百萬元,58,0
2020,總計,支援服務業,銷售額,百萬元,309009,235677
2020,臺北市,支援服務業,銷售額,百萬元,98184,209934
2020,新北市,支援服務業,銷售額,百萬元,43513,8884
2020,桃園縣,支援服務業,銷售額,百萬元,32690,2240
2020,臺中市,支援服務業,銷售額,百萬元,37259,1826
2020,臺南市,支援服務業,銷售額,百萬元,16501, 
2020,高雄市,支援服務業,銷售額,百萬元,34289,8335
2020,基隆市,支援服務業,銷售額,百萬元,2703, 
2020,宜蘭縣,支援服務業,銷售額,百萬元,2566, 
2020,新竹市,支援服務業,銷售額,百萬元,8864, 
2020,新竹縣,支援服務業,銷售額,百萬元,5768, 
2020,苗栗縣,支援服務業,銷售額,百萬元,3548,0
2020,彰化縣,支援服務業,銷售額,百萬元,4906, 
2020,南投縣,支援服務業,銷售額,百萬元,1706,0
2020,雲林縣,支援服務業,銷售額,百萬元,2545,0
2020,嘉義市,支援服務業,銷售額,百萬元,1973, 
2020,嘉義縣,支援服務業,銷售額,百萬元,4493,0
2020,屏東縣,支援服務業,銷售額,百萬元,2873, 
2020,澎湖縣,支援服務業,銷售額,百萬元,1185, 
2020,花蓮縣,支援服務業,銷售額,百萬元,1496,0
2020,臺東縣,支援服務業,銷售額,百萬元,970,0
2020,金門縣,支援服務業,銷售額,百萬元,885,0
2020,連江縣,支援服務業,銷售額,百萬元,91,0
2020,總計,教育業,銷售額,百萬元,21001,2137
2020,臺北市,教育業,銷售額,百萬元,7813,1044
2020,新北市,教育業,銷售額,百萬元,2316, 
2020,桃園縣,教育業,銷售額,百萬元,1338, 
2020,臺中市,教育業,銷售額,百萬元,3208, 
2020,臺南市,教育業,銷售額,百萬元,1195, 
2020,高雄市,教育業,銷售額,百萬元,2314, 
2020,基隆市,教育業,銷售額,百萬元,88,0
2020,宜蘭縣,教育業,銷售額,百萬元,154,0
2020,新竹市,教育業,銷售額,百萬元,766,0
2020,新竹縣,教育業,銷售額,百萬元,397,0
2020,苗栗縣,教育業,銷售額,百萬元,102,0
2020,彰化縣,教育業,銷售額,百萬元,338,0
2020,南投縣,教育業,銷售額,百萬元,66,0
2020,雲林縣,教育業,銷售額,百萬元,154,0
2020,嘉義市,教育業,銷售額,百萬元,276,0
2020,嘉義縣,教育業,銷售額,百萬元,43,0
2020,屏東縣,教育業,銷售額,百萬元,200,0
2020,澎湖縣,教育業,銷售額,百萬元,27,0
2020,花蓮縣,教育業,銷售額,百萬元,128,0
2020,臺東縣,教育業,銷售額,百萬元,57,0
2020,金門縣,教育業,銷售額,百萬元,16,0
2020,連江縣,教育業,銷售額,百萬元,3,0
2020,總計,醫療保健及社會工作服務業,銷售額,百萬元,30883,3661
2020,臺北市,醫療保健及社會工作服務業,銷售額,百萬元,3842,2808
2020,新北市,醫療保健及社會工作服務業,銷售額,百萬元,1535, 
2020,桃園縣,醫療保健及社會工作服務業,銷售額,百萬元,557,0
2020,臺中市,醫療保健及社會工作服務業,銷售額,百萬元,2628, 
2020,臺南市,醫療保健及社會工作服務業,銷售額,百萬元,621, 
2020,高雄市,醫療保健及社會工作服務業,銷售額,百萬元,20060, 
2020,基隆市,醫療保健及社會工作服務業,銷售額,百萬元,67,0
2020,宜蘭縣,醫療保健及社會工作服務業,銷售額,百萬元,41,0
2020,新竹市,醫療保健及社會工作服務業,銷售額,百萬元,104,0
2020,新竹縣,醫療保健及社會工作服務業,銷售額,百萬元,265, 
2020,苗栗縣,醫療保健及社會工作服務業,銷售額,百萬元,157, 
2020,彰化縣,醫療保健及社會工作服務業,銷售額,百萬元,495,0
2020,南投縣,醫療保健及社會工作服務業,銷售額,百萬元,31,0
2020,雲林縣,醫療保健及社會工作服務業,銷售額,百萬元,49,0
2020,嘉義市,醫療保健及社會工作服務業,銷售額,百萬元,52,0
2020,嘉義縣,醫療保健及社會工作服務業,銷售額,百萬元,58,0
2020,屏東縣,醫療保健及社會工作服務業,銷售額,百萬元,142,0
2020,澎湖縣,醫療保健及社會工作服務業,銷售額,百萬元, ,0
2020,花蓮縣,醫療保健及社會工作服務業,銷售額,百萬元,153, 
2020,臺東縣,醫療保健及社會工作服務業,銷售額,百萬元,19,0
2020,金門縣,醫療保健及社會工作服務業,銷售額,百萬元,6,0
2020,連江縣,醫療保健及社會工作服務業,銷售額,百萬元,0,0
2020,總計,藝術、娛樂及休閒服務業,銷售額,百萬元,100994,19687
2020,臺北市,藝術、娛樂及休閒服務業,銷售額,百萬元,32321,7085
2020,新北市,藝術、娛樂及休閒服務業,銷售額,百萬元,15390,602
2020,桃園縣,藝術、娛樂及休閒服務業,銷售額,百萬元,7516,1682
2020,臺中市,藝術、娛樂及休閒服務業,銷售額,百萬元,11088,2722
2020,臺南市,藝術、娛樂及休閒服務業,銷售額,百萬元,6426, 
2020,高雄市,藝術、娛樂及休閒服務業,銷售額,百萬元,9209, 
2020,基隆市,藝術、娛樂及休閒服務業,銷售額,百萬元,1198, 
2020,宜蘭縣,藝術、娛樂及休閒服務業,銷售額,百萬元,1942, 
2020,新竹市,藝術、娛樂及休閒服務業,銷售額,百萬元,2179,0
2020,新竹縣,藝術、娛樂及休閒服務業,銷售額,百萬元,1890,1507
2020,苗栗縣,藝術、娛樂及休閒服務業,銷售額,百萬元,1532, 
2020,彰化縣,藝術、娛樂及休閒服務業,銷售額,百萬元,1946, 
2020,南投縣,藝術、娛樂及休閒服務業,銷售額,百萬元,1478, 
2020,雲林縣,藝術、娛樂及休閒服務業,銷售額,百萬元,881, 
2020,嘉義市,藝術、娛樂及休閒服務業,銷售額,百萬元,1198,0
2020,嘉義縣,藝術、娛樂及休閒服務業,銷售額,百萬元,655, 
2020,屏東縣,藝術、娛樂及休閒服務業,銷售額,百萬元,1795, 
2020,澎湖縣,藝術、娛樂及休閒服務業,銷售額,百萬元,320,0
2020,花蓮縣,藝術、娛樂及休閒服務業,銷售額,百萬元,1215, 
2020,臺東縣,藝術、娛樂及休閒服務業,銷售額,百萬元,580, 
2020,金門縣,藝術、娛樂及休閒服務業,銷售額,百萬元,192,0
2020,連江縣,藝術、娛樂及休閒服務業,銷售額,百萬元,42,0
2020,總計,其他服務業,銷售額,百萬元,224244,26004
2020,臺北市,其他服務業,銷售額,百萬元,47515,15335
2020,新北市,其他服務業,銷售額,百萬元,25901,1419
2020,桃園縣,其他服務業,銷售額,百萬元,24200,5829
2020,臺中市,其他服務業,銷售額,百萬元,27956, 
2020,臺南市,其他服務業,銷售額,百萬元,12893, 
2020,高雄市,其他服務業,銷售額,百萬元,27692,680
2020,基隆市,其他服務業,銷售額,百萬元,2352, 
2020,宜蘭縣,其他服務業,銷售額,百萬元,3286, 
2020,新竹市,其他服務業,銷售額,百萬元,9482,0
2020,新竹縣,其他服務業,銷售額,百萬元,7918, 
2020,苗栗縣,其他服務業,銷售額,百萬元,4115, 
2020,彰化縣,其他服務業,銷售額,百萬元,7681, 
2020,南投縣,其他服務業,銷售額,百萬元,2531, 
2020,雲林縣,其他服務業,銷售額,百萬元,4159,0
2020,嘉義市,其他服務業,銷售額,百萬元,4633,0
2020,嘉義縣,其他服務業,銷售額,百萬元,2543, 
2020,屏東縣,其他服務業,銷售額,百萬元,5398, 
2020,澎湖縣,其他服務業,銷售額,百萬元,429,0
2020,花蓮縣,其他服務業,銷售額,百萬元,1746,0
2020,臺東縣,其他服務業,銷售額,百萬元,1336,0
2020,金門縣,其他服務業,銷售額,百萬元,420,0
2020,連江縣,其他服務業,銷售額,百萬元,58,0
2021,總計,農、林、漁、牧業,銷售額,百萬元,50428,13978
2021,臺北市,農、林、漁、牧業,銷售額,百萬元,6746,6857
2021,新北市,農、林、漁、牧業,銷售額,百萬元,3021,682
2021,桃園市,農、林、漁、牧業,銷售額,百萬元,2549, 
2021,臺中市,農、林、漁、牧業,銷售額,百萬元,2485,1081
2021,臺南市,農、林、漁、牧業,銷售額,百萬元,6371,1325
2021,高雄市,農、林、漁、牧業,銷售額,百萬元,12940,1100
2021,基隆市,農、林、漁、牧業,銷售額,百萬元,98,0
2021,宜蘭縣,農、林、漁、牧業,銷售額,百萬元,893,0
2021,新竹市,農、林、漁、牧業,銷售額,百萬元,291,0
2021,新竹縣,農、林、漁、牧業,銷售額,百萬元,321, 
2021,苗栗縣,農、林、漁、牧業,銷售額,百萬元,554, 
2021,彰化縣,農、林、漁、牧業,銷售額,百萬元,2662, 
2021,南投縣,農、林、漁、牧業,銷售額,百萬元,1712,0
2021,雲林縣,農、林、漁、牧業,銷售額,百萬元,1882, 
2021,嘉義市,農、林、漁、牧業,銷售額,百萬元,294, 
2021,嘉義縣,農、林、漁、牧業,銷售額,百萬元,2034, 
2021,屏東縣,農、林、漁、牧業,銷售額,百萬元,4327, 
2021,花蓮縣,農、林、漁、牧業,銷售額,百萬元,394, 
2021,臺東縣,農、林、漁、牧業,銷售額,百萬元,629, 
2021,離島地區,農、林、漁、牧業,銷售額,百萬元,226,0
2021,總計,礦業及土石採取業與電力及燃氣供應業,銷售額,百萬元,784098,237819
2021,臺北市,礦業及土石採取業與電力及燃氣供應業,銷售額,百萬元,72308,32820
2021,新北市,礦業及土石採取業與電力及燃氣供應業,銷售額,百萬元,44956,17776
2021,桃園市,礦業及土石採取業與電力及燃氣供應業,銷售額,百萬元,76439,30832
2021,臺中市,礦業及土石採取業與電力及燃氣供應業,銷售額,百萬元,100048,31508
2021,臺南市,礦業及土石採取業與電力及燃氣供應業,銷售額,百萬元,95267,19542
2021,高雄市,礦業及土石採取業與電力及燃氣供應業,銷售額,百萬元,144433,12355
2021,基隆市,礦業及土石採取業與電力及燃氣供應業,銷售額,百萬元,15341, 
2021,宜蘭縣,礦業及土石採取業與電力及燃氣供應業,銷售額,百萬元,2529, 
2021,新竹市,礦業及土石採取業與電力及燃氣供應業,銷售額,百萬元,63812, 
2021,新竹縣,礦業及土石採取業與電力及燃氣供應業,銷售額,百萬元,8833,12287
2021,苗栗縣,礦業及土石採取業與電力及燃氣供應業,銷售額,百萬元,64021, 
2021,彰化縣,礦業及土石採取業與電力及燃氣供應業,銷售額,百萬元,34047,11341
2021,南投縣,礦業及土石採取業與電力及燃氣供應業,銷售額,百萬元,14369, 
2021,雲林縣,礦業及土石採取業與電力及燃氣供應業,銷售額,百萬元,2785,24137
2021,嘉義市,礦業及土石採取業與電力及燃氣供應業,銷售額,百萬元,8963, 
2021,嘉義縣,礦業及土石採取業與電力及燃氣供應業,銷售額,百萬元,2195, 
2021,屏東縣,礦業及土石採取業與電力及燃氣供應業,銷售額,百萬元,17130,1086
2021,花蓮縣,礦業及土石採取業與電力及燃氣供應業,銷售額,百萬元,8935, 
2021,臺東縣,礦業及土石採取業與電力及燃氣供應業,銷售額,百萬元,3788, 
2021,離島地區,礦業及土石採取業與電力及燃氣供應業,銷售額,百萬元,3900,0
2021,總計,製造業,銷售額,百萬元,5466678,12912126
2021,臺北市,製造業,銷售額,百萬元,324026,1700568
2021,新北市,製造業,銷售額,百萬元,812679,1056128
2021,桃園市,製造業,銷售額,百萬元,772856,1433885
2021,臺中市,製造業,銷售額,百萬元,993336,1029652
2021,臺南市,製造業,銷售額,百萬元,471725,810214
2021,高雄市,製造業,銷售額,百萬元,560858,1865235
2021,基隆市,製造業,銷售額,百萬元,10100,14041
2021,宜蘭縣,製造業,銷售額,百萬元,64999,39737
2021,新竹市,製造業,銷售額,百萬元,112408,2352080
2021,新竹縣,製造業,銷售額,百萬元,160577,756422
2021,苗栗縣,製造業,銷售額,百萬元,197940,334900
2021,彰化縣,製造業,銷售額,百萬元,448363,480272
2021,南投縣,製造業,銷售額,百萬元,53134,109800
2021,雲林縣,製造業,銷售額,百萬元,275680,765917
2021,嘉義市,製造業,銷售額,百萬元,25634,4926
2021,嘉義縣,製造業,銷售額,百萬元,106315,49552
2021,屏東縣,製造業,銷售額,百萬元,59092,77451
2021,花蓮縣,製造業,銷售額,百萬元,11398,19997
2021,臺東縣,製造業,銷售額,百萬元,3862, 
2021,離島地區,製造業,銷售額,百萬元,1697, 
2021,總計,用水供應及污染整治業,銷售額,百萬元,186306,52282
2021,臺北市,用水供應及污染整治業,銷售額,百萬元,21217,5684
2021,新北市,用水供應及污染整治業,銷售額,百萬元,23905,1241
2021,桃園市,用水供應及污染整治業,銷售額,百萬元,30311,7822
2021,臺中市,用水供應及污染整治業,銷售額,百萬元,25737,4862
2021,臺南市,用水供應及污染整治業,銷售額,百萬元,14775,1541
2021,高雄市,用水供應及污染整治業,銷售額,百萬元,31902,20116
2021,基隆市,用水供應及污染整治業,銷售額,百萬元,2316,0
2021,宜蘭縣,用水供應及污染整治業,銷售額,百萬元,1211, 
2021,新竹市,用水供應及污染整治業,銷售額,百萬元,5198,0
2021,新竹縣,用水供應及污染整治業,銷售額,百萬元,4804, 
2021,苗栗縣,用水供應及污染整治業,銷售額,百萬元,3095,0
2021,彰化縣,用水供應及污染整治業,銷售額,百萬元,6966, 
2021,南投縣,用水供應及污染整治業,銷售額,百萬元,1682,0
2021,雲林縣,用水供應及污染整治業,銷售額,百萬元,4012, 
2021,嘉義市,用水供應及污染整治業,銷售額,百萬元,1477,0
2021,嘉義縣,用水供應及污染整治業,銷售額,百萬元,3267, 
2021,屏東縣,用水供應及污染整治業,銷售額,百萬元,2479,3896
2021,花蓮縣,用水供應及污染整治業,銷售額,百萬元,1023,0
2021,臺東縣,用水供應及污染整治業,銷售額,百萬元,486,0
2021,離島地區,用水供應及污染整治業,銷售額,百萬元,445,0
2021,總計,營建工程業,銷售額,百萬元,2109714,960104
2021,臺北市,營建工程業,銷售額,百萬元,310077,494389
2021,新北市,營建工程業,銷售額,百萬元,348977,116650
2021,桃園市,營建工程業,銷售額,百萬元,202224,54769
2021,臺中市,營建工程業,銷售額,百萬元,291139,102727
2021,臺南市,營建工程業,銷售額,百萬元,131297,28744
2021,高雄市,營建工程業,銷售額,百萬元,290719,106413
2021,基隆市,營建工程業,銷售額,百萬元,18767, 
2021,宜蘭縣,營建工程業,銷售額,百萬元,37996,2827
2021,新竹市,營建工程業,銷售額,百萬元,73996,16620
2021,新竹縣,營建工程業,銷售額,百萬元,58041,14403
2021,苗栗縣,營建工程業,銷售額,百萬元,37456,6808
2021,彰化縣,營建工程業,銷售額,百萬元,72643, 
2021,南投縣,營建工程業,銷售額,百萬元,24751,0
2021,雲林縣,營建工程業,銷售額,百萬元,69092,1547
2021,嘉義市,營建工程業,銷售額,百萬元,22414,4184
2021,嘉義縣,營建工程業,銷售額,百萬元,30548,0
2021,屏東縣,營建工程業,銷售額,百萬元,43701,3783
2021,花蓮縣,營建工程業,銷售額,百萬元,19253, 
2021,臺東縣,營建工程業,銷售額,百萬元,10269, 
2021,離島地區,營建工程業,銷售額,百萬元,16354, 
2021,總計,批發及零售業,銷售額,百萬元,11961205,5585526
2021,臺北市,批發及零售業,銷售額,百萬元,3631053,3023620
2021,新北市,批發及零售業,銷售額,百萬元,1759300,743388
2021,桃園市,批發及零售業,銷售額,百萬元,1063955,206106
2021,臺中市,批發及零售業,銷售額,百萬元,1494911,206124
2021,臺南市,批發及零售業,銷售額,百萬元,723795,158701
2021,高雄市,批發及零售業,銷售額,百萬元,1295053,528662
2021,基隆市,批發及零售業,銷售額,百萬元,58603,1087
2021,宜蘭縣,批發及零售業,銷售額,百萬元,102715,4241
2021,新竹市,批發及零售業,銷售額,百萬元,251957,465547
2021,新竹縣,批發及零售業,銷售額,百萬元,244314,113891
2021,苗栗縣,批發及零售業,銷售額,百萬元,132092,42009
2021,彰化縣,批發及零售業,銷售額,百萬元,398937,33447
2021,南投縣,批發及零售業,銷售額,百萬元,92337,2833
2021,雲林縣,批發及零售業,銷售額,百萬元,165114,16310
2021,嘉義市,批發及零售業,銷售額,百萬元,120957,4471
2021,嘉義縣,批發及零售業,銷售額,百萬元,102290,9490
2021,屏東縣,批發及零售業,銷售額,百萬元,185461,22634
2021,花蓮縣,批發及零售業,銷售額,百萬元,68081,2575
2021,臺東縣,批發及零售業,銷售額,百萬元,34357, 
2021,離島地區,批發及零售業,銷售額,百萬元,35921,373
2021,總計,運輸及倉儲業,銷售額,百萬元,1096982,513760
2021,臺北市,運輸及倉儲業,銷售額,百萬元,557064,217309
2021,新北市,運輸及倉儲業,銷售額,百萬元,70216,71548
2021,桃園市,運輸及倉儲業,銷售額,百萬元,111978,99055
2021,臺中市,運輸及倉儲業,銷售額,百萬元,66176,8889
2021,臺南市,運輸及倉儲業,銷售額,百萬元,26744,5374
2021,高雄市,運輸及倉儲業,銷售額,百萬元,133288,32909
2021,基隆市,運輸及倉儲業,銷售額,百萬元,25361,68226
2021,宜蘭縣,運輸及倉儲業,銷售額,百萬元,11325, 
2021,新竹市,運輸及倉儲業,銷售額,百萬元,7629, 
2021,新竹縣,運輸及倉儲業,銷售額,百萬元,9041,3824
2021,苗栗縣,運輸及倉儲業,銷售額,百萬元,7221,0
2021,彰化縣,運輸及倉儲業,銷售額,百萬元,16922, 
2021,南投縣,運輸及倉儲業,銷售額,百萬元,5414, 
2021,雲林縣,運輸及倉儲業,銷售額,百萬元,10578, 
2021,嘉義市,運輸及倉儲業,銷售額,百萬元,4603, 
2021,嘉義縣,運輸及倉儲業,銷售額,百萬元,12840,0
2021,屏東縣,運輸及倉儲業,銷售額,百萬元,5407, 
2021,花蓮縣,運輸及倉儲業,銷售額,百萬元,5235, 
2021,臺東縣,運輸及倉儲業,銷售額,百萬元,3650, 
2021,離島地區,運輸及倉儲業,銷售額,百萬元,6292, 
2021,總計,住宿及餐飲業,銷售額,百萬元,576832,91745
2021,臺北市,住宿及餐飲業,銷售額,百萬元,136948,54045
2021,新北市,住宿及餐飲業,銷售額,百萬元,69428,2022
2021,桃園市,住宿及餐飲業,銷售額,百萬元,48051,5664
2021,臺中市,住宿及餐飲業,銷售額,百萬元,79793,6795
2021,臺南市,住宿及餐飲業,銷售額,百萬元,42375,2279
2021,高雄市,住宿及餐飲業,銷售額,百萬元,61801,4227
2021,基隆市,住宿及餐飲業,銷售額,百萬元,5941, 
2021,宜蘭縣,住宿及餐飲業,銷售額,百萬元,13408,2890
2021,新竹市,住宿及餐飲業,銷售額,百萬元,14825,651
2021,新竹縣,住宿及餐飲業,銷售額,百萬元,13535, 
2021,苗栗縣,住宿及餐飲業,銷售額,百萬元,8686,1527
2021,彰化縣,住宿及餐飲業,銷售額,百萬元,15776, 
2021,南投縣,住宿及餐飲業,銷售額,百萬元,10114,1543
2021,雲林縣,住宿及餐飲業,銷售額,百萬元,7214, 
2021,嘉義市,住宿及餐飲業,銷售額,百萬元,8788,1514
2021,嘉義縣,住宿及餐飲業,銷售額,百萬元,5210, 
2021,屏東縣,住宿及餐飲業,銷售額,百萬元,13943,932
2021,花蓮縣,住宿及餐飲業,銷售額,百萬元,9897,2051
2021,臺東縣,住宿及餐飲業,銷售額,百萬元,6468,1010
2021,離島地區,住宿及餐飲業,銷售額,百萬元,4632,835
2021,總計,出版、影音製作、傳播及資通訊服務業,銷售額,百萬元,758526,754493
2021,臺北市,出版、影音製作、傳播及資通訊服務業,銷售額,百萬元,533297,581938
2021,新北市,出版、影音製作、傳播及資通訊服務業,銷售額,百萬元,72361,81401
2021,桃園市,出版、影音製作、傳播及資通訊服務業,銷售額,百萬元,10436,5928
2021,臺中市,出版、影音製作、傳播及資通訊服務業,銷售額,百萬元,39060,14507
2021,臺南市,出版、影音製作、傳播及資通訊服務業,銷售額,百萬元,14364,3689
2021,高雄市,出版、影音製作、傳播及資通訊服務業,銷售額,百萬元,27803,10408
2021,基隆市,出版、影音製作、傳播及資通訊服務業,銷售額,百萬元,4172, 
2021,宜蘭縣,出版、影音製作、傳播及資通訊服務業,銷售額,百萬元,2869, 
2021,新竹市,出版、影音製作、傳播及資通訊服務業,銷售額,百萬元,13923,15979
2021,新竹縣,出版、影音製作、傳播及資通訊服務業,銷售額,百萬元,6347,32779
2021,苗栗縣,出版、影音製作、傳播及資通訊服務業,銷售額,百萬元,3889, 
2021,彰化縣,出版、影音製作、傳播及資通訊服務業,銷售額,百萬元,7130, 
2021,南投縣,出版、影音製作、傳播及資通訊服務業,銷售額,百萬元,3366, 
2021,雲林縣,出版、影音製作、傳播及資通訊服務業,銷售額,百萬元,4329, 
2021,嘉義市,出版、影音製作、傳播及資通訊服務業,銷售額,百萬元,5003, 
2021,嘉義縣,出版、影音製作、傳播及資通訊服務業,銷售額,百萬元,530, 
2021,屏東縣,出版、影音製作、傳播及資通訊服務業,銷售額,百萬元,3908, 
2021,花蓮縣,出版、影音製作、傳播及資通訊服務業,銷售額,百萬元,2643, 
2021,臺東縣,出版、影音製作、傳播及資通訊服務業,銷售額,百萬元,1543, 
2021,離島地區,出版、影音製作、傳播及資通訊服務業,銷售額,百萬元,1554, 
2021,總計,金融及保險業,銷售額,百萬元,1244032,1491059
2021,臺北市,金融及保險業,銷售額,百萬元,682915,1430571
2021,新北市,金融及保險業,銷售額,百萬元,116883,12352
2021,桃園市,金融及保險業,銷售額,百萬元,69324,6618
2021,臺中市,金融及保險業,銷售額,百萬元,106808,24906
2021,臺南市,金融及保險業,銷售額,百萬元,48891,1845
2021,高雄市,金融及保險業,銷售額,百萬元,90749,10985
2021,基隆市,金融及保險業,銷售額,百萬元,4353, 
2021,宜蘭縣,金融及保險業,銷售額,百萬元,8864, 
2021,新竹市,金融及保險業,銷售額,百萬元,20899,987
2021,新竹縣,金融及保險業,銷售額,百萬元,13042,546
2021,苗栗縣,金融及保險業,銷售額,百萬元,8422, 
2021,彰化縣,金融及保險業,銷售額,百萬元,20777,1230
2021,南投縣,金融及保險業,銷售額,百萬元,7413,367
2021,雲林縣,金融及保險業,銷售額,百萬元,11056, 
2021,嘉義市,金融及保險業,銷售額,百萬元,9540,205
2021,嘉義縣,金融及保險業,銷售額,百萬元,5453, 
2021,屏東縣,金融及保險業,銷售額,百萬元,10323,57
2021,花蓮縣,金融及保險業,銷售額,百萬元,4159, 
2021,臺東縣,金融及保險業,銷售額,百萬元,2727,0
2021,離島地區,金融及保險業,銷售額,百萬元,1435, 
2021,總計,不動產業,銷售額,百萬元,1050319,803586
2021,臺北市,不動產業,銷售額,百萬元,195905,458081
2021,新北市,不動產業,銷售額,百萬元,187694,113625
2021,桃園市,不動產業,銷售額,百萬元,102279,37816
2021,臺中市,不動產業,銷售額,百萬元,180975,90791
2021,臺南市,不動產業,銷售額,百萬元,75136,17346
2021,高雄市,不動產業,銷售額,百萬元,109227,61863
2021,基隆市,不動產業,銷售額,百萬元,2238,451
2021,宜蘭縣,不動產業,銷售額,百萬元,12645,1949
2021,新竹市,不動產業,銷售額,百萬元,38959,9755
2021,新竹縣,不動產業,銷售額,百萬元,40225,4253
2021,苗栗縣,不動產業,銷售額,百萬元,12922,1810
2021,彰化縣,不動產業,銷售額,百萬元,30647,1614
2021,南投縣,不動產業,銷售額,百萬元,5378, 
2021,雲林縣,不動產業,銷售額,百萬元,14670, 
2021,嘉義市,不動產業,銷售額,百萬元,12345,2183
2021,嘉義縣,不動產業,銷售額,百萬元,4409,198
2021,屏東縣,不動產業,銷售額,百萬元,9596,373
2021,花蓮縣,不動產業,銷售額,百萬元,7850, 
2021,臺東縣,不動產業,銷售額,百萬元,3057, 
2021,離島地區,不動產業,銷售額,百萬元,4163, 
2021,總計,專業、科學及技術服務業,銷售額,百萬元,647139,354860
2021,臺北市,專業、科學及技術服務業,銷售額,百萬元,343670,186307
2021,新北市,專業、科學及技術服務業,銷售額,百萬元,75302,32038
2021,桃園市,專業、科學及技術服務業,銷售額,百萬元,84280,4789
2021,臺中市,專業、科學及技術服務業,銷售額,百萬元,50086,7276
2021,臺南市,專業、科學及技術服務業,銷售額,百萬元,16740,2133
2021,高雄市,專業、科學及技術服務業,銷售額,百萬元,33297,5819
2021,基隆市,專業、科學及技術服務業,銷售額,百萬元,1631, 
2021,宜蘭縣,專業、科學及技術服務業,銷售額,百萬元,2286, 
2021,新竹市,專業、科學及技術服務業,銷售額,百萬元,8663,63311
2021,新竹縣,專業、科學及技術服務業,銷售額,百萬元,11338,45218
2021,苗栗縣,專業、科學及技術服務業,銷售額,百萬元,1696, 
2021,彰化縣,專業、科學及技術服務業,銷售額,百萬元,5156, 
2021,南投縣,專業、科學及技術服務業,銷售額,百萬元,1804, 
2021,雲林縣,專業、科學及技術服務業,銷售額,百萬元,2115, 
2021,嘉義市,專業、科學及技術服務業,銷售額,百萬元,1673,490
2021,嘉義縣,專業、科學及技術服務業,銷售額,百萬元,2191, 
2021,屏東縣,專業、科學及技術服務業,銷售額,百萬元,1662, 
2021,花蓮縣,專業、科學及技術服務業,銷售額,百萬元,1859, 
2021,臺東縣,專業、科學及技術服務業,銷售額,百萬元,866,0
2021,離島地區,專業、科學及技術服務業,銷售額,百萬元,823,0
2021,總計,支援服務業,銷售額,百萬元,329820,256419
2021,臺北市,支援服務業,銷售額,百萬元,105472,228334
2021,新北市,支援服務業,銷售額,百萬元,46089,7539
2021,桃園市,支援服務業,銷售額,百萬元,36629,3136
2021,臺中市,支援服務業,銷售額,百萬元,40147,1579
2021,臺南市,支援服務業,銷售額,百萬元,17426, 
2021,高雄市,支援服務業,銷售額,百萬元,34941,10665
2021,基隆市,支援服務業,銷售額,百萬元,2816, 
2021,宜蘭縣,支援服務業,銷售額,百萬元,2578,0
2021,新竹市,支援服務業,銷售額,百萬元,8878, 
2021,新竹縣,支援服務業,銷售額,百萬元,6654, 
2021,苗栗縣,支援服務業,銷售額,百萬元,4161,0
2021,彰化縣,支援服務業,銷售額,百萬元,6034, 
2021,南投縣,支援服務業,銷售額,百萬元,1687,0
2021,雲林縣,支援服務業,銷售額,百萬元,2623,0
2021,嘉義市,支援服務業,銷售額,百萬元,2211, 
2021,嘉義縣,支援服務業,銷售額,百萬元,4147,0
2021,屏東縣,支援服務業,銷售額,百萬元,2919,0
2021,花蓮縣,支援服務業,銷售額,百萬元,1450,0
2021,臺東縣,支援服務業,銷售額,百萬元,926,0
2021,離島地區,支援服務業,銷售額,百萬元,2032, 
2021,總計,教育業,銷售額,百萬元,21375,2719
2021,臺北市,教育業,銷售額,百萬元,8402,970
2021,新北市,教育業,銷售額,百萬元,2711, 
2021,桃園市,教育業,銷售額,百萬元,1161, 
2021,臺中市,教育業,銷售額,百萬元,3025, 
2021,臺南市,教育業,銷售額,百萬元,1151, 
2021,高雄市,教育業,銷售額,百萬元,2232,0
2021,基隆市,教育業,銷售額,百萬元,65,0
2021,宜蘭縣,教育業,銷售額,百萬元,141,0
2021,新竹市,教育業,銷售額,百萬元,773,0
2021,新竹縣,教育業,銷售額,百萬元,435,0
2021,苗栗縣,教育業,銷售額,百萬元,111,0
2021,彰化縣,教育業,銷售額,百萬元,292,0
2021,南投縣,教育業,銷售額,百萬元,58,0
2021,雲林縣,教育業,銷售額,百萬元,150,0
2021,嘉義市,教育業,銷售額,百萬元,213,0
2021,嘉義縣,教育業,銷售額,百萬元,33,0
2021,屏東縣,教育業,銷售額,百萬元,221,0
2021,花蓮縣,教育業,銷售額,百萬元,111,0
2021,臺東縣,教育業,銷售額,百萬元,47,0
2021,離島地區,教育業,銷售額,百萬元,41,0
2021,總計,醫療保健及社會工作服務業,銷售額,百萬元,32987,3359
2021,臺北市,醫療保健及社會工作服務業,銷售額,百萬元,4181,2534
2021,新北市,醫療保健及社會工作服務業,銷售額,百萬元,1861, 
2021,桃園市,醫療保健及社會工作服務業,銷售額,百萬元,689,0
2021,臺中市,醫療保健及社會工作服務業,銷售額,百萬元,2872, 
2021,臺南市,醫療保健及社會工作服務業,銷售額,百萬元,692,0
2021,高雄市,醫療保健及社會工作服務業,銷售額,百萬元,20893, 
2021,基隆市,醫療保健及社會工作服務業,銷售額,百萬元,83,0
2021,宜蘭縣,醫療保健及社會工作服務業,銷售額,百萬元,47,0
2021,新竹市,醫療保健及社會工作服務業,銷售額,百萬元,126, 
2021,新竹縣,醫療保健及社會工作服務業,銷售額,百萬元,311, 
2021,苗栗縣,醫療保健及社會工作服務業,銷售額,百萬元,201, 
2021,彰化縣,醫療保健及社會工作服務業,銷售額,百萬元,577,0
2021,南投縣,醫療保健及社會工作服務業,銷售額,百萬元,31,0
2021,雲林縣,醫療保健及社會工作服務業,銷售額,百萬元,88,0
2021,嘉義市,醫療保健及社會工作服務業,銷售額,百萬元,51,0
2021,嘉義縣,醫療保健及社會工作服務業,銷售額,百萬元,64,0
2021,屏東縣,醫療保健及社會工作服務業,銷售額,百萬元,101,0
2021,花蓮縣,醫療保健及社會工作服務業,銷售額,百萬元,95, 
2021,臺東縣,醫療保健及社會工作服務業,銷售額,百萬元,11,0
2021,離島地區,醫療保健及社會工作服務業,銷售額,百萬元,13,0
2021,總計,藝術、娛樂及休閒服務業,銷售額,百萬元,85552,17213
2021,臺北市,藝術、娛樂及休閒服務業,銷售額,百萬元,30045,6650
2021,新北市,藝術、娛樂及休閒服務業,銷售額,百萬元,12866,415
2021,桃園市,藝術、娛樂及休閒服務業,銷售額,百萬元,5998,1377
2021,臺中市,藝術、娛樂及休閒服務業,銷售額,百萬元,8917,2135
2021,臺南市,藝術、娛樂及休閒服務業,銷售額,百萬元,5155, 
2021,高雄市,藝術、娛樂及休閒服務業,銷售額,百萬元,7356, 
2021,基隆市,藝術、娛樂及休閒服務業,銷售額,百萬元,861, 
2021,宜蘭縣,藝術、娛樂及休閒服務業,銷售額,百萬元,1497, 
2021,新竹市,藝術、娛樂及休閒服務業,銷售額,百萬元,1790,0
2021,新竹縣,藝術、娛樂及休閒服務業,銷售額,百萬元,1726,1243
2021,苗栗縣,藝術、娛樂及休閒服務業,銷售額,百萬元,1230, 
2021,彰化縣,藝術、娛樂及休閒服務業,銷售額,百萬元,1701, 
2021,南投縣,藝術、娛樂及休閒服務業,銷售額,百萬元,886, 
2021,雲林縣,藝術、娛樂及休閒服務業,銷售額,百萬元,733, 
2021,嘉義市,藝術、娛樂及休閒服務業,銷售額,百萬元,883,0
2021,嘉義縣,藝術、娛樂及休閒服務業,銷售額,百萬元,653, 
2021,屏東縣,藝術、娛樂及休閒服務業,銷售額,百萬元,1529, 
2021,花蓮縣,藝術、娛樂及休閒服務業,銷售額,百萬元,877, 
2021,臺東縣,藝術、娛樂及休閒服務業,銷售額,百萬元,440, 
2021,離島地區,藝術、娛樂及休閒服務業,銷售額,百萬元,410,0
2021,總計,其他服務業,銷售額,百萬元,217508,23205
2021,臺北市,其他服務業,銷售額,百萬元,43396,11597
2021,新北市,其他服務業,銷售額,百萬元,26155,2328
2021,桃園市,其他服務業,銷售額,百萬元,23904,5658
2021,臺中市,其他服務業,銷售額,百萬元,26412, 
2021,臺南市,其他服務業,銷售額,百萬元,12715, 
2021,高雄市,其他服務業,銷售額,百萬元,27217,826
2021,基隆市,其他服務業,銷售額,百萬元,2256, 
2021,宜蘭縣,其他服務業,銷售額,百萬元,3196,0
2021,新竹市,其他服務業,銷售額,百萬元,9005,0
2021,新竹縣,其他服務業,銷售額,百萬元,9481, 
2021,苗栗縣,其他服務業,銷售額,百萬元,4278, 
2021,彰化縣,其他服務業,銷售額,百萬元,7392, 
2021,南投縣,其他服務業,銷售額,百萬元,2436, 
2021,雲林縣,其他服務業,銷售額,百萬元,3634,0
2021,嘉義市,其他服務業,銷售額,百萬元,4388,0
2021,嘉義縣,其他服務業,銷售額,百萬元,2334, 
2021,屏東縣,其他服務業,銷售額,百萬元,5484, 
2021,花蓮縣,其他服務業,銷售額,百萬元,1611,0
2021,臺東縣,其他服務業,銷售額,百萬元,1394,0
2021,離島地區,其他服務業,銷售額,百萬元,821,0
2022,總計,農、林、漁、牧業與礦業及土石採取業,銷售額,百萬元,93783,44617
2022,臺北市,農、林、漁、牧業與礦業及土石採取業,銷售額,百萬元,5575,29818
2022,新北市,農、林、漁、牧業與礦業及土石採取業,銷售額,百萬元,6348,1514
2022,桃園市,農、林、漁、牧業與礦業及土石採取業,銷售額,百萬元,5794,688
2022,臺中市,農、林、漁、牧業與礦業及土石採取業,銷售額,百萬元,7955,2774
2022,臺南市,農、林、漁、牧業與礦業及土石採取業,銷售額,百萬元,8193,1455
2022,高雄市,農、林、漁、牧業與礦業及土石採取業,銷售額,百萬元,15613,4391
2022,基隆市,農、林、漁、牧業與礦業及土石採取業,銷售額,百萬元,5900,0
2022,宜蘭縣,農、林、漁、牧業與礦業及土石採取業,銷售額,百萬元,3048, 
2022,新竹市,農、林、漁、牧業與礦業及土石採取業,銷售額,百萬元,773,0
2022,新竹縣,農、林、漁、牧業與礦業及土石採取業,銷售額,百萬元,3817, 
2022,苗栗縣,農、林、漁、牧業與礦業及土石採取業,銷售額,百萬元,2863, 
2022,彰化縣,農、林、漁、牧業與礦業及土石採取業,銷售額,百萬元,3447, 
2022,南投縣,農、林、漁、牧業與礦業及土石採取業,銷售額,百萬元,4126, 
2022,雲林縣,農、林、漁、牧業與礦業及土石採取業,銷售額,百萬元,3796, 
2022,嘉義市,農、林、漁、牧業與礦業及土石採取業,銷售額,百萬元,322, 
2022,嘉義縣,農、林、漁、牧業與礦業及土石採取業,銷售額,百萬元,3146, 
2022,屏東縣,農、林、漁、牧業與礦業及土石採取業,銷售額,百萬元,5969, 
2022,花蓮縣,農、林、漁、牧業與礦業及土石採取業,銷售額,百萬元,2680, 
2022,臺東縣,農、林、漁、牧業與礦業及土石採取業,銷售額,百萬元,1844, 
2022,離島地區,農、林、漁、牧業與礦業及土石採取業,銷售額,百萬元,2575,0
2022,總計,製造業,銷售額,百萬元,5572416,14528445
2022,臺北市,製造業,銷售額,百萬元,329502,1815659
2022,新北市,製造業,銷售額,百萬元,821738,1100489
2022,桃園市,製造業,銷售額,百萬元,826596,1920745
2022,臺中市,製造業,銷售額,百萬元,1003890,1057927
2022,臺南市,製造業,銷售額,百萬元,453812,807681
2022,高雄市,製造業,銷售額,百萬元,555000,1944698
2022,基隆市,製造業,銷售額,百萬元,10120,15372
2022,宜蘭縣,製造業,銷售額,百萬元,68976,44724
2022,新竹市,製造業,銷售額,百萬元,120403,3003229
2022,新竹縣,製造業,銷售額,百萬元,235617,728813
2022,苗栗縣,製造業,銷售額,百萬元,189358,268561
2022,彰化縣,製造業,銷售額,百萬元,424602,527713
2022,南投縣,製造業,銷售額,百萬元,54772,120852
2022,雲林縣,製造業,銷售額,百萬元,267707,991958
2022,嘉義市,製造業,銷售額,百萬元,27674,5485
2022,嘉義縣,製造業,銷售額,百萬元,104773,48749
2022,屏東縣,製造業,銷售額,百萬元,59215,88647
2022,花蓮縣,製造業,銷售額,百萬元,12127, 
2022,臺東縣,製造業,銷售額,百萬元,4367, 
2022,離島地區,製造業,銷售額,百萬元,2168, 
2022,總計,電力及燃氣供應業與用水供應及污染整治業,銷售額,百萬元,1082880,351565
2022,臺北市,電力及燃氣供應業與用水供應及污染整治業,銷售額,百萬元,94616,36041
2022,新北市,電力及燃氣供應業與用水供應及污染整治業,銷售額,百萬元,69362,20152
2022,桃園市,電力及燃氣供應業與用水供應及污染整治業,銷售額,百萬元,109328,49768
2022,臺中市,電力及燃氣供應業與用水供應及污染整治業,銷售額,百萬元,121995,39007
2022,臺南市,電力及燃氣供應業與用水供應及污染整治業,銷售額,百萬元,135623,28406
2022,高雄市,電力及燃氣供應業與用水供應及污染整治業,銷售額,百萬元,228305,35102
2022,基隆市,電力及燃氣供應業與用水供應及污染整治業,銷售額,百萬元,11911, 
2022,宜蘭縣,電力及燃氣供應業與用水供應及污染整治業,銷售額,百萬元,1573, 
2022,新竹市,電力及燃氣供應業與用水供應及污染整治業,銷售額,百萬元,74273, 
2022,新竹縣,電力及燃氣供應業與用水供應及污染整治業,銷售額,百萬元,11789,13955
2022,苗栗縣,電力及燃氣供應業與用水供應及污染整治業,銷售額,百萬元,103039, 
2022,彰化縣,電力及燃氣供應業與用水供應及污染整治業,銷售額,百萬元,42531,18397
2022,南投縣,電力及燃氣供應業與用水供應及污染整治業,銷售額,百萬元,14972, 
2022,雲林縣,電力及燃氣供應業與用水供應及污染整治業,銷售額,百萬元,6428,44153
2022,嘉義市,電力及燃氣供應業與用水供應及污染整治業,銷售額,百萬元,18085, 
2022,嘉義縣,電力及燃氣供應業與用水供應及污染整治業,銷售額,百萬元,5677, 
2022,屏東縣,電力及燃氣供應業與用水供應及污染整治業,銷售額,百萬元,18507,4243
2022,花蓮縣,電力及燃氣供應業與用水供應及污染整治業,銷售額,百萬元,8409, 
2022,臺東縣,電力及燃氣供應業與用水供應及污染整治業,銷售額,百萬元,3384,0
2022,離島地區,電力及燃氣供應業與用水供應及污染整治業,銷售額,百萬元,3072,0
2022,總計,營建工程業,銷售額,百萬元,2418945,1178333
2022,臺北市,營建工程業,銷售額,百萬元,329953,577399
2022,新北市,營建工程業,銷售額,百萬元,391427,142108
2022,桃園市,營建工程業,銷售額,百萬元,236260,65432
2022,臺中市,營建工程業,銷售額,百萬元,351225,130731
2022,臺南市,營建工程業,銷售額,百萬元,158099,34022
2022,高雄市,營建工程業,銷售額,百萬元,324826,142811
2022,基隆市,營建工程業,銷售額,百萬元,21075, 
2022,宜蘭縣,營建工程業,銷售額,百萬元,40815,3502
2022,新竹市,營建工程業,銷售額,百萬元,93760,26219
2022,新竹縣,營建工程業,銷售額,百萬元,66687,27746
2022,苗栗縣,營建工程業,銷售額,百萬元,47285,8175
2022,彰化縣,營建工程業,銷售額,百萬元,84069, 
2022,南投縣,營建工程業,銷售額,百萬元,28936,0
2022,雲林縣,營建工程業,銷售額,百萬元,78229,3834
2022,嘉義市,營建工程業,銷售額,百萬元,24241,4690
2022,嘉義縣,營建工程業,銷售額,百萬元,35881,0
2022,屏東縣,營建工程業,銷售額,百萬元,52477,5373
2022,花蓮縣,營建工程業,銷售額,百萬元,23603,3565
2022,臺東縣,營建工程業,銷售額,百萬元,11378, 
2022,離島地區,營建工程業,銷售額,百萬元,18718, 
2022,總計,批發及零售業,銷售額,百萬元,12825088,5882438
2022,臺北市,批發及零售業,銷售額,百萬元,3952091,3192803
2022,新北市,批發及零售業,銷售額,百萬元,1868117,815344
2022,桃園市,批發及零售業,銷售額,百萬元,1151068,230521
2022,臺中市,批發及零售業,銷售額,百萬元,1583169,217268
2022,臺南市,批發及零售業,銷售額,百萬元,758395,180374
2022,高雄市,批發及零售業,銷售額,百萬元,1352467,544739
2022,基隆市,批發及零售業,銷售額,百萬元,60909, 
2022,宜蘭縣,批發及零售業,銷售額,百萬元,109827,4367
2022,新竹市,批發及零售業,銷售額,百萬元,281723,454576
2022,新竹縣,批發及零售業,銷售額,百萬元,284540,113123
2022,苗栗縣,批發及零售業,銷售額,百萬元,143924,41028
2022,彰化縣,批發及零售業,銷售額,百萬元,408190,33695
2022,南投縣,批發及零售業,銷售額,百萬元,100606,3086
2022,雲林縣,批發及零售業,銷售額,百萬元,172847,16867
2022,嘉義市,批發及零售業,銷售額,百萬元,132733,5532
2022,嘉義縣,批發及零售業,銷售額,百萬元,109910,10632
2022,屏東縣,批發及零售業,銷售額,百萬元,203286,14169
2022,花蓮縣,批發及零售業,銷售額,百萬元,72367,2743
2022,臺東縣,批發及零售業,銷售額,百萬元,36305, 
2022,離島地區,批發及零售業,銷售額,百萬元,42616,432
2022,總計,運輸及倉儲業,銷售額,百萬元,1174563,769064
2022,臺北市,運輸及倉儲業,銷售額,百萬元,604449,446563
2022,新北市,運輸及倉儲業,銷售額,百萬元,69092,75217
2022,桃園市,運輸及倉儲業,銷售額,百萬元,124752,120593
2022,臺中市,運輸及倉儲業,銷售額,百萬元,69095,8794
2022,臺南市,運輸及倉儲業,銷售額,百萬元,28814,6779
2022,高雄市,運輸及倉儲業,銷售額,百萬元,131365,41162
2022,基隆市,運輸及倉儲業,銷售額,百萬元,27839,57118
2022,宜蘭縣,運輸及倉儲業,銷售額,百萬元,12216, 
2022,新竹市,運輸及倉儲業,銷售額,百萬元,8632, 
2022,新竹縣,運輸及倉儲業,銷售額,百萬元,10099,5731
2022,苗栗縣,運輸及倉儲業,銷售額,百萬元,8519,0
2022,彰化縣,運輸及倉儲業,銷售額,百萬元,18093, 
2022,南投縣,運輸及倉儲業,銷售額,百萬元,5748, 
2022,雲林縣,運輸及倉儲業,銷售額,百萬元,11581, 
2022,嘉義市,運輸及倉儲業,銷售額,百萬元,4892, 
2022,嘉義縣,運輸及倉儲業,銷售額,百萬元,13835,0
2022,屏東縣,運輸及倉儲業,銷售額,百萬元,6616, 
2022,花蓮縣,運輸及倉儲業,銷售額,百萬元,5758, 
2022,臺東縣,運輸及倉儲業,銷售額,百萬元,4253, 
2022,離島地區,運輸及倉儲業,銷售額,百萬元,8914, 
2022,總計,住宿及餐飲業,銷售額,百萬元,695994,112858
2022,臺北市,住宿及餐飲業,銷售額,百萬元,163677,63750
2022,新北市,住宿及餐飲業,銷售額,百萬元,83852,3206
2022,桃園市,住宿及餐飲業,銷售額,百萬元,57136,7251
2022,臺中市,住宿及餐飲業,銷售額,百萬元,97959,8891
2022,臺南市,住宿及餐飲業,銷售額,百萬元,50999,3360
2022,高雄市,住宿及餐飲業,銷售額,百萬元,73394,5042
2022,基隆市,住宿及餐飲業,銷售額,百萬元,7084, 
2022,宜蘭縣,住宿及餐飲業,銷售額,百萬元,16384,3847
2022,新竹市,住宿及餐飲業,銷售額,百萬元,17682,1000
2022,新竹縣,住宿及餐飲業,銷售額,百萬元,16053, 
2022,苗栗縣,住宿及餐飲業,銷售額,百萬元,10173,1824
2022,彰化縣,住宿及餐飲業,銷售額,百萬元,18628, 
2022,南投縣,住宿及餐飲業,銷售額,百萬元,13343,1820
2022,雲林縣,住宿及餐飲業,銷售額,百萬元,8155, 
2022,嘉義市,住宿及餐飲業,銷售額,百萬元,10222,877
2022,嘉義縣,住宿及餐飲業,銷售額,百萬元,6089, 
2022,屏東縣,住宿及餐飲業,銷售額,百萬元,17558,1597
2022,花蓮縣,住宿及餐飲業,銷售額,百萬元,12393,2968
2022,臺東縣,住宿及餐飲業,銷售額,百萬元,8390,1342
2022,離島地區,住宿及餐飲業,銷售額,百萬元,6821,1512
2022,總計,出版、影音製作、傳播及資通訊服務業,銷售額,百萬元,854209,816846
2022,臺北市,出版、影音製作、傳播及資通訊服務業,銷售額,百萬元,611672,635160
2022,新北市,出版、影音製作、傳播及資通訊服務業,銷售額,百萬元,81799,83872
2022,桃園市,出版、影音製作、傳播及資通訊服務業,銷售額,百萬元,11388,6995
2022,臺中市,出版、影音製作、傳播及資通訊服務業,銷售額,百萬元,42985,10093
2022,臺南市,出版、影音製作、傳播及資通訊服務業,銷售額,百萬元,14981,3653
2022,高雄市,出版、影音製作、傳播及資通訊服務業,銷售額,百萬元,27391,10602
2022,基隆市,出版、影音製作、傳播及資通訊服務業,銷售額,百萬元,4326, 
2022,宜蘭縣,出版、影音製作、傳播及資通訊服務業,銷售額,百萬元,3127, 
2022,新竹市,出版、影音製作、傳播及資通訊服務業,銷售額,百萬元,15151,21340
2022,新竹縣,出版、影音製作、傳播及資通訊服務業,銷售額,百萬元,6233,37442
2022,苗栗縣,出版、影音製作、傳播及資通訊服務業,銷售額,百萬元,4116, 
2022,彰化縣,出版、影音製作、傳播及資通訊服務業,銷售額,百萬元,7477, 
2022,南投縣,出版、影音製作、傳播及資通訊服務業,銷售額,百萬元,3398, 
2022,雲林縣,出版、影音製作、傳播及資通訊服務業,銷售額,百萬元,4373, 
2022,嘉義市,出版、影音製作、傳播及資通訊服務業,銷售額,百萬元,5196, 
2022,嘉義縣,出版、影音製作、傳播及資通訊服務業,銷售額,百萬元,576, 
2022,屏東縣,出版、影音製作、傳播及資通訊服務業,銷售額,百萬元,3928, 
2022,花蓮縣,出版、影音製作、傳播及資通訊服務業,銷售額,百萬元,2839, 
2022,臺東縣,出版、影音製作、傳播及資通訊服務業,銷售額,百萬元,1646, 
2022,離島地區,出版、影音製作、傳播及資通訊服務業,銷售額,百萬元,1606, 
2022,總計,金融及保險業,銷售額,百萬元,1419316,1719696
2022,臺北市,金融及保險業,銷售額,百萬元,821372,1623884
2022,新北市,金融及保險業,銷售額,百萬元,122366,16101
2022,桃園市,金融及保險業,銷售額,百萬元,75775,13064
2022,臺中市,金融及保險業,銷售額,百萬元,113519,23952
2022,臺南市,金融及保險業,銷售額,百萬元,53609,3285
2022,高雄市,金融及保險業,銷售額,百萬元,98746,12053
2022,基隆市,金融及保險業,銷售額,百萬元,4149, 
2022,宜蘭縣,金融及保險業,銷售額,百萬元,9135, 
2022,新竹市,金融及保險業,銷售額,百萬元,21871,3918
2022,新竹縣,金融及保險業,銷售額,百萬元,15356,4018
2022,苗栗縣,金融及保險業,銷售額,百萬元,8396, 
2022,彰化縣,金融及保險業,銷售額,百萬元,21711,18015
2022,南投縣,金融及保險業,銷售額,百萬元,7699,471
2022,雲林縣,金融及保險業,銷售額,百萬元,10759, 
2022,嘉義市,金融及保險業,銷售額,百萬元,9456,168
2022,嘉義縣,金融及保險業,銷售額,百萬元,6429, 
2022,屏東縣,金融及保險業,銷售額,百萬元,10475,115
2022,花蓮縣,金融及保險業,銷售額,百萬元,4113,0
2022,臺東縣,金融及保險業,銷售額,百萬元,2857,0
2022,離島地區,金融及保險業,銷售額,百萬元,1523, 
2022,總計,不動產業,銷售額,百萬元,993830,769124
2022,臺北市,不動產業,銷售額,百萬元,194012,442591
2022,新北市,不動產業,銷售額,百萬元,161259,104830
2022,桃園市,不動產業,銷售額,百萬元,104421,33557
2022,臺中市,不動產業,銷售額,百萬元,190172,85897
2022,臺南市,不動產業,銷售額,百萬元,62765,17213
2022,高雄市,不動產業,銷售額,百萬元,98390,60246
2022,基隆市,不動產業,銷售額,百萬元,2673,520
2022,宜蘭縣,不動產業,銷售額,百萬元,12672,767
2022,新竹市,不動產業,銷售額,百萬元,30470,11556
2022,新竹縣,不動產業,銷售額,百萬元,33730,4343
2022,苗栗縣,不動產業,銷售額,百萬元,10075,1628
2022,彰化縣,不動產業,銷售額,百萬元,33693,2941
2022,南投縣,不動產業,銷售額,百萬元,4941, 
2022,雲林縣,不動產業,銷售額,百萬元,14265,437
2022,嘉義市,不動產業,銷售額,百萬元,10729,1241
2022,嘉義縣,不動產業,銷售額,百萬元,4865,117
2022,屏東縣,不動產業,銷售額,百萬元,9668,552
2022,花蓮縣,不動產業,銷售額,百萬元,7107, 
2022,臺東縣,不動產業,銷售額,百萬元,4022, 
2022,離島地區,不動產業,銷售額,百萬元,3901, 
2022,總計,專業、科學及技術服務業,銷售額,百萬元,665892,348551
2022,臺北市,專業、科學及技術服務業,銷售額,百萬元,362666,174479
2022,新北市,專業、科學及技術服務業,銷售額,百萬元,82069,40081
2022,桃園市,專業、科學及技術服務業,銷售額,百萬元,59475,3973
2022,臺中市,專業、科學及技術服務業,銷售額,百萬元,53591,9685
2022,臺南市,專業、科學及技術服務業,銷售額,百萬元,19323,4026
2022,高雄市,專業、科學及技術服務業,銷售額,百萬元,37145,2706
2022,基隆市,專業、科學及技術服務業,銷售額,百萬元,1843, 
2022,宜蘭縣,專業、科學及技術服務業,銷售額,百萬元,2540, 
2022,新竹市,專業、科學及技術服務業,銷售額,百萬元,11199,63434
2022,新竹縣,專業、科學及技術服務業,銷售額,百萬元,13335,43283
2022,苗栗縣,專業、科學及技術服務業,銷售額,百萬元,2483, 
2022,彰化縣,專業、科學及技術服務業,銷售額,百萬元,5632, 
2022,南投縣,專業、科學及技術服務業,銷售額,百萬元,1848, 
2022,雲林縣,專業、科學及技術服務業,銷售額,百萬元,3059, 
2022,嘉義市,專業、科學及技術服務業,銷售額,百萬元,1926, 
2022,嘉義縣,專業、科學及技術服務業,銷售額,百萬元,1850, 
2022,屏東縣,專業、科學及技術服務業,銷售額,百萬元,1845, 
2022,花蓮縣,專業、科學及技術服務業,銷售額,百萬元,2134, 
2022,臺東縣,專業、科學及技術服務業,銷售額,百萬元,918, 
2022,離島地區,專業、科學及技術服務業,銷售額,百萬元,1010,0
2022,總計,支援服務業,銷售額,百萬元,374504,260557
2022,臺北市,支援服務業,銷售額,百萬元,122732,227847
2022,新北市,支援服務業,銷售額,百萬元,53855,9154
2022,桃園市,支援服務業,銷售額,百萬元,40296,4652
2022,臺中市,支援服務業,銷售額,百萬元,44415,2127
2022,臺南市,支援服務業,銷售額,百萬元,19701, 
2022,高雄市,支援服務業,銷售額,百萬元,40983,10603
2022,基隆市,支援服務業,銷售額,百萬元,3012,0
2022,宜蘭縣,支援服務業,銷售額,百萬元,2702, 
2022,新竹市,支援服務業,銷售額,百萬元,9011, 
2022,新竹縣,支援服務業,銷售額,百萬元,7549, 
2022,苗栗縣,支援服務業,銷售額,百萬元,3858,0
2022,彰化縣,支援服務業,銷售額,百萬元,6161, 
2022,南投縣,支援服務業,銷售額,百萬元,1868,0
2022,雲林縣,支援服務業,銷售額,百萬元,2689,0
2022,嘉義市,支援服務業,銷售額,百萬元,2049, 
2022,嘉義縣,支援服務業,銷售額,百萬元,4890, 
2022,屏東縣,支援服務業,銷售額,百萬元,3420,0
2022,花蓮縣,支援服務業,銷售額,百萬元,1441,0
2022,臺東縣,支援服務業,銷售額,百萬元,1200, 
2022,離島地區,支援服務業,銷售額,百萬元,2670, 
2022,總計,教育業,銷售額,百萬元,26006,3249
2022,臺北市,教育業,銷售額,百萬元,9905,1456
2022,新北市,教育業,銷售額,百萬元,3923, 
2022,桃園市,教育業,銷售額,百萬元,1420, 
2022,臺中市,教育業,銷售額,百萬元,3592, 
2022,臺南市,教育業,銷售額,百萬元,1414, 
2022,高雄市,教育業,銷售額,百萬元,2458,0
2022,基隆市,教育業,銷售額,百萬元,89,0
2022,宜蘭縣,教育業,銷售額,百萬元,142,0
2022,新竹市,教育業,銷售額,百萬元,869,0
2022,新竹縣,教育業,銷售額,百萬元,626,0
2022,苗栗縣,教育業,銷售額,百萬元,157,0
2022,彰化縣,教育業,銷售額,百萬元,371,0
2022,南投縣,教育業,銷售額,百萬元,70,0
2022,雲林縣,教育業,銷售額,百萬元,180,0
2022,嘉義市,教育業,銷售額,百萬元,244,0
2022,嘉義縣,教育業,銷售額,百萬元,42,0
2022,屏東縣,教育業,銷售額,百萬元,229,0
2022,花蓮縣,教育業,銷售額,百萬元,120,0
2022,臺東縣,教育業,銷售額,百萬元,55,0
2022,離島地區,教育業,銷售額,百萬元,99,0
2022,總計,醫療保健及社會工作服務業,銷售額,百萬元,36054,3871
2022,臺北市,醫療保健及社會工作服務業,銷售額,百萬元,4073,3027
2022,新北市,醫療保健及社會工作服務業,銷售額,百萬元,2061, 
2022,桃園市,醫療保健及社會工作服務業,銷售額,百萬元,777,0
2022,臺中市,醫療保健及社會工作服務業,銷售額,百萬元,3385, 
2022,臺南市,醫療保健及社會工作服務業,銷售額,百萬元,1010,0
2022,高雄市,醫療保健及社會工作服務業,銷售額,百萬元,22523, 
2022,基隆市,醫療保健及社會工作服務業,銷售額,百萬元,100,0
2022,宜蘭縣,醫療保健及社會工作服務業,銷售額,百萬元,68,0
2022,新竹市,醫療保健及社會工作服務業,銷售額,百萬元,212, 
2022,新竹縣,醫療保健及社會工作服務業,銷售額,百萬元,406, 
2022,苗栗縣,醫療保健及社會工作服務業,銷售額,百萬元,193, 
2022,彰化縣,醫療保健及社會工作服務業,銷售額,百萬元,597,0
2022,南投縣,醫療保健及社會工作服務業,銷售額,百萬元,66,0
2022,雲林縣,醫療保健及社會工作服務業,銷售額,百萬元,175,0
2022,嘉義市,醫療保健及社會工作服務業,銷售額,百萬元,56,0
2022,嘉義縣,醫療保健及社會工作服務業,銷售額,百萬元,94,0
2022,屏東縣,醫療保健及社會工作服務業,銷售額,百萬元,122,0
2022,花蓮縣,醫療保健及社會工作服務業,銷售額,百萬元,103, 
2022,臺東縣,醫療保健及社會工作服務業,銷售額,百萬元,20,0
2022,離島地區,醫療保健及社會工作服務業,銷售額,百萬元,13,0
2022,總計,藝術、娛樂及休閒服務業,銷售額,百萬元,114018,19654
2022,臺北市,藝術、娛樂及休閒服務業,銷售額,百萬元,37238,8508
2022,新北市,藝術、娛樂及休閒服務業,銷售額,百萬元,17680,869
2022,桃園市,藝術、娛樂及休閒服務業,銷售額,百萬元,8414,1583
2022,臺中市,藝術、娛樂及休閒服務業,銷售額,百萬元,12196,968
2022,臺南市,藝術、娛樂及休閒服務業,銷售額,百萬元,7227, 
2022,高雄市,藝術、娛樂及休閒服務業,銷售額,百萬元,10370, 
2022,基隆市,藝術、娛樂及休閒服務業,銷售額,百萬元,1155, 
2022,宜蘭縣,藝術、娛樂及休閒服務業,銷售額,百萬元,2094, 
2022,新竹市,藝術、娛樂及休閒服務業,銷售額,百萬元,2365,0
2022,新竹縣,藝術、娛樂及休閒服務業,銷售額,百萬元,2172,1635
2022,苗栗縣,藝術、娛樂及休閒服務業,銷售額,百萬元,1708, 
2022,彰化縣,藝術、娛樂及休閒服務業,銷售額,百萬元,2306, 
2022,南投縣,藝術、娛樂及休閒服務業,銷售額,百萬元,1259, 
2022,雲林縣,藝術、娛樂及休閒服務業,銷售額,百萬元,1088, 
2022,嘉義市,藝術、娛樂及休閒服務業,銷售額,百萬元,1186,0
2022,嘉義縣,藝術、娛樂及休閒服務業,銷售額,百萬元,805, 
2022,屏東縣,藝術、娛樂及休閒服務業,銷售額,百萬元,2223, 
2022,花蓮縣,藝術、娛樂及休閒服務業,銷售額,百萬元,1174, 
2022,臺東縣,藝術、娛樂及休閒服務業,銷售額,百萬元,670, 
2022,離島地區,藝術、娛樂及休閒服務業,銷售額,百萬元,689,0
2022,總計,其他服務業,銷售額,百萬元,244510,28930
2022,臺北市,其他服務業,銷售額,百萬元,50625,16168
2022,新北市,其他服務業,銷售額,百萬元,29827,2958
2022,桃園市,其他服務業,銷售額,百萬元,26410,5635
2022,臺中市,其他服務業,銷售額,百萬元,30051, 
2022,臺南市,其他服務業,銷售額,百萬元,14628, 
2022,高雄市,其他服務業,銷售額,百萬元,30914,914
2022,基隆市,其他服務業,銷售額,百萬元,2615, 
2022,宜蘭縣,其他服務業,銷售額,百萬元,3426,0
2022,新竹市,其他服務業,銷售額,百萬元,9394,0
2022,新竹縣,其他服務業,銷售額,百萬元,9766, 
2022,苗栗縣,其他服務業,銷售額,百萬元,4682, 
2022,彰化縣,其他服務業,銷售額,百萬元,7650, 
2022,南投縣,其他服務業,銷售額,百萬元,2960, 
2022,雲林縣,其他服務業,銷售額,百萬元,4076,0
2022,嘉義市,其他服務業,銷售額,百萬元,4467,0
2022,嘉義縣,其他服務業,銷售額,百萬元,2557, 
2022,屏東縣,其他服務業,銷售額,百萬元,6022, 
2022,花蓮縣,其他服務業,銷售額,百萬元,2000,0
2022,臺東縣,其他服務業,銷售額,百萬元,1364, 
2022,離島地區,其他服務業,銷售額,百萬元,1078,0
2023,總計,農、林、漁、牧業與礦業及土石採取業,銷售額,百萬元,127849,42857
2023,臺北市,農、林、漁、牧業與礦業及土石採取業,銷售額,百萬元,6835,26829
2023,新北市,農、林、漁、牧業與礦業及土石採取業,銷售額,百萬元,7767,1571
2023,桃園市,農、林、漁、牧業與礦業及土石採取業,銷售額,百萬元,6643,844
2023,臺中市,農、林、漁、牧業與礦業及土石採取業,銷售額,百萬元,7846,2766
2023,臺南市,農、林、漁、牧業與礦業及土石採取業,銷售額,百萬元,9001,1591
2023,高雄市,農、林、漁、牧業與礦業及土石採取業,銷售額,百萬元,43994,4828
2023,基隆市,農、林、漁、牧業與礦業及土石採取業,銷售額,百萬元,6591,0
2023,宜蘭縣,農、林、漁、牧業與礦業及土石採取業,銷售額,百萬元,3557, 
2023,新竹市,農、林、漁、牧業與礦業及土石採取業,銷售額,百萬元,539, 
2023,新竹縣,農、林、漁、牧業與礦業及土石採取業,銷售額,百萬元,3273, 
2023,苗栗縣,農、林、漁、牧業與礦業及土石採取業,銷售額,百萬元,2947, 
2023,彰化縣,農、林、漁、牧業與礦業及土石採取業,銷售額,百萬元,3784, 
2023,南投縣,農、林、漁、牧業與礦業及土石採取業,銷售額,百萬元,4013, 
2023,雲林縣,農、林、漁、牧業與礦業及土石採取業,銷售額,百萬元,4309, 
2023,嘉義市,農、林、漁、牧業與礦業及土石採取業,銷售額,百萬元,332, 
2023,嘉義縣,農、林、漁、牧業與礦業及土石採取業,銷售額,百萬元,2972, 
2023,屏東縣,農、林、漁、牧業與礦業及土石採取業,銷售額,百萬元,6035, 
2023,花蓮縣,農、林、漁、牧業與礦業及土石採取業,銷售額,百萬元,2522, 
2023,臺東縣,農、林、漁、牧業與礦業及土石採取業,銷售額,百萬元,1976, 
2023,離島地區,農、林、漁、牧業與礦業及土石採取業,銷售額,百萬元,2915,0
2023,總計,製造業,銷售額,百萬元,5073771,13246641
2023,臺北市,製造業,銷售額,百萬元,311123,1800431
2023,新北市,製造業,銷售額,百萬元,746362,1036833
2023,桃園市,製造業,銷售額,百萬元,835957,1777461
2023,臺中市,製造業,銷售額,百萬元,822431,945397
2023,臺南市,製造業,銷售額,百萬元,411925,704433
2023,高雄市,製造業,銷售額,百萬元,570452,1591002
2023,基隆市,製造業,銷售額,百萬元,11042,14269
2023,宜蘭縣,製造業,銷售額,百萬元,61952,44898
2023,新竹市,製造業,銷售額,百萬元,94715,2846483
2023,新竹縣,製造業,銷售額,百萬元,215696,692358
2023,苗栗縣,製造業,銷售額,百萬元,157154,256538
2023,彰化縣,製造業,銷售額,百萬元,353893,434795
2023,南投縣,製造業,銷售額,百萬元,51379,99193
2023,雲林縣,製造業,銷售額,百萬元,229682,837285
2023,嘉義市,製造業,銷售額,百萬元,26668,5363
2023,嘉義縣,製造業,銷售額,百萬元,98041,42772
2023,屏東縣,製造業,銷售額,百萬元,56189,86055
2023,花蓮縣,製造業,銷售額,百萬元,12534,19277
2023,臺東縣,製造業,銷售額,百萬元,4332, 
2023,離島地區,製造業,銷售額,百萬元,2245, 
2023,總計,電力及燃氣供應業與用水供應及污染整治業,銷售額,百萬元,1344496,411852
2023,臺北市,電力及燃氣供應業與用水供應及污染整治業,銷售額,百萬元,98987,43778
2023,新北市,電力及燃氣供應業與用水供應及污染整治業,銷售額,百萬元,107549,21784
2023,桃園市,電力及燃氣供應業與用水供應及污染整治業,銷售額,百萬元,113522,56004
2023,臺中市,電力及燃氣供應業與用水供應及污染整治業,銷售額,百萬元,193756,48760
2023,臺南市,電力及燃氣供應業與用水供應及污染整治業,銷售額,百萬元,144154,33684
2023,高雄市,電力及燃氣供應業與用水供應及污染整治業,銷售額,百萬元,255753,31056
2023,基隆市,電力及燃氣供應業與用水供應及污染整治業,銷售額,百萬元,23141, 
2023,宜蘭縣,電力及燃氣供應業與用水供應及污染整治業,銷售額,百萬元,1811, 
2023,新竹市,電力及燃氣供應業與用水供應及污染整治業,銷售額,百萬元,84007, 
2023,新竹縣,電力及燃氣供應業與用水供應及污染整治業,銷售額,百萬元,13848,13077
2023,苗栗縣,電力及燃氣供應業與用水供應及污染整治業,銷售額,百萬元,162381, 
2023,彰化縣,電力及燃氣供應業與用水供應及污染整治業,銷售額,百萬元,44306,24174
2023,南投縣,電力及燃氣供應業與用水供應及污染整治業,銷售額,百萬元,22290, 
2023,雲林縣,電力及燃氣供應業與用水供應及污染整治業,銷售額,百萬元,6458,57024
2023,嘉義市,電力及燃氣供應業與用水供應及污染整治業,銷售額,百萬元,20474, 
2023,嘉義縣,電力及燃氣供應業與用水供應及污染整治業,銷售額,百萬元,4989, 
2023,屏東縣,電力及燃氣供應業與用水供應及污染整治業,銷售額,百萬元,30182,4597
2023,花蓮縣,電力及燃氣供應業與用水供應及污染整治業,銷售額,百萬元,9883, 
2023,臺東縣,電力及燃氣供應業與用水供應及污染整治業,銷售額,百萬元,3700, 
2023,離島地區,電力及燃氣供應業與用水供應及污染整治業,銷售額,百萬元,3307,0
2023,總計,營建工程業,銷售額,百萬元,2565780,1296646
2023,臺北市,營建工程業,銷售額,百萬元,358027,613678
2023,新北市,營建工程業,銷售額,百萬元,422606,162582
2023,桃園市,營建工程業,銷售額,百萬元,254627,75874
2023,臺中市,營建工程業,銷售額,百萬元,378453,155257
2023,臺南市,營建工程業,銷售額,百萬元,167893,42593
2023,高雄市,營建工程業,銷售額,百萬元,340199,152462
2023,基隆市,營建工程業,銷售額,百萬元,22969, 
2023,宜蘭縣,營建工程業,銷售額,百萬元,43409,4968
2023,新竹市,營建工程業,銷售額,百萬元,87060,29450
2023,新竹縣,營建工程業,銷售額,百萬元,67200,23402
2023,苗栗縣,營建工程業,銷售額,百萬元,49094,9639
2023,彰化縣,營建工程業,銷售額,百萬元,87549, 
2023,南投縣,營建工程業,銷售額,百萬元,30915, 
2023,雲林縣,營建工程業,銷售額,百萬元,81873,5468
2023,嘉義市,營建工程業,銷售額,百萬元,26293,5397
2023,嘉義縣,營建工程業,銷售額,百萬元,36191, 
2023,屏東縣,營建工程業,銷售額,百萬元,54235,4344
2023,花蓮縣,營建工程業,銷售額,百萬元,25845,3793
2023,臺東縣,營建工程業,銷售額,百萬元,11809, 
2023,離島地區,營建工程業,銷售額,百萬元,19531,1710
2023,總計,批發及零售業,銷售額,百萬元,12668067,5603530
2023,臺北市,批發及零售業,銷售額,百萬元,3798604,3046942
2023,新北市,批發及零售業,銷售額,百萬元,1850479,895742
2023,桃園市,批發及零售業,銷售額,百萬元,1214426,242802
2023,臺中市,批發及零售業,銷售額,百萬元,1574555,212720
2023,臺南市,批發及零售業,銷售額,百萬元,749262,184413
2023,高雄市,批發及零售業,銷售額,百萬元,1323089,490089
2023,基隆市,批發及零售業,銷售額,百萬元,61525, 
2023,宜蘭縣,批發及零售業,銷售額,百萬元,114204,5006
2023,新竹市,批發及零售業,銷售額,百萬元,277083,286775
2023,新竹縣,批發及零售業,銷售額,百萬元,277921,116422
2023,苗栗縣,批發及零售業,銷售額,百萬元,144469,41350
2023,彰化縣,批發及零售業,銷售額,百萬元,395414,30885
2023,南投縣,批發及零售業,銷售額,百萬元,100517,3096
2023,雲林縣,批發及零售業,銷售額,百萬元,179563,11736
2023,嘉義市,批發及零售業,銷售額,百萬元,132252,5628
2023,嘉義縣,批發及零售業,銷售額,百萬元,114382,11256
2023,屏東縣,批發及零售業,銷售額,百萬元,203726,14690
2023,花蓮縣,批發及零售業,銷售額,百萬元,74480,3094
2023,臺東縣,批發及零售業,銷售額,百萬元,37301, 
2023,離島地區,批發及零售業,銷售額,百萬元,44815,513
2023,總計,運輸及倉儲業,銷售額,百萬元,951986,655132
2023,臺北市,運輸及倉儲業,銷售額,百萬元,388230,315810
2023,新北市,運輸及倉儲業,銷售額,百萬元,73428,82075
2023,桃園市,運輸及倉儲業,銷售額,百萬元,136769,153060
2023,臺中市,運輸及倉儲業,銷售額,百萬元,64751,8945
2023,臺南市,運輸及倉儲業,銷售額,百萬元,27311,6890
2023,高雄市,運輸及倉儲業,銷售額,百萬元,115714,32165
2023,基隆市,運輸及倉儲業,銷售額,百萬元,26522,44247
2023,宜蘭縣,運輸及倉儲業,銷售額,百萬元,11175, 
2023,新竹市,運輸及倉儲業,銷售額,百萬元,8723, 
2023,新竹縣,運輸及倉儲業,銷售額,百萬元,10743,4533
2023,苗栗縣,運輸及倉儲業,銷售額,百萬元,7737,0
2023,彰化縣,運輸及倉儲業,銷售額,百萬元,16721, 
2023,南投縣,運輸及倉儲業,銷售額,百萬元,5666, 
2023,雲林縣,運輸及倉儲業,銷售額,百萬元,11776, 
2023,嘉義市,運輸及倉儲業,銷售額,百萬元,4626, 
2023,嘉義縣,運輸及倉儲業,銷售額,百萬元,14896,0
2023,屏東縣,運輸及倉儲業,銷售額,百萬元,7114, 
2023,花蓮縣,運輸及倉儲業,銷售額,百萬元,5951, 
2023,臺東縣,運輸及倉儲業,銷售額,百萬元,4218, 
2023,離島地區,運輸及倉儲業,銷售額,百萬元,9915, 
2023,總計,住宿及餐飲業,銷售額,百萬元,821684,130629
2023,臺北市,住宿及餐飲業,銷售額,百萬元,203034,75781
2023,新北市,住宿及餐飲業,銷售額,百萬元,98339,3464
2023,桃園市,住宿及餐飲業,銷售額,百萬元,68677,9601
2023,臺中市,住宿及餐飲業,銷售額,百萬元,115838,9501
2023,臺南市,住宿及餐飲業,銷售額,百萬元,58433,4200
2023,高雄市,住宿及餐飲業,銷售額,百萬元,85419,6158
2023,基隆市,住宿及餐飲業,銷售額,百萬元,8567, 
2023,宜蘭縣,住宿及餐飲業,銷售額,百萬元,19178,4824
2023,新竹市,住宿及餐飲業,銷售額,百萬元,20630,1151
2023,新竹縣,住宿及餐飲業,銷售額,百萬元,19198, 
2023,苗栗縣,住宿及餐飲業,銷售額,百萬元,11398,2196
2023,彰化縣,住宿及餐飲業,銷售額,百萬元,22081,330
2023,南投縣,住宿及餐飲業,銷售額,百萬元,14169,1707
2023,雲林縣,住宿及餐飲業,銷售額,百萬元,9371, 
2023,嘉義市,住宿及餐飲業,銷售額,百萬元,11650,1027
2023,嘉義縣,住宿及餐飲業,銷售額,百萬元,7132, 
2023,屏東縣,住宿及餐飲業,銷售額,百萬元,19433,1531
2023,花蓮縣,住宿及餐飲業,銷售額,百萬元,12975,2605
2023,臺東縣,住宿及餐飲業,銷售額,百萬元,8879,1310
2023,離島地區,住宿及餐飲業,銷售額,百萬元,7283,1378
2023,總計,出版影音及資通訊業,銷售額,百萬元,909300,843494
2023,臺北市,出版影音及資通訊業,銷售額,百萬元,656740,664016
2023,新北市,出版影音及資通訊業,銷售額,百萬元,87873,92968
2023,桃園市,出版影音及資通訊業,銷售額,百萬元,12712,6470
2023,臺中市,出版影音及資通訊業,銷售額,百萬元,44172,9041
2023,臺南市,出版影音及資通訊業,銷售額,百萬元,15569,3590
2023,高雄市,出版影音及資通訊業,銷售額,百萬元,29034,9752
2023,基隆市,出版影音及資通訊業,銷售額,百萬元,4441, 
2023,宜蘭縣,出版影音及資通訊業,銷售額,百萬元,3299, 
2023,新竹市,出版影音及資通訊業,銷售額,百萬元,14782,19829
2023,新竹縣,出版影音及資通訊業,銷售額,百萬元,4881,30067
2023,苗栗縣,出版影音及資通訊業,銷售額,百萬元,4196, 
2023,彰化縣,出版影音及資通訊業,銷售額,百萬元,7577, 
2023,南投縣,出版影音及資通訊業,銷售額,百萬元,3463, 
2023,雲林縣,出版影音及資通訊業,銷售額,百萬元,4354, 
2023,嘉義市,出版影音及資通訊業,銷售額,百萬元,5398, 
2023,嘉義縣,出版影音及資通訊業,銷售額,百萬元,504, 
2023,屏東縣,出版影音及資通訊業,銷售額,百萬元,4044, 
2023,花蓮縣,出版影音及資通訊業,銷售額,百萬元,2922, 
2023,臺東縣,出版影音及資通訊業,銷售額,百萬元,1688, 
2023,離島地區,出版影音及資通訊業,銷售額,百萬元,1650, 
2023,總計,金融及保險業,銷售額,百萬元,1737247,1924841
2023,臺北市,金融及保險業,銷售額,百萬元,989201,1822371
2023,新北市,金融及保險業,銷售額,百萬元,156627,17660
2023,桃園市,金融及保險業,銷售額,百萬元,98622,14422
2023,臺中市,金融及保險業,銷售額,百萬元,142213,29490
2023,臺南市,金融及保險業,銷售額,百萬元,64710,4003
2023,高雄市,金融及保險業,銷售額,百萬元,117731,14749
2023,基隆市,金融及保險業,銷售額,百萬元,5052, 
2023,宜蘭縣,金融及保險業,銷售額,百萬元,11172, 
2023,新竹市,金融及保險業,銷售額,百萬元,29645,3480
2023,新竹縣,金融及保險業,銷售額,百萬元,19419,1414
2023,苗栗縣,金融及保險業,銷售額,百萬元,11167, 
2023,彰化縣,金融及保險業,銷售額,百萬元,27199,11895
2023,南投縣,金融及保險業,銷售額,百萬元,9538,4576
2023,雲林縣,金融及保險業,銷售額,百萬元,12995,133
2023,嘉義市,金融及保險業,銷售額,百萬元,11851,178
2023,嘉義縣,金融及保險業,銷售額,百萬元,7038, 
2023,屏東縣,金融及保險業,銷售額,百萬元,12777,139
2023,花蓮縣,金融及保險業,銷售額,百萬元,5080,0
2023,臺東縣,金融及保險業,銷售額,百萬元,3347,0
2023,離島地區,金融及保險業,銷售額,百萬元,1866, 
2023,總計,不動產業,銷售額,百萬元,978635,954088
2023,臺北市,不動產業,銷售額,百萬元,175038,520003
2023,新北市,不動產業,銷售額,百萬元,151235,143691
2023,桃園市,不動產業,銷售額,百萬元,97668,45486
2023,臺中市,不動產業,銷售額,百萬元,183015,118933
2023,臺南市,不動產業,銷售額,百萬元,81154,16992
2023,高雄市,不動產業,銷售額,百萬元,93369,82440
2023,基隆市,不動產業,銷售額,百萬元,2041,19
2023,宜蘭縣,不動產業,銷售額,百萬元,14249,90
2023,新竹市,不動產業,銷售額,百萬元,31892,8888
2023,新竹縣,不動產業,銷售額,百萬元,38914,8048
2023,苗栗縣,不動產業,銷售額,百萬元,12964,1228
2023,彰化縣,不動產業,銷售額,百萬元,31928,4579
2023,南投縣,不動產業,銷售額,百萬元,5867, 
2023,雲林縣,不動產業,銷售額,百萬元,13879,647
2023,嘉義市,不動產業,銷售額,百萬元,14293,1647
2023,嘉義縣,不動產業,銷售額,百萬元,5597,43
2023,屏東縣,不動產業,銷售額,百萬元,11318,173
2023,花蓮縣,不動產業,銷售額,百萬元,6389, 
2023,臺東縣,不動產業,銷售額,百萬元,3815, 
2023,離島地區,不動產業,銷售額,百萬元,4010,288
2023,總計,專業、科學及技術服務業,銷售額,百萬元,714929,361465
2023,臺北市,專業、科學及技術服務業,銷售額,百萬元,395830,193954
2023,新北市,專業、科學及技術服務業,銷售額,百萬元,102030,39333
2023,桃園市,專業、科學及技術服務業,銷售額,百萬元,43655,4001
2023,臺中市,專業、科學及技術服務業,銷售額,百萬元,54985,13496
2023,臺南市,專業、科學及技術服務業,銷售額,百萬元,19275,3681
2023,高雄市,專業、科學及技術服務業,銷售額,百萬元,38443,5531
2023,基隆市,專業、科學及技術服務業,銷售額,百萬元,2223, 
2023,宜蘭縣,專業、科學及技術服務業,銷售額,百萬元,2877, 
2023,新竹市,專業、科學及技術服務業,銷售額,百萬元,10939,50072
2023,新竹縣,專業、科學及技術服務業,銷售額,百萬元,20486,45816
2023,苗栗縣,專業、科學及技術服務業,銷售額,百萬元,2683, 
2023,彰化縣,專業、科學及技術服務業,銷售額,百萬元,5990,416
2023,南投縣,專業、科學及技術服務業,銷售額,百萬元,2244, 
2023,雲林縣,專業、科學及技術服務業,銷售額,百萬元,2954,16
2023,嘉義市,專業、科學及技術服務業,銷售額,百萬元,1998, 
2023,嘉義縣,專業、科學及技術服務業,銷售額,百萬元,1977, 
2023,屏東縣,專業、科學及技術服務業,銷售額,百萬元,2025, 
2023,花蓮縣,專業、科學及技術服務業,銷售額,百萬元,2380, 
2023,臺東縣,專業、科學及技術服務業,銷售額,百萬元,904,0
2023,離島地區,專業、科學及技術服務業,銷售額,百萬元,1031, 
2023,總計,支援服務業,銷售額,百萬元,393436,314578
2023,臺北市,支援服務業,銷售額,百萬元,122344,283215
2023,新北市,支援服務業,銷售額,百萬元,59292,9684
2023,桃園市,支援服務業,銷售額,百萬元,42894,3540
2023,臺中市,支援服務業,銷售額,百萬元,50715,2510
2023,臺南市,支援服務業,銷售額,百萬元,20489,1413
2023,高雄市,支援服務業,銷售額,百萬元,43507,9485
2023,基隆市,支援服務業,銷售額,百萬元,3265,0
2023,宜蘭縣,支援服務業,銷售額,百萬元,2701, 
2023,新竹市,支援服務業,銷售額,百萬元,9138, 
2023,新竹縣,支援服務業,銷售額,百萬元,7166, 
2023,苗栗縣,支援服務業,銷售額,百萬元,4031,0
2023,彰化縣,支援服務業,銷售額,百萬元,6135, 
2023,南投縣,支援服務業,銷售額,百萬元,1958,0
2023,雲林縣,支援服務業,銷售額,百萬元,3114,0
2023,嘉義市,支援服務業,銷售額,百萬元,2317, 
2023,嘉義縣,支援服務業,銷售額,百萬元,5133, 
2023,屏東縣,支援服務業,銷售額,百萬元,3609,0
2023,花蓮縣,支援服務業,銷售額,百萬元,1603,0
2023,臺東縣,支援服務業,銷售額,百萬元,1236, 
2023,離島地區,支援服務業,銷售額,百萬元,2790, 
2023,總計,教育業,銷售額,百萬元,30887,3597
2023,臺北市,教育業,銷售額,百萬元,11117,1720
2023,新北市,教育業,銷售額,百萬元,5126, 
2023,桃園市,教育業,銷售額,百萬元,1736, 
2023,臺中市,教育業,銷售額,百萬元,4649, 
2023,臺南市,教育業,銷售額,百萬元,1743, 
2023,高雄市,教育業,銷售額,百萬元,2665,0
2023,基隆市,教育業,銷售額,百萬元,115,0
2023,宜蘭縣,教育業,銷售額,百萬元,172,0
2023,新竹市,教育業,銷售額,百萬元,952,0
2023,新竹縣,教育業,銷售額,百萬元,791,0
2023,苗栗縣,教育業,銷售額,百萬元,177,0
2023,彰化縣,教育業,銷售額,百萬元,467,0
2023,南投縣,教育業,銷售額,百萬元,73,0
2023,雲林縣,教育業,銷售額,百萬元,204,0
2023,嘉義市,教育業,銷售額,百萬元,287,0
2023,嘉義縣,教育業,銷售額,百萬元,49,0
2023,屏東縣,教育業,銷售額,百萬元,262,0
2023,花蓮縣,教育業,銷售額,百萬元,163,0
2023,臺東縣,教育業,銷售額,百萬元,61,0
2023,離島地區,教育業,銷售額,百萬元,77,0
2023,總計,醫療保健及社會工作服務業,銷售額,百萬元,40192,4226
2023,臺北市,醫療保健及社會工作服務業,銷售額,百萬元,4268,3310
2023,新北市,醫療保健及社會工作服務業,銷售額,百萬元,2905, 
2023,桃園市,醫療保健及社會工作服務業,銷售額,百萬元,1019,0
2023,臺中市,醫療保健及社會工作服務業,銷售額,百萬元,4131, 
2023,臺南市,醫療保健及社會工作服務業,銷售額,百萬元,1566,0
2023,高雄市,醫療保健及社會工作服務業,銷售額,百萬元,23446, 
2023,基隆市,醫療保健及社會工作服務業,銷售額,百萬元,151,0
2023,宜蘭縣,醫療保健及社會工作服務業,銷售額,百萬元,98,0
2023,新竹市,醫療保健及社會工作服務業,銷售額,百萬元,319, 
2023,新竹縣,醫療保健及社會工作服務業,銷售額,百萬元,333, 
2023,苗栗縣,醫療保健及社會工作服務業,銷售額,百萬元,220, 
2023,彰化縣,醫療保健及社會工作服務業,銷售額,百萬元,618,0
2023,南投縣,醫療保健及社會工作服務業,銷售額,百萬元,214,0
2023,雲林縣,醫療保健及社會工作服務業,銷售額,百萬元,268,0
2023,嘉義市,醫療保健及社會工作服務業,銷售額,百萬元,85,0
2023,嘉義縣,醫療保健及社會工作服務業,銷售額,百萬元,193,0
2023,屏東縣,醫療保健及社會工作服務業,銷售額,百萬元,220,0
2023,花蓮縣,醫療保健及社會工作服務業,銷售額,百萬元,108, 
2023,臺東縣,醫療保健及社會工作服務業,銷售額,百萬元,22,0
2023,離島地區,醫療保健及社會工作服務業,銷售額,百萬元,9,0
2023,總計,藝術、娛樂及休閒服務業,銷售額,百萬元,133842,23986
2023,臺北市,藝術、娛樂及休閒服務業,銷售額,百萬元,44988,11705
2023,新北市,藝術、娛樂及休閒服務業,銷售額,百萬元,20406,795
2023,桃園市,藝術、娛樂及休閒服務業,銷售額,百萬元,9745,1795
2023,臺中市,藝術、娛樂及休閒服務業,銷售額,百萬元,14239,1041
2023,臺南市,藝術、娛樂及休閒服務業,銷售額,百萬元,7753, 
2023,高雄市,藝術、娛樂及休閒服務業,銷售額,百萬元,12163,216
2023,基隆市,藝術、娛樂及休閒服務業,銷售額,百萬元,1329, 
2023,宜蘭縣,藝術、娛樂及休閒服務業,銷售額,百萬元,2628, 
2023,新竹市,藝術、娛樂及休閒服務業,銷售額,百萬元,2695,0
2023,新竹縣,藝術、娛樂及休閒服務業,銷售額,百萬元,2744,1837
2023,苗栗縣,藝術、娛樂及休閒服務業,銷售額,百萬元,1995, 
2023,彰化縣,藝術、娛樂及休閒服務業,銷售額,百萬元,2436, 
2023,南投縣,藝術、娛樂及休閒服務業,銷售額,百萬元,1440, 
2023,雲林縣,藝術、娛樂及休閒服務業,銷售額,百萬元,1170, 
2023,嘉義市,藝術、娛樂及休閒服務業,銷售額,百萬元,1326,0
2023,嘉義縣,藝術、娛樂及休閒服務業,銷售額,百萬元,786, 
2023,屏東縣,藝術、娛樂及休閒服務業,銷售額,百萬元,2418, 
2023,花蓮縣,藝術、娛樂及休閒服務業,銷售額,百萬元,2117, 
2023,臺東縣,藝術、娛樂及休閒服務業,銷售額,百萬元,738, 
2023,離島地區,藝術、娛樂及休閒服務業,銷售額,百萬元,727,0
2023,總計,其他服務業,銷售額,百萬元,268243,33500
2023,臺北市,其他服務業,銷售額,百萬元,55243,19117
2023,新北市,其他服務業,銷售額,百萬元,34075,2445
2023,桃園市,其他服務業,銷售額,百萬元,30025,7465
2023,臺中市,其他服務業,銷售額,百萬元,32149, 
2023,臺南市,其他服務業,銷售額,百萬元,15690, 
2023,高雄市,其他服務業,銷售額,百萬元,34551,770
2023,基隆市,其他服務業,銷售額,百萬元,2722, 
2023,宜蘭縣,其他服務業,銷售額,百萬元,3669,0
2023,新竹市,其他服務業,銷售額,百萬元,11336, 
2023,新竹縣,其他服務業,銷售額,百萬元,8880, 
2023,苗栗縣,其他服務業,銷售額,百萬元,4755, 
2023,彰化縣,其他服務業,銷售額,百萬元,8610, 
2023,南投縣,其他服務業,銷售額,百萬元,3216, 
2023,雲林縣,其他服務業,銷售額,百萬元,4481, 
2023,嘉義市,其他服務業,銷售額,百萬元,5068,0
2023,嘉義縣,其他服務業,銷售額,百萬元,2805, 
2023,屏東縣,其他服務業,銷售額,百萬元,6143, 
2023,花蓮縣,其他服務業,銷售額,百萬元,2144,0
2023,臺東縣,其他服務業,銷售額,百萬元,1541, 
2023,離島地區,其他服務業,銷售額,百萬元,1139,0
2024,總計,農、林、漁、牧業與礦業及土石採取業,銷售額,百萬元,268165,48441
2024,臺北市,農、林、漁、牧業與礦業及土石採取業,銷售額,百萬元,8057,30633
2024,新北市,農、林、漁、牧業與礦業及土石採取業,銷售額,百萬元,6447,1900
2024,桃園市,農、林、漁、牧業與礦業及土石採取業,銷售額,百萬元,6615,709
2024,臺中市,農、林、漁、牧業與礦業及土石採取業,銷售額,百萬元,8358,3439
2024,臺南市,農、林、漁、牧業與礦業及土石採取業,銷售額,百萬元,8760,1267
2024,高雄市,農、林、漁、牧業與礦業及土石採取業,銷售額,百萬元,181710,5615
2024,基隆市,農、林、漁、牧業與礦業及土石採取業,銷售額,百萬元,8207,0
2024,宜蘭縣,農、林、漁、牧業與礦業及土石採取業,銷售額,百萬元,3214,0
2024,新竹市,農、林、漁、牧業與礦業及土石採取業,銷售額,百萬元,1078,0
2024,新竹縣,農、林、漁、牧業與礦業及土石採取業,銷售額,百萬元,3588, 
2024,苗栗縣,農、林、漁、牧業與礦業及土石採取業,銷售額,百萬元,2601, 
2024,彰化縣,農、林、漁、牧業與礦業及土石採取業,銷售額,百萬元,3797, 
2024,南投縣,農、林、漁、牧業與礦業及土石採取業,銷售額,百萬元,4222, 
2024,雲林縣,農、林、漁、牧業與礦業及土石採取業,銷售額,百萬元,4389, 
2024,嘉義市,農、林、漁、牧業與礦業及土石採取業,銷售額,百萬元,429, 
2024,嘉義縣,農、林、漁、牧業與礦業及土石採取業,銷售額,百萬元,3000, 
2024,屏東縣,農、林、漁、牧業與礦業及土石採取業,銷售額,百萬元,6309, 
2024,花蓮縣,農、林、漁、牧業與礦業及土石採取業,銷售額,百萬元,2510, 
2024,臺東縣,農、林、漁、牧業與礦業及土石採取業,銷售額,百萬元,2086, 
2024,離島地區,農、林、漁、牧業與礦業及土石採取業,銷售額,百萬元,2786,0
2024,總計,製造業,銷售額,百萬元,5270609,14413181
2024,臺北市,製造業,銷售額,百萬元,318494,1760560
2024,新北市,製造業,銷售額,百萬元,767307,1241577
2024,桃園市,製造業,銷售額,百萬元,890610,1937806
2024,臺中市,製造業,銷售額,百萬元,812092,1032113
2024,臺南市,製造業,銷售額,百萬元,444942,744784
2024,高雄市,製造業,銷售額,百萬元,605403,1621871
2024,基隆市,製造業,銷售額,百萬元,12126,15555
2024,宜蘭縣,製造業,銷售額,百萬元,61552,41686
2024,新竹市,製造業,銷售額,百萬元,126424,3373531
2024,新竹縣,製造業,銷售額,百萬元,206274,872181
2024,苗栗縣,製造業,銷售額,百萬元,171714,284932
2024,彰化縣,製造業,銷售額,百萬元,364447,438014
2024,南投縣,製造業,銷售額,百萬元,52340,94352
2024,雲林縣,製造業,銷售額,百萬元,232068,790813
2024,嘉義市,製造業,銷售額,百萬元,29182,5529
2024,嘉義縣,製造業,銷售額,百萬元,100572,44453
2024,屏東縣,製造業,銷售額,百萬元,54244,81356
2024,花蓮縣,製造業,銷售額,百萬元,13189, 
2024,臺東縣,製造業,銷售額,百萬元,5393, 
2024,離島地區,製造業,銷售額,百萬元,2235, 
2024,總計,電力及燃氣供應業與用水供應及污染整治業,銷售額,百萬元,1620978,428050
2024,臺北市,電力及燃氣供應業與用水供應及污染整治業,銷售額,百萬元,112413,60254
2024,新北市,電力及燃氣供應業與用水供應及污染整治業,銷售額,百萬元,127762,25624
2024,桃園市,電力及燃氣供應業與用水供應及污染整治業,銷售額,百萬元,225577,53283
2024,臺中市,電力及燃氣供應業與用水供應及污染整治業,銷售額,百萬元,228366,43429
2024,臺南市,電力及燃氣供應業與用水供應及污染整治業,銷售額,百萬元,168683,35470
2024,高雄市,電力及燃氣供應業與用水供應及污染整治業,銷售額,百萬元,270069,37968
2024,基隆市,電力及燃氣供應業與用水供應及污染整治業,銷售額,百萬元,32388, 
2024,宜蘭縣,電力及燃氣供應業與用水供應及污染整治業,銷售額,百萬元,1970, 
2024,新竹市,電力及燃氣供應業與用水供應及污染整治業,銷售額,百萬元,94585,9584
2024,新竹縣,電力及燃氣供應業與用水供應及污染整治業,銷售額,百萬元,11178,12273
2024,苗栗縣,電力及燃氣供應業與用水供應及污染整治業,銷售額,百萬元,185466, 
2024,彰化縣,電力及燃氣供應業與用水供應及污染整治業,銷售額,百萬元,50602,53005
2024,南投縣,電力及燃氣供應業與用水供應及污染整治業,銷售額,百萬元,26445, 
2024,雲林縣,電力及燃氣供應業與用水供應及污染整治業,銷售額,百萬元,7178,40331
2024,嘉義市,電力及燃氣供應業與用水供應及污染整治業,銷售額,百萬元,20013, 
2024,嘉義縣,電力及燃氣供應業與用水供應及污染整治業,銷售額,百萬元,4706,20797
2024,屏東縣,電力及燃氣供應業與用水供應及污染整治業,銷售額,百萬元,34649,4630
2024,花蓮縣,電力及燃氣供應業與用水供應及污染整治業,銷售額,百萬元,11034, 
2024,臺東縣,電力及燃氣供應業與用水供應及污染整治業,銷售額,百萬元,4266,0
2024,離島地區,電力及燃氣供應業與用水供應及污染整治業,銷售額,百萬元,3627,0
2024,總計,營建工程業,銷售額,百萬元,2849291,1507215
2024,臺北市,營建工程業,銷售額,百萬元,374694,734120
2024,新北市,營建工程業,銷售額,百萬元,480451,184698
2024,桃園市,營建工程業,銷售額,百萬元,295308,81656
2024,臺中市,營建工程業,銷售額,百萬元,418430,187155
2024,臺南市,營建工程業,銷售額,百萬元,185903,50334
2024,高雄市,營建工程業,銷售額,百萬元,382151,166789
2024,基隆市,營建工程業,銷售額,百萬元,25430, 
2024,宜蘭縣,營建工程業,銷售額,百萬元,50153,6154
2024,新竹市,營建工程業,銷售額,百萬元,97426,25698
2024,新竹縣,營建工程業,銷售額,百萬元,76332,29186
2024,苗栗縣,營建工程業,銷售額,百萬元,54532,9709
2024,彰化縣,營建工程業,銷售額,百萬元,97733,4012
2024,南投縣,營建工程業,銷售額,百萬元,36035, 
2024,雲林縣,營建工程業,銷售額,百萬元,87873,5278
2024,嘉義市,營建工程業,銷售額,百萬元,27551,7194
2024,嘉義縣,營建工程業,銷售額,百萬元,39383, 
2024,屏東縣,營建工程業,銷售額,百萬元,56627,4237
2024,花蓮縣,營建工程業,銷售額,百萬元,29436,5623
2024,臺東縣,營建工程業,銷售額,百萬元,13481, 
2024,離島地區,營建工程業,銷售額,百萬元,20363,1771
2024,總計,批發及零售業,銷售額,百萬元,13170379,6411510
2024,臺北市,批發及零售業,銷售額,百萬元,3901798,3427905
2024,新北市,批發及零售業,銷售額,百萬元,1936291,1135471
2024,桃園市,批發及零售業,銷售額,百萬元,1295986,251601
2024,臺中市,批發及零售業,銷售額,百萬元,1647608,209450
2024,臺南市,批發及零售業,銷售額,百萬元,782271,194132
2024,高雄市,批發及零售業,銷售額,百萬元,1388249,498640
2024,基隆市,批發及零售業,銷售額,百萬元,63126, 
2024,宜蘭縣,批發及零售業,銷售額,百萬元,116454,5090
2024,新竹市,批發及零售業,銷售額,百萬元,294759,420976
2024,新竹縣,批發及零售業,銷售額,百萬元,295098,126757
2024,苗栗縣,批發及零售業,銷售額,百萬元,150088,56473
2024,彰化縣,批發及零售業,銷售額,百萬元,405156,31987
2024,南投縣,批發及零售業,銷售額,百萬元,101804,3807
2024,雲林縣,批發及零售業,銷售額,百萬元,184200,10536
2024,嘉義市,批發及零售業,銷售額,百萬元,133073,5540
2024,嘉義縣,批發及零售業,銷售額,百萬元,114392,11096
2024,屏東縣,批發及零售業,銷售額,百萬元,206833,15071
2024,花蓮縣,批發及零售業,銷售額,百萬元,71297,2989
2024,臺東縣,批發及零售業,銷售額,百萬元,36809, 
2024,離島地區,批發及零售業,銷售額,百萬元,45087,583
2024,總計,運輸及倉儲業,銷售額,百萬元,1079046,692011
2024,臺北市,運輸及倉儲業,銷售額,百萬元,455796,337880
2024,新北市,運輸及倉儲業,銷售額,百萬元,77952,84914
2024,桃園市,運輸及倉儲業,銷售額,百萬元,144581,177207
2024,臺中市,運輸及倉儲業,銷售額,百萬元,72875,10305
2024,臺南市,運輸及倉儲業,銷售額,百萬元,32318,6081
2024,高雄市,運輸及倉儲業,銷售額,百萬元,134656,36348
2024,基隆市,運輸及倉儲業,銷售額,百萬元,28108,26257
2024,宜蘭縣,運輸及倉儲業,銷售額,百萬元,11545, 
2024,新竹市,運輸及倉儲業,銷售額,百萬元,9260, 
2024,新竹縣,運輸及倉儲業,銷售額,百萬元,16876,4681
2024,苗栗縣,運輸及倉儲業,銷售額,百萬元,8099,0
2024,彰化縣,運輸及倉儲業,銷售額,百萬元,17563, 
2024,南投縣,運輸及倉儲業,銷售額,百萬元,5562, 
2024,雲林縣,運輸及倉儲業,銷售額,百萬元,13022, 
2024,嘉義市,運輸及倉儲業,銷售額,百萬元,5144, 
2024,嘉義縣,運輸及倉儲業,銷售額,百萬元,16481,0
2024,屏東縣,運輸及倉儲業,銷售額,百萬元,7813, 
2024,花蓮縣,運輸及倉儲業,銷售額,百萬元,7289, 
2024,臺東縣,運輸及倉儲業,銷售額,百萬元,4405, 
2024,離島地區,運輸及倉儲業,銷售額,百萬元,9700,772
2024,總計,住宿及餐飲業,銷售額,百萬元,874216,139641
2024,臺北市,住宿及餐飲業,銷售額,百萬元,218138,82979
2024,新北市,住宿及餐飲業,銷售額,百萬元,105965,3343
2024,桃園市,住宿及餐飲業,銷售額,百萬元,75750,11367
2024,臺中市,住宿及餐飲業,銷售額,百萬元,123120,10173
2024,臺南市,住宿及餐飲業,銷售額,百萬元,61344,3812
2024,高雄市,住宿及餐飲業,銷售額,百萬元,93847,7471
2024,基隆市,住宿及餐飲業,銷售額,百萬元,9509, 
2024,宜蘭縣,住宿及餐飲業,銷售額,百萬元,18781,4423
2024,新竹市,住宿及餐飲業,銷售額,百萬元,21980,1131
2024,新竹縣,住宿及餐飲業,銷售額,百萬元,21012, 
2024,苗栗縣,住宿及餐飲業,銷售額,百萬元,11800,2370
2024,彰化縣,住宿及餐飲業,銷售額,百萬元,23056, 
2024,南投縣,住宿及餐飲業,銷售額,百萬元,14521,1789
2024,雲林縣,住宿及餐飲業,銷售額,百萬元,9844, 
2024,嘉義市,住宿及餐飲業,銷售額,百萬元,12463,1132
2024,嘉義縣,住宿及餐飲業,銷售額,百萬元,8310, 
2024,屏東縣,住宿及餐飲業,銷售額,百萬元,19506,1325
2024,花蓮縣,住宿及餐飲業,銷售額,百萬元,8949,1579
2024,臺東縣,住宿及餐飲業,銷售額,百萬元,8731,1088
2024,離島地區,住宿及餐飲業,銷售額,百萬元,7589,1318
2024,總計,出版影音及資通訊業,銷售額,百萬元,997187,889660
2024,臺北市,出版影音及資通訊業,銷售額,百萬元,725235,693764
2024,新北市,出版影音及資通訊業,銷售額,百萬元,96686,104945
2024,桃園市,出版影音及資通訊業,銷售額,百萬元,17133,7226
2024,臺中市,出版影音及資通訊業,銷售額,百萬元,46803,13831
2024,臺南市,出版影音及資通訊業,銷售額,百萬元,16155,4405
2024,高雄市,出版影音及資通訊業,銷售額,百萬元,29237,10157
2024,基隆市,出版影音及資通訊業,銷售額,百萬元,4500, 
2024,宜蘭縣,出版影音及資通訊業,銷售額,百萬元,3786, 
2024,新竹市,出版影音及資通訊業,銷售額,百萬元,15185,17463
2024,新竹縣,出版影音及資通訊業,銷售額,百萬元,5793,29568
2024,苗栗縣,出版影音及資通訊業,銷售額,百萬元,4622, 
2024,彰化縣,出版影音及資通訊業,銷售額,百萬元,7747, 
2024,南投縣,出版影音及資通訊業,銷售額,百萬元,3470, 
2024,雲林縣,出版影音及資通訊業,銷售額,百萬元,4466, 
2024,嘉義市,出版影音及資通訊業,銷售額,百萬元,5441, 
2024,嘉義縣,出版影音及資通訊業,銷售額,百萬元,509, 
2024,屏東縣,出版影音及資通訊業,銷售額,百萬元,4058, 
2024,花蓮縣,出版影音及資通訊業,銷售額,百萬元,2971, 
2024,臺東縣,出版影音及資通訊業,銷售額,百萬元,1744, 
2024,離島地區,出版影音及資通訊業,銷售額,百萬元,1648, 
2024,總計,金融及保險業,銷售額,百萬元,1993658,2199986
2024,臺北市,金融及保險業,銷售額,百萬元,1110938,2066099
2024,新北市,金融及保險業,銷售額,百萬元,182031,20949
2024,桃園市,金融及保險業,銷售額,百萬元,120175,9104
2024,臺中市,金融及保險業,銷售額,百萬元,168713,46935
2024,臺南市,金融及保險業,銷售額,百萬元,74858,4390
2024,高雄市,金融及保險業,銷售額,百萬元,139335,18763
2024,基隆市,金融及保險業,銷售額,百萬元,5725,0
2024,宜蘭縣,金融及保險業,銷售額,百萬元,14113, 
2024,新竹市,金融及保險業,銷售額,百萬元,35773,2554
2024,新竹縣,金融及保險業,銷售額,百萬元,23414,2761
2024,苗栗縣,金融及保險業,銷售額,百萬元,12300,110
2024,彰化縣,金融及保險業,銷售額,百萬元,32737,22838
2024,南投縣,金融及保險業,銷售額,百萬元,10876,4647
2024,雲林縣,金融及保險業,銷售額,百萬元,15057,277
2024,嘉義市,金融及保險業,銷售額,百萬元,13843,345
2024,嘉義縣,金融及保險業,銷售額,百萬元,7833, 
2024,屏東縣,金融及保險業,銷售額,百萬元,14431,161
2024,花蓮縣,金融及保險業,銷售額,百萬元,5743,0
2024,臺東縣,金融及保險業,銷售額,百萬元,3672,0
2024,離島地區,金融及保險業,銷售額,百萬元,2092,0
2024,總計,不動產業,銷售額,百萬元,1251398,1202492
2024,臺北市,不動產業,銷售額,百萬元,194888,567373
2024,新北市,不動產業,銷售額,百萬元,195983,210351
2024,桃園市,不動產業,銷售額,百萬元,145722,99637
2024,臺中市,不動產業,銷售額,百萬元,245643,163078
2024,臺南市,不動產業,銷售額,百萬元,88949,21326
2024,高雄市,不動產業,銷售額,百萬元,134058,105740
2024,基隆市,不動產業,銷售額,百萬元,2689,12
2024,宜蘭縣,不動產業,銷售額,百萬元,16736,130
2024,新竹市,不動產業,銷售額,百萬元,46422,15577
2024,新竹縣,不動產業,銷售額,百萬元,44362,9746
2024,苗栗縣,不動產業,銷售額,百萬元,17620,1833
2024,彰化縣,不動產業,銷售額,百萬元,37268,2479
2024,南投縣,不動產業,銷售額,百萬元,6764,410
2024,雲林縣,不動產業,銷售額,百萬元,19647,510
2024,嘉義市,不動產業,銷售額,百萬元,15507,2982
2024,嘉義縣,不動產業,銷售額,百萬元,8460,53
2024,屏東縣,不動產業,銷售額,百萬元,12478,354
2024,花蓮縣,不動產業,銷售額,百萬元,8637, 
2024,臺東縣,不動產業,銷售額,百萬元,5059, 
2024,離島地區,不動產業,銷售額,百萬元,4506,306
2024,總計,專業、科學及技術服務業,銷售額,百萬元,776719,392483
2024,臺北市,專業、科學及技術服務業,銷售額,百萬元,430648,203384
2024,新北市,專業、科學及技術服務業,銷售額,百萬元,96762,49887
2024,桃園市,專業、科學及技術服務業,銷售額,百萬元,53313,5396
2024,臺中市,專業、科學及技術服務業,銷售額,百萬元,61293,16689
2024,臺南市,專業、科學及技術服務業,銷售額,百萬元,24540,3242
2024,高雄市,專業、科學及技術服務業,銷售額,百萬元,44516,4395
2024,基隆市,專業、科學及技術服務業,銷售額,百萬元,2099, 
2024,宜蘭縣,專業、科學及技術服務業,銷售額,百萬元,2665, 
2024,新竹市,專業、科學及技術服務業,銷售額,百萬元,9960,44034
2024,新竹縣,專業、科學及技術服務業,銷售額,百萬元,25532,59481
2024,苗栗縣,專業、科學及技術服務業,銷售額,百萬元,2666, 
2024,彰化縣,專業、科學及技術服務業,銷售額,百萬元,7072,402
2024,南投縣,專業、科學及技術服務業,銷售額,百萬元,1898, 
2024,雲林縣,專業、科學及技術服務業,銷售額,百萬元,2904, 
2024,嘉義市,專業、科學及技術服務業,銷售額,百萬元,2081,613
2024,嘉義縣,專業、科學及技術服務業,銷售額,百萬元,2126,0
2024,屏東縣,專業、科學及技術服務業,銷售額,百萬元,2273, 
2024,花蓮縣,專業、科學及技術服務業,銷售額,百萬元,2415,0
2024,臺東縣,專業、科學及技術服務業,銷售額,百萬元,968,0
2024,離島地區,專業、科學及技術服務業,銷售額,百萬元,987,0
2024,總計,支援服務業,銷售額,百萬元,422030,300396
2024,臺北市,支援服務業,銷售額,百萬元,128798,267327
2024,新北市,支援服務業,銷售額,百萬元,64759,10323
2024,桃園市,支援服務業,銷售額,百萬元,47747,4047
2024,臺中市,支援服務業,銷售額,百萬元,55068,2561
2024,臺南市,支援服務業,銷售額,百萬元,21727,1597
2024,高雄市,支援服務業,銷售額,百萬元,45915,9544
2024,基隆市,支援服務業,銷售額,百萬元,3522,0
2024,宜蘭縣,支援服務業,銷售額,百萬元,2775, 
2024,新竹市,支援服務業,銷售額,百萬元,9904, 
2024,新竹縣,支援服務業,銷售額,百萬元,7637, 
2024,苗栗縣,支援服務業,銷售額,百萬元,4326,0
2024,彰化縣,支援服務業,銷售額,百萬元,6654, 
2024,南投縣,支援服務業,銷售額,百萬元,2206,0
2024,雲林縣,支援服務業,銷售額,百萬元,3491,0
2024,嘉義市,支援服務業,銷售額,百萬元,2619, 
2024,嘉義縣,支援服務業,銷售額,百萬元,5000, 
2024,屏東縣,支援服務業,銷售額,百萬元,3915,0
2024,花蓮縣,支援服務業,銷售額,百萬元,1619,0
2024,臺東縣,支援服務業,銷售額,百萬元,1362,0
2024,離島地區,支援服務業,銷售額,百萬元,2987, 
2024,總計,教育業,銷售額,百萬元,34752,3347
2024,臺北市,教育業,銷售額,百萬元,12986,1405
2024,新北市,教育業,銷售額,百萬元,5806,0
2024,桃園市,教育業,銷售額,百萬元,2084, 
2024,臺中市,教育業,銷售額,百萬元,5065, 
2024,臺南市,教育業,銷售額,百萬元,1923, 
2024,高雄市,教育業,銷售額,百萬元,2815,0
2024,基隆市,教育業,銷售額,百萬元,117,0
2024,宜蘭縣,教育業,銷售額,百萬元,173,0
2024,新竹市,教育業,銷售額,百萬元,1032,0
2024,新竹縣,教育業,銷售額,百萬元,911,0
2024,苗栗縣,教育業,銷售額,百萬元,182,0
2024,彰化縣,教育業,銷售額,百萬元,497,0
2024,南投縣,教育業,銷售額,百萬元,76,0
2024,雲林縣,教育業,銷售額,百萬元,215,0
2024,嘉義市,教育業,銷售額,百萬元,280,0
2024,嘉義縣,教育業,銷售額,百萬元,46,0
2024,屏東縣,教育業,銷售額,百萬元,262,0
2024,花蓮縣,教育業,銷售額,百萬元,137,0
2024,臺東縣,教育業,銷售額,百萬元,64,0
2024,離島地區,教育業,銷售額,百萬元,83,0
2024,總計,醫療保健及社會工作服務業,銷售額,百萬元,44664,5209
2024,臺北市,醫療保健及社會工作服務業,銷售額,百萬元,4677,3985
2024,新北市,醫療保健及社會工作服務業,銷售額,百萬元,3945, 
2024,桃園市,醫療保健及社會工作服務業,銷售額,百萬元,1288,0
2024,臺中市,醫療保健及社會工作服務業,銷售額,百萬元,4476, 
2024,臺南市,醫療保健及社會工作服務業,銷售額,百萬元,2350,0
2024,高雄市,醫療保健及社會工作服務業,銷售額,百萬元,24111, 
2024,基隆市,醫療保健及社會工作服務業,銷售額,百萬元,287,0
2024,宜蘭縣,醫療保健及社會工作服務業,銷售額,百萬元,178,0
2024,新竹市,醫療保健及社會工作服務業,銷售額,百萬元,347, 
2024,新竹縣,醫療保健及社會工作服務業,銷售額,百萬元,395, 
2024,苗栗縣,醫療保健及社會工作服務業,銷售額,百萬元,247, 
2024,彰化縣,醫療保健及社會工作服務業,銷售額,百萬元,683,0
2024,南投縣,醫療保健及社會工作服務業,銷售額,百萬元,245,0
2024,雲林縣,醫療保健及社會工作服務業,銷售額,百萬元,393,0
2024,嘉義市,醫療保健及社會工作服務業,銷售額,百萬元,104, 
2024,嘉義縣,醫療保健及社會工作服務業,銷售額,百萬元,351,0
2024,屏東縣,醫療保健及社會工作服務業,銷售額,百萬元,329,0
2024,花蓮縣,醫療保健及社會工作服務業,銷售額,百萬元,222, 
2024,臺東縣,醫療保健及社會工作服務業,銷售額,百萬元,28,0
2024,離島地區,醫療保健及社會工作服務業,銷售額,百萬元,9,0
2024,總計,藝術、娛樂及休閒服務業,銷售額,百萬元,144424,25914
2024,臺北市,藝術、娛樂及休閒服務業,銷售額,百萬元,50371,11150
2024,新北市,藝術、娛樂及休閒服務業,銷售額,百萬元,21932,1151
2024,桃園市,藝術、娛樂及休閒服務業,銷售額,百萬元,10505,1664
2024,臺中市,藝術、娛樂及休閒服務業,銷售額,百萬元,15065,3097
2024,臺南市,藝術、娛樂及休閒服務業,銷售額,百萬元,8318, 
2024,高雄市,藝術、娛樂及休閒服務業,銷售額,百萬元,12942,494
2024,基隆市,藝術、娛樂及休閒服務業,銷售額,百萬元,1447,0
2024,宜蘭縣,藝術、娛樂及休閒服務業,銷售額,百萬元,2717, 
2024,新竹市,藝術、娛樂及休閒服務業,銷售額,百萬元,3017, 
2024,新竹縣,藝術、娛樂及休閒服務業,銷售額,百萬元,2724,2095
2024,苗栗縣,藝術、娛樂及休閒服務業,銷售額,百萬元,1996, 
2024,彰化縣,藝術、娛樂及休閒服務業,銷售額,百萬元,2649, 
2024,南投縣,藝術、娛樂及休閒服務業,銷售額,百萬元,1673, 
2024,雲林縣,藝術、娛樂及休閒服務業,銷售額,百萬元,1267, 
2024,嘉義市,藝術、娛樂及休閒服務業,銷售額,百萬元,1757,0
2024,嘉義縣,藝術、娛樂及休閒服務業,銷售額,百萬元,811, 
2024,屏東縣,藝術、娛樂及休閒服務業,銷售額,百萬元,2545, 
2024,花蓮縣,藝術、娛樂及休閒服務業,銷售額,百萬元,1133, 
2024,臺東縣,藝術、娛樂及休閒服務業,銷售額,百萬元,773, 
2024,離島地區,藝術、娛樂及休閒服務業,銷售額,百萬元,781,0
2024,總計,其他服務業,銷售額,百萬元,277654,37886
2024,臺北市,其他服務業,銷售額,百萬元,57314,23316
2024,新北市,其他服務業,銷售額,百萬元,35989,1858
2024,桃園市,其他服務業,銷售額,百萬元,31215,7777
2024,臺中市,其他服務業,銷售額,百萬元,33979,1054
2024,臺南市,其他服務業,銷售額,百萬元,15985, 
2024,高雄市,其他服務業,銷售額,百萬元,34590,866
2024,基隆市,其他服務業,銷售額,百萬元,2818, 
2024,宜蘭縣,其他服務業,銷售額,百萬元,3529,0
2024,新竹市,其他服務業,銷售額,百萬元,11542, 
2024,新竹縣,其他服務業,銷售額,百萬元,9624, 
2024,苗栗縣,其他服務業,銷售額,百萬元,4884, 
2024,彰化縣,其他服務業,銷售額,百萬元,9366, 
2024,南投縣,其他服務業,銷售額,百萬元,3393, 
2024,雲林縣,其他服務業,銷售額,百萬元,4651,0
2024,嘉義市,其他服務業,銷售額,百萬元,5098,0
2024,嘉義縣,其他服務業,銷售額,百萬元,2811,0
2024,屏東縣,其他服務業,銷售額,百萬元,6322, 
2024,花蓮縣,其他服務業,銷售額,百萬元,1739,0
2024,臺東縣,其他服務業,銷售額,百萬元,1588, 
2024,離島地區,其他服務業,銷售額,百萬元,1217,0
