年度,縣市別,行業別,統計項目,單位,中小企業(家),大企業(家)
2013,總計,農林漁牧業,家數,家,12027,61
2013,臺北市,農林漁牧業,家數,家,357,14
2013,新北市,農林漁牧業,家數,家,969, 
2013,桃園縣,農林漁牧業,家數,家,553, 
2013,臺中市,農林漁牧業,家數,家,394, 
2013,臺南市,農林漁牧業,家數,家,295, 
2013,高雄市,農林漁牧業,家數,家,4207,11
2013,基隆市,農林漁牧業,家數,家,27,0
2013,宜蘭縣,農林漁牧業,家數,家,2093,0
2013,新竹市,農林漁牧業,家數,家,244, 
2013,新竹縣,農林漁牧業,家數,家,141, 
2013,苗栗縣,農林漁牧業,家數,家,166, 
2013,彰化縣,農林漁牧業,家數,家,522, 
2013,南投縣,農林漁牧業,家數,家,367, 
2013,雲林縣,農林漁牧業,家數,家,253, 
2013,嘉義市,農林漁牧業,家數,家,49,0
2013,嘉義縣,農林漁牧業,家數,家,240, 
2013,屏東縣,農林漁牧業,家數,家,668,8
2013,澎湖縣,農林漁牧業,家數,家,22,0
2013,花蓮縣,農林漁牧業,家數,家,199,0
2013,臺東縣,農林漁牧業,家數,家,224,0
2013,金門縣,農林漁牧業,家數,家,33,0
2013,連江縣,農林漁牧業,家數,家,,0
2013,總計,礦業及土石採取業,家數,家,1166,100
2013,臺北市,礦業及土石採取業,家數,家,88,8
2013,新北市,礦業及土石採取業,家數,家,77,7
2013,桃園縣,礦業及土石採取業,家數,家,63, 
2013,臺中市,礦業及土石採取業,家數,家,91,8
2013,臺南市,礦業及土石採取業,家數,家,50, 
2013,高雄市,礦業及土石採取業,家數,家,113,10
2013,基隆市,礦業及土石採取業,家數,家,6, 
2013,宜蘭縣,礦業及土石採取業,家數,家,119,10
2013,新竹市,礦業及土石採取業,家數,家,16, 
2013,新竹縣,礦業及土石採取業,家數,家,36, 
2013,苗栗縣,礦業及土石採取業,家數,家,67,6
2013,彰化縣,礦業及土石採取業,家數,家,36, 
2013,南投縣,礦業及土石採取業,家數,家,56, 
2013,雲林縣,礦業及土石採取業,家數,家,44, 
2013,嘉義市,礦業及土石採取業,家數,家,,0
2013,嘉義縣,礦業及土石採取業,家數,家,13, 
2013,屏東縣,礦業及土石採取業,家數,家,47, 
2013,澎湖縣,礦業及土石採取業,家數,家,8, 
2013,花蓮縣,礦業及土石採取業,家數,家,164,14
2013,臺東縣,礦業及土石採取業,家數,家,61, 
2013,金門縣,礦業及土石採取業,家數,家,6, 
2013,連江縣,礦業及土石採取業,家數,家,0,0
2013,總計,製造業,家數,家,139099,5661
2013,臺北市,製造業,家數,家,6889,868
2013,新北市,製造業,家數,家,32543,1016
2013,桃園縣,製造業,家數,家,11270,854
2013,臺中市,製造業,家數,家,29705,673
2013,臺南市,製造業,家數,家,12388,481
2013,高雄市,製造業,家數,家,9269,463
2013,基隆市,製造業,家數,家,692,18
2013,宜蘭縣,製造業,家數,家,2385,54
2013,新竹市,製造業,家數,家,2338,232
2013,新竹縣,製造業,家數,家,2524,322
2013,苗栗縣,製造業,家數,家,2614,142
2013,彰化縣,製造業,家數,家,17122,272
2013,南投縣,製造業,家數,家,1692,67
2013,雲林縣,製造業,家數,家,1998,55
2013,嘉義市,製造業,家數,家,829,6
2013,嘉義縣,製造業,家數,家,1889,55
2013,屏東縣,製造業,家數,家,1511,72
2013,澎湖縣,製造業,家數,家,252,0
2013,花蓮縣,製造業,家數,家,671,8
2013,臺東縣,製造業,家數,家,295, 
2013,金門縣,製造業,家數,家,197, 
2013,連江縣,製造業,家數,家,26, 
2013,總計,電力及燃氣供應業,家數,家,423,130
2013,臺北市,電力及燃氣供應業,家數,家,64,17
2013,新北市,電力及燃氣供應業,家數,家,56,18
2013,桃園縣,電力及燃氣供應業,家數,家,18,8
2013,臺中市,電力及燃氣供應業,家數,家,40,15
2013,臺南市,電力及燃氣供應業,家數,家,37,9
2013,高雄市,電力及燃氣供應業,家數,家,45,13
2013,基隆市,電力及燃氣供應業,家數,家,, 
2013,宜蘭縣,電力及燃氣供應業,家數,家,, 
2013,新竹市,電力及燃氣供應業,家數,家,, 
2013,新竹縣,電力及燃氣供應業,家數,家,8, 
2013,苗栗縣,電力及燃氣供應業,家數,家,11, 
2013,彰化縣,電力及燃氣供應業,家數,家,46,6
2013,南投縣,電力及燃氣供應業,家數,家,, 
2013,雲林縣,電力及燃氣供應業,家數,家,30, 
2013,嘉義市,電力及燃氣供應業,家數,家,, 
2013,嘉義縣,電力及燃氣供應業,家數,家,17, 
2013,屏東縣,電力及燃氣供應業,家數,家,17, 
2013,澎湖縣,電力及燃氣供應業,家數,家,0, 
2013,花蓮縣,電力及燃氣供應業,家數,家,6, 
2013,臺東縣,電力及燃氣供應業,家數,家,6, 
2013,金門縣,電力及燃氣供應業,家數,家,, 
2013,連江縣,電力及燃氣供應業,家數,家,0, 
2013,總計,用水供應及污染整治業,家數,家,7211,295
2013,臺北市,用水供應及污染整治業,家數,家,623,37
2013,新北市,用水供應及污染整治業,家數,家,932,31
2013,桃園縣,用水供應及污染整治業,家數,家,740,45
2013,臺中市,用水供應及污染整治業,家數,家,882,35
2013,臺南市,用水供應及污染整治業,家數,家,575,24
2013,高雄市,用水供應及污染整治業,家數,家,1108,49
2013,基隆市,用水供應及污染整治業,家數,家,120, 
2013,宜蘭縣,用水供應及污染整治業,家數,家,109, 
2013,新竹市,用水供應及污染整治業,家數,家,153,6
2013,新竹縣,用水供應及污染整治業,家數,家,141,10
2013,苗栗縣,用水供應及污染整治業,家數,家,203, 
2013,彰化縣,用水供應及污染整治業,家數,家,409,17
2013,南投縣,用水供應及污染整治業,家數,家,135, 
2013,雲林縣,用水供應及污染整治業,家數,家,275,7
2013,嘉義市,用水供應及污染整治業,家數,家,69, 
2013,嘉義縣,用水供應及污染整治業,家數,家,176, 
2013,屏東縣,用水供應及污染整治業,家數,家,323,12
2013,澎湖縣,用水供應及污染整治業,家數,家,16,0
2013,花蓮縣,用水供應及污染整治業,家數,家,118, 
2013,臺東縣,用水供應及污染整治業,家數,家,74, 
2013,金門縣,用水供應及污染整治業,家數,家,23, 
2013,連江縣,用水供應及污染整治業,家數,家,7,0
2013,總計,營造業,家數,家,107498,1281
2013,臺北市,營造業,家數,家,10369,473
2013,新北市,營造業,家數,家,20884,204
2013,桃園縣,營造業,家數,家,9762,77
2013,臺中市,營造業,家數,家,13650,154
2013,臺南市,營造業,家數,家,6547,56
2013,高雄市,營造業,家數,家,13377,147
2013,基隆市,營造業,家數,家,1894, 
2013,宜蘭縣,營造業,家數,家,2845,24
2013,新竹市,營造業,家數,家,2170,23
2013,新竹縣,營造業,家數,家,2829,24
2013,苗栗縣,營造業,家數,家,2805,12
2013,彰化縣,營造業,家數,家,4390,13
2013,南投縣,營造業,家數,家,2295, 
2013,雲林縣,營造業,家數,家,3190,19
2013,嘉義市,營造業,家數,家,1066,8
2013,嘉義縣,營造業,家數,家,2083,7
2013,屏東縣,營造業,家數,家,3220,12
2013,澎湖縣,營造業,家數,家,398, 
2013,花蓮縣,營造業,家數,家,2083,7
2013,臺東縣,營造業,家數,家,848,7
2013,金門縣,營造業,家數,家,686, 
2013,連江縣,營造業,家數,家,107, 
2013,總計,批發及零售業,家數,家,666857,17126
2013,臺北市,批發及零售業,家數,家,115792,5481
2013,新北市,批發及零售業,家數,家,99781,2723
2013,桃園縣,批發及零售業,家數,家,51409,1271
2013,臺中市,批發及零售業,家數,家,81353,2010
2013,臺南市,批發及零售業,家數,家,51736,1019
2013,高雄市,批發及零售業,家數,家,78441,1874
2013,基隆市,批發及零售業,家數,家,8575,74
2013,宜蘭縣,批發及零售業,家數,家,11836,155
2013,新竹市,批發及零售業,家數,家,11944,300
2013,新竹縣,批發及零售業,家數,家,11066,338
2013,苗栗縣,批發及零售業,家數,家,12312,166
2013,彰化縣,批發及零售業,家數,家,31134,563
2013,南投縣,批發及零售業,家數,家,12412,142
2013,雲林縣,批發及零售業,家數,家,16225,238
2013,嘉義市,批發及零售業,家數,家,8705,158
2013,嘉義縣,批發及零售業,家數,家,9894,152
2013,屏東縣,批發及零售業,家數,家,18872,281
2013,澎湖縣,批發及零售業,家數,家,3118,13
2013,花蓮縣,批發及零售業,家數,家,9519,105
2013,臺東縣,批發及零售業,家數,家,6260,45
2013,金門縣,批發及零售業,家數,家,16213,17
2013,連江縣,批發及零售業,家數,家,260, 
2013,總計,運輸及倉儲業,家數,家,30283,1062
2013,臺北市,運輸及倉儲業,家數,家,5214,446
2013,新北市,運輸及倉儲業,家數,家,6496,83
2013,桃園縣,運輸及倉儲業,家數,家,2010,78
2013,臺中市,運輸及倉儲業,家數,家,2960,84
2013,臺南市,運輸及倉儲業,家數,家,1190,33
2013,高雄市,運輸及倉儲業,家數,家,4782,172
2013,基隆市,運輸及倉儲業,家數,家,1223,39
2013,宜蘭縣,運輸及倉儲業,家數,家,732,17
2013,新竹市,運輸及倉儲業,家數,家,305,15
2013,新竹縣,運輸及倉儲業,家數,家,399,11
2013,苗栗縣,運輸及倉儲業,家數,家,423,9
2013,彰化縣,運輸及倉儲業,家數,家,892,19
2013,南投縣,運輸及倉儲業,家數,家,492, 
2013,雲林縣,運輸及倉儲業,家數,家,555,11
2013,嘉義市,運輸及倉儲業,家數,家,328,6
2013,嘉義縣,運輸及倉儲業,家數,家,663, 
2013,屏東縣,運輸及倉儲業,家數,家,550, 
2013,澎湖縣,運輸及倉儲業,家數,家,309, 
2013,花蓮縣,運輸及倉儲業,家數,家,353,8
2013,臺東縣,運輸及倉儲業,家數,家,137, 
2013,金門縣,運輸及倉儲業,家數,家,186,8
2013,連江縣,運輸及倉儲業,家數,家,84, 
2013,總計,住宿及餐飲業,家數,家,130653,430
2013,臺北市,住宿及餐飲業,家數,家,19843,187
2013,新北市,住宿及餐飲業,家數,家,14510,35
2013,桃園縣,住宿及餐飲業,家數,家,9247,29
2013,臺中市,住宿及餐飲業,家數,家,15143,52
2013,臺南市,住宿及餐飲業,家數,家,13367,11
2013,高雄市,住宿及餐飲業,家數,家,17161,34
2013,基隆市,住宿及餐飲業,家數,家,2554, 
2013,宜蘭縣,住宿及餐飲業,家數,家,3028,8
2013,新竹市,住宿及餐飲業,家數,家,2855,11
2013,新竹縣,住宿及餐飲業,家數,家,2595, 
2013,苗栗縣,住宿及餐飲業,家數,家,2848, 
2013,彰化縣,住宿及餐飲業,家數,家,5103,6
2013,南投縣,住宿及餐飲業,家數,家,2987,14
2013,雲林縣,住宿及餐飲業,家數,家,2366, 
2013,嘉義市,住宿及餐飲業,家數,家,2310, 
2013,嘉義縣,住宿及餐飲業,家數,家,1901, 
2013,屏東縣,住宿及餐飲業,家數,家,5467,7
2013,澎湖縣,住宿及餐飲業,家數,家,949, 
2013,花蓮縣,住宿及餐飲業,家數,家,3296,12
2013,臺東縣,住宿及餐飲業,家數,家,2311,6
2013,金門縣,住宿及餐飲業,家數,家,599,0
2013,連江縣,住宿及餐飲業,家數,家,213,0
2013,總計,資訊及通訊傳播業,家數,家,17794,727
2013,臺北市,資訊及通訊傳播業,家數,家,7652,452
2013,新北市,資訊及通訊傳播業,家數,家,2991,103
2013,桃園縣,資訊及通訊傳播業,家數,家,989,25
2013,臺中市,資訊及通訊傳播業,家數,家,1908,36
2013,臺南市,資訊及通訊傳播業,家數,家,783,11
2013,高雄市,資訊及通訊傳播業,家數,家,1290,27
2013,基隆市,資訊及通訊傳播業,家數,家,132, 
2013,宜蘭縣,資訊及通訊傳播業,家數,家,146, 
2013,新竹市,資訊及通訊傳播業,家數,家,352,20
2013,新竹縣,資訊及通訊傳播業,家數,家,230,15
2013,苗栗縣,資訊及通訊傳播業,家數,家,158, 
2013,彰化縣,資訊及通訊傳播業,家數,家,281, 
2013,南投縣,資訊及通訊傳播業,家數,家,147, 
2013,雲林縣,資訊及通訊傳播業,家數,家,124, 
2013,嘉義市,資訊及通訊傳播業,家數,家,133, 
2013,嘉義縣,資訊及通訊傳播業,家數,家,41, 
2013,屏東縣,資訊及通訊傳播業,家數,家,181, 
2013,澎湖縣,資訊及通訊傳播業,家數,家,45, 
2013,花蓮縣,資訊及通訊傳播業,家數,家,108, 
2013,臺東縣,資訊及通訊傳播業,家數,家,59, 
2013,金門縣,資訊及通訊傳播業,家數,家,37, 
2013,連江縣,資訊及通訊傳播業,家數,家,7, 
2013,總計,金融及保險業,家數,家,14947,2434
2013,臺北市,金融及保險業,家數,家,5912,1044
2013,新北市,金融及保險業,家數,家,1902,305
2013,桃園縣,金融及保險業,家數,家,851,156
2013,臺中市,金融及保險業,家數,家,1515,214
2013,臺南市,金融及保險業,家數,家,874,126
2013,高雄市,金融及保險業,家數,家,1452,212
2013,基隆市,金融及保險業,家數,家,129,15
2013,宜蘭縣,金融及保險業,家數,家,113,32
2013,新竹市,金融及保險業,家數,家,300,56
2013,新竹縣,金融及保險業,家數,家,187,24
2013,苗栗縣,金融及保險業,家數,家,144,24
2013,彰化縣,金融及保險業,家數,家,400,58
2013,南投縣,金融及保險業,家數,家,129,23
2013,雲林縣,金融及保險業,家數,家,182,34
2013,嘉義市,金融及保險業,家數,家,219,27
2013,嘉義縣,金融及保險業,家數,家,115,20
2013,屏東縣,金融及保險業,家數,家,245,33
2013,澎湖縣,金融及保險業,家數,家,30, 
2013,花蓮縣,金融及保險業,家數,家,127,18
2013,臺東縣,金融及保險業,家數,家,89,8
2013,金門縣,金融及保險業,家數,家,30, 
2013,連江縣,金融及保險業,家數,家,,0
2013,總計,不動產業,家數,家,29986,1513
2013,臺北市,不動產業,家數,家,7153,519
2013,新北市,不動產業,家數,家,4689,263
2013,桃園縣,不動產業,家數,家,2712,132
2013,臺中市,不動產業,家數,家,4269,243
2013,臺南市,不動產業,家數,家,1891,53
2013,高雄市,不動產業,家數,家,2712,132
2013,基隆市,不動產業,家數,家,239, 
2013,宜蘭縣,不動產業,家數,家,691,8
2013,新竹市,不動產業,家數,家,752,38
2013,新竹縣,不動產業,家數,家,755,45
2013,苗栗縣,不動產業,家數,家,505,12
2013,彰化縣,不動產業,家數,家,905,18
2013,南投縣,不動產業,家數,家,340, 
2013,雲林縣,不動產業,家數,家,389,14
2013,嘉義市,不動產業,家數,家,439, 
2013,嘉義縣,不動產業,家數,家,180, 
2013,屏東縣,不動產業,家數,家,495, 
2013,澎湖縣,不動產業,家數,家,115,0
2013,花蓮縣,不動產業,家數,家,416,7
2013,臺東縣,不動產業,家數,家,191,7
2013,金門縣,不動產業,家數,家,145,0
2013,連江縣,不動產業,家數,家,,0
2013,總計,專業、科學及技術服務業,家數,家,41167,714
2013,臺北市,專業、科學及技術服務業,家數,家,14052,443
2013,新北市,專業、科學及技術服務業,家數,家,6664,86
2013,桃園縣,專業、科學及技術服務業,家數,家,2725,36
2013,臺中市,專業、科學及技術服務業,家數,家,5365,44
2013,臺南市,專業、科學及技術服務業,家數,家,2345,10
2013,高雄市,專業、科學及技術服務業,家數,家,3730,23
2013,基隆市,專業、科學及技術服務業,家數,家,351,0
2013,宜蘭縣,專業、科學及技術服務業,家數,家,513, 
2013,新竹市,專業、科學及技術服務業,家數,家,723,26
2013,新竹縣,專業、科學及技術服務業,家數,家,638,24
2013,苗栗縣,專業、科學及技術服務業,家數,家,413, 
2013,彰化縣,專業、科學及技術服務業,家數,家,947,6
2013,南投縣,專業、科學及技術服務業,家數,家,415,0
2013,雲林縣,專業、科學及技術服務業,家數,家,422, 
2013,嘉義市,專業、科學及技術服務業,家數,家,391, 
2013,嘉義縣,專業、科學及技術服務業,家數,家,220, 
2013,屏東縣,專業、科學及技術服務業,家數,家,558, 
2013,澎湖縣,專業、科學及技術服務業,家數,家,47,0
2013,花蓮縣,專業、科學及技術服務業,家數,家,348, 
2013,臺東縣,專業、科學及技術服務業,家數,家,179,0
2013,金門縣,專業、科學及技術服務業,家數,家,105,0
2013,連江縣,專業、科學及技術服務業,家數,家,16,0
2013,總計,支援服務業,家數,家,28607,432
2013,臺北市,支援服務業,家數,家,4712,194
2013,新北市,支援服務業,家數,家,4046,56
2013,桃園縣,支援服務業,家數,家,2818,33
2013,臺中市,支援服務業,家數,家,3770,39
2013,臺南市,支援服務業,家數,家,1987,17
2013,高雄市,支援服務業,家數,家,3433,48
2013,基隆市,支援服務業,家數,家,453, 
2013,宜蘭縣,支援服務業,家數,家,555, 
2013,新竹市,支援服務業,家數,家,669,15
2013,新竹縣,支援服務業,家數,家,544,11
2013,苗栗縣,支援服務業,家數,家,600, 
2013,彰化縣,支援服務業,家數,家,928, 
2013,南投縣,支援服務業,家數,家,504,0
2013,雲林縣,支援服務業,家數,家,416, 
2013,嘉義市,支援服務業,家數,家,413,0
2013,嘉義縣,支援服務業,家數,家,441, 
2013,屏東縣,支援服務業,家數,家,808, 
2013,澎湖縣,支援服務業,家數,家,392,0
2013,花蓮縣,支援服務業,家數,家,514, 
2013,臺東縣,支援服務業,家數,家,384,0
2013,金門縣,支援服務業,家數,家,179,0
2013,連江縣,支援服務業,家數,家,41,0
2013,總計,教育服務業,家數,家,1622,8
2013,臺北市,教育服務業,家數,家,500, 
2013,新北市,教育服務業,家數,家,196, 
2013,桃園縣,教育服務業,家數,家,101, 
2013,臺中市,教育服務業,家數,家,212,0
2013,臺南市,教育服務業,家數,家,111,0
2013,高雄市,教育服務業,家數,家,213,0
2013,基隆市,教育服務業,家數,家,11,0
2013,宜蘭縣,教育服務業,家數,家,22,0
2013,新竹市,教育服務業,家數,家,62,0
2013,新竹縣,教育服務業,家數,家,20,0
2013,苗栗縣,教育服務業,家數,家,12,0
2013,彰化縣,教育服務業,家數,家,34,0
2013,南投縣,教育服務業,家數,家,20,0
2013,雲林縣,教育服務業,家數,家,22,0
2013,嘉義市,教育服務業,家數,家,13,0
2013,嘉義縣,教育服務業,家數,家,10,0
2013,屏東縣,教育服務業,家數,家,22,0
2013,澎湖縣,教育服務業,家數,家,11,0
2013,花蓮縣,教育服務業,家數,家,14,0
2013,臺東縣,教育服務業,家數,家,10,0
2013,金門縣,教育服務業,家數,家,,0
2013,連江縣,教育服務業,家數,家,,0
2013,總計,醫療保健及社會工作服務業,家數,家,604,12
2013,臺北市,醫療保健及社會工作服務業,家數,家,132,8
2013,新北市,醫療保健及社會工作服務業,家數,家,56, 
2013,桃園縣,醫療保健及社會工作服務業,家數,家,26,0
2013,臺中市,醫療保健及社會工作服務業,家數,家,68, 
2013,臺南市,醫療保健及社會工作服務業,家數,家,55,0
2013,高雄市,醫療保健及社會工作服務業,家數,家,98, 
2013,基隆市,醫療保健及社會工作服務業,家數,家,9,0
2013,宜蘭縣,醫療保健及社會工作服務業,家數,家,31,0
2013,新竹市,醫療保健及社會工作服務業,家數,家,14,0
2013,新竹縣,醫療保健及社會工作服務業,家數,家,9,0
2013,苗栗縣,醫療保健及社會工作服務業,家數,家,7,0
2013,彰化縣,醫療保健及社會工作服務業,家數,家,17,0
2013,南投縣,醫療保健及社會工作服務業,家數,家,15,0
2013,雲林縣,醫療保健及社會工作服務業,家數,家,7,0
2013,嘉義市,醫療保健及社會工作服務業,家數,家,8,0
2013,嘉義縣,醫療保健及社會工作服務業,家數,家,0,0
2013,屏東縣,醫療保健及社會工作服務業,家數,家,28,0
2013,澎湖縣,醫療保健及社會工作服務業,家數,家,,0
2013,花蓮縣,醫療保健及社會工作服務業,家數,家,15,0
2013,臺東縣,醫療保健及社會工作服務業,家數,家,6,0
2013,金門縣,醫療保健及社會工作服務業,家數,家,,0
2013,連江縣,醫療保健及社會工作服務業,家數,家,0,0
2013,總計,藝術、娛樂及休閒服務業,家數,家,23791,108
2013,臺北市,藝術、娛樂及休閒服務業,家數,家,3740,37
2013,新北市,藝術、娛樂及休閒服務業,家數,家,3172,15
2013,桃園縣,藝術、娛樂及休閒服務業,家數,家,1743,13
2013,臺中市,藝術、娛樂及休閒服務業,家數,家,2201,6
2013,臺南市,藝術、娛樂及休閒服務業,家數,家,1870, 
2013,高雄市,藝術、娛樂及休閒服務業,家數,家,2848,11
2013,基隆市,藝術、娛樂及休閒服務業,家數,家,413, 
2013,宜蘭縣,藝術、娛樂及休閒服務業,家數,家,525, 
2013,新竹市,藝術、娛樂及休閒服務業,家數,家,445, 
2013,新竹縣,藝術、娛樂及休閒服務業,家數,家,505, 
2013,苗栗縣,藝術、娛樂及休閒服務業,家數,家,538, 
2013,彰化縣,藝術、娛樂及休閒服務業,家數,家,1160,0
2013,南投縣,藝術、娛樂及休閒服務業,家數,家,745, 
2013,雲林縣,藝術、娛樂及休閒服務業,家數,家,661, 
2013,嘉義市,藝術、娛樂及休閒服務業,家數,家,396,0
2013,嘉義縣,藝術、娛樂及休閒服務業,家數,家,417, 
2013,屏東縣,藝術、娛樂及休閒服務業,家數,家,1229, 
2013,澎湖縣,藝術、娛樂及休閒服務業,家數,家,136,0
2013,花蓮縣,藝術、娛樂及休閒服務業,家數,家,395, 
2013,臺東縣,藝術、娛樂及休閒服務業,家數,家,458,0
2013,金門縣,藝術、娛樂及休閒服務業,家數,家,140,0
2013,連江縣,藝術、娛樂及休閒服務業,家數,家,54,0
2013,總計,其他服務業,家數,家,77447,191
2013,臺北市,其他服務業,家數,家,9264,65
2013,新北市,其他服務業,家數,家,8639,22
2013,桃園縣,其他服務業,家數,家,5962,17
2013,臺中市,其他服務業,家數,家,9836,23
2013,臺南市,其他服務業,家數,家,7742, 
2013,高雄市,其他服務業,家數,家,10793,23
2013,基隆市,其他服務業,家數,家,1432, 
2013,宜蘭縣,其他服務業,家數,家,1664, 
2013,新竹市,其他服務業,家數,家,1702, 
2013,新竹縣,其他服務業,家數,家,1634, 
2013,苗栗縣,其他服務業,家數,家,1854, 
2013,彰化縣,其他服務業,家數,家,4676, 
2013,南投縣,其他服務業,家數,家,1563, 
2013,雲林縣,其他服務業,家數,家,2031, 
2013,嘉義市,其他服務業,家數,家,1508, 
2013,嘉義縣,其他服務業,家數,家,1394, 
2013,屏東縣,其他服務業,家數,家,3084,6
2013,澎湖縣,其他服務業,家數,家,320,0
2013,花蓮縣,其他服務業,家數,家,1262, 
2013,臺東縣,其他服務業,家數,家,805, 
2013,金門縣,其他服務業,家數,家,234,0
2013,連江縣,其他服務業,家數,家,48,0
2014,總計,農林漁牧業,家數,家,11568,70
2014,臺北市,農林漁牧業,家數,家,408,18
2014,新北市,農林漁牧業,家數,家,920, 
2014,桃園縣,農林漁牧業,家數,家,603, 
2014,臺中市,農林漁牧業,家數,家,425, 
2014,臺南市,農林漁牧業,家數,家,322, 
2014,高雄市,農林漁牧業,家數,家,4192,12
2014,基隆市,農林漁牧業,家數,家,27,0
2014,宜蘭縣,農林漁牧業,家數,家,1265,0
2014,新竹市,農林漁牧業,家數,家,247, 
2014,新竹縣,農林漁牧業,家數,家,166, 
2014,苗栗縣,農林漁牧業,家數,家,188, 
2014,彰化縣,農林漁牧業,家數,家,602, 
2014,南投縣,農林漁牧業,家數,家,398, 
2014,雲林縣,農林漁牧業,家數,家,306, 
2014,嘉義市,農林漁牧業,家數,家,50,0
2014,嘉義縣,農林漁牧業,家數,家,265, 
2014,屏東縣,農林漁牧業,家數,家,667,10
2014,澎湖縣,農林漁牧業,家數,家,25,0
2014,花蓮縣,農林漁牧業,家數,家,216,0
2014,臺東縣,農林漁牧業,家數,家,240,0
2014,金門縣,農林漁牧業,家數,家,33,0
2014,連江縣,農林漁牧業,家數,家,,0
2014,總計,礦業及土石採取業,家數,家,70,26
2014,臺北市,礦業及土石採取業,家數,家,18,10
2014,新北市,礦業及土石採取業,家數,家,, 
2014,桃園縣,礦業及土石採取業,家數,家,, 
2014,臺中市,礦業及土石採取業,家數,家,, 
2014,臺南市,礦業及土石採取業,家數,家,,0
2014,高雄市,礦業及土石採取業,家數,家,12, 
2014,基隆市,礦業及土石採取業,家數,家,0,0
2014,宜蘭縣,礦業及土石採取業,家數,家,0,0
2014,新竹市,礦業及土石採取業,家數,家,,0
2014,新竹縣,礦業及土石採取業,家數,家,, 
2014,苗栗縣,礦業及土石採取業,家數,家,, 
2014,彰化縣,礦業及土石採取業,家數,家,,0
2014,南投縣,礦業及土石採取業,家數,家,,0
2014,雲林縣,礦業及土石採取業,家數,家,,0
2014,嘉義市,礦業及土石採取業,家數,家,0,0
2014,嘉義縣,礦業及土石採取業,家數,家,,0
2014,屏東縣,礦業及土石採取業,家數,家,10,0
2014,澎湖縣,礦業及土石採取業,家數,家,0,0
2014,花蓮縣,礦業及土石採取業,家數,家,0, 
2014,臺東縣,礦業及土石採取業,家數,家,0,0
2014,金門縣,礦業及土石採取業,家數,家,0,0
2014,連江縣,礦業及土石採取業,家數,家,0,0
2014,總計,製造業,家數,家,141817,5587
2014,臺北市,製造業,家數,家,7129,876
2014,新北市,製造業,家數,家,33516,997
2014,桃園縣,製造業,家數,家,11651,812
2014,臺中市,製造業,家數,家,29831,665
2014,臺南市,製造業,家數,家,12602,469
2014,高雄市,製造業,家數,家,9524,471
2014,基隆市,製造業,家數,家,680,18
2014,宜蘭縣,製造業,家數,家,2370,50
2014,新竹市,製造業,家數,家,2359,235
2014,新竹縣,製造業,家數,家,2643,318
2014,苗栗縣,製造業,家數,家,2603,136
2014,彰化縣,製造業,家數,家,17294,272
2014,南投縣,製造業,家數,家,1729,69
2014,雲林縣,製造業,家數,家,2174,57
2014,嘉義市,製造業,家數,家,820, 
2014,嘉義縣,製造業,家數,家,1907,55
2014,屏東縣,製造業,家數,家,1539,73
2014,澎湖縣,製造業,家數,家,232,0
2014,花蓮縣,製造業,家數,家,688,7
2014,臺東縣,製造業,家數,家,314,0
2014,金門縣,製造業,家數,家,186, 
2014,連江縣,製造業,家數,家,26, 
2014,總計,電力及燃氣供應業,家數,家,546,134
2014,臺北市,電力及燃氣供應業,家數,家,72,19
2014,新北市,電力及燃氣供應業,家數,家,56,18
2014,桃園縣,電力及燃氣供應業,家數,家,22,10
2014,臺中市,電力及燃氣供應業,家數,家,51,16
2014,臺南市,電力及燃氣供應業,家數,家,53,9
2014,高雄市,電力及燃氣供應業,家數,家,61,11
2014,基隆市,電力及燃氣供應業,家數,家,, 
2014,宜蘭縣,電力及燃氣供應業,家數,家,, 
2014,新竹市,電力及燃氣供應業,家數,家,9, 
2014,新竹縣,電力及燃氣供應業,家數,家,12, 
2014,苗栗縣,電力及燃氣供應業,家數,家,17, 
2014,彰化縣,電力及燃氣供應業,家數,家,59,6
2014,南投縣,電力及燃氣供應業,家數,家,, 
2014,雲林縣,電力及燃氣供應業,家數,家,41, 
2014,嘉義市,電力及燃氣供應業,家數,家,11, 
2014,嘉義縣,電力及燃氣供應業,家數,家,27, 
2014,屏東縣,電力及燃氣供應業,家數,家,28, 
2014,澎湖縣,電力及燃氣供應業,家數,家,0, 
2014,花蓮縣,電力及燃氣供應業,家數,家,6, 
2014,臺東縣,電力及燃氣供應業,家數,家,6, 
2014,金門縣,電力及燃氣供應業,家數,家,, 
2014,連江縣,電力及燃氣供應業,家數,家,0, 
2014,總計,用水供應及污染整治業,家數,家,7155,325
2014,臺北市,用水供應及污染整治業,家數,家,615,36
2014,新北市,用水供應及污染整治業,家數,家,895,39
2014,桃園縣,用水供應及污染整治業,家數,家,742,59
2014,臺中市,用水供應及污染整治業,家數,家,884,36
2014,臺南市,用水供應及污染整治業,家數,家,572,29
2014,高雄市,用水供應及污染整治業,家數,家,1121,55
2014,基隆市,用水供應及污染整治業,家數,家,120, 
2014,宜蘭縣,用水供應及污染整治業,家數,家,109, 
2014,新竹市,用水供應及污染整治業,家數,家,147, 
2014,新竹縣,用水供應及污染整治業,家數,家,137,9
2014,苗栗縣,用水供應及污染整治業,家數,家,213, 
2014,彰化縣,用水供應及污染整治業,家數,家,399,16
2014,南投縣,用水供應及污染整治業,家數,家,129, 
2014,雲林縣,用水供應及污染整治業,家數,家,258,7
2014,嘉義市,用水供應及污染整治業,家數,家,70, 
2014,嘉義縣,用水供應及污染整治業,家數,家,181,6
2014,屏東縣,用水供應及污染整治業,家數,家,328,12
2014,澎湖縣,用水供應及污染整治業,家數,家,17,0
2014,花蓮縣,用水供應及污染整治業,家數,家,109, 
2014,臺東縣,用水供應及污染整治業,家數,家,74, 
2014,金門縣,用水供應及污染整治業,家數,家,28,0
2014,連江縣,用水供應及污染整治業,家數,家,7,0
2014,總計,營造業,家數,家,112164,1236
2014,臺北市,營造業,家數,家,10772,462
2014,新北市,營造業,家數,家,21860,198
2014,桃園縣,營造業,家數,家,10308,77
2014,臺中市,營造業,家數,家,14287,149
2014,臺南市,營造業,家數,家,6872,52
2014,高雄市,營造業,家數,家,13897,134
2014,基隆市,營造業,家數,家,2002, 
2014,宜蘭縣,營造業,家數,家,3017,22
2014,新竹市,營造業,家數,家,2252,25
2014,新竹縣,營造業,家數,家,3014,24
2014,苗栗縣,營造業,家數,家,2885,15
2014,彰化縣,營造業,家數,家,4603,12
2014,南投縣,營造業,家數,家,2341, 
2014,雲林縣,營造業,家數,家,3269,17
2014,嘉義市,營造業,家數,家,1099,7
2014,嘉義縣,營造業,家數,家,2158, 
2014,屏東縣,營造業,家數,家,3306,11
2014,澎湖縣,營造業,家數,家,417, 
2014,花蓮縣,營造業,家數,家,2055,7
2014,臺東縣,營造業,家數,家,893,6
2014,金門縣,營造業,家數,家,749, 
2014,連江縣,營造業,家數,家,108, 
2014,總計,批發及零售業,家數,家,668428,17755
2014,臺北市,批發及零售業,家數,家,116239,5603
2014,新北市,批發及零售業,家數,家,99592,2839
2014,桃園縣,批發及零售業,家數,家,51968,1327
2014,臺中市,批發及零售業,家數,家,82493,2103
2014,臺南市,批發及零售業,家數,家,51880,1063
2014,高雄市,批發及零售業,家數,家,78320,1947
2014,基隆市,批發及零售業,家數,家,8585,76
2014,宜蘭縣,批發及零售業,家數,家,11784,158
2014,新竹市,批發及零售業,家數,家,11989,306
2014,新竹縣,批發及零售業,家數,家,11189,348
2014,苗栗縣,批發及零售業,家數,家,12247,169
2014,彰化縣,批發及零售業,家數,家,30910,609
2014,南投縣,批發及零售業,家數,家,12333,152
2014,雲林縣,批發及零售業,家數,家,15930,239
2014,嘉義市,批發及零售業,家數,家,8689,157
2014,嘉義縣,批發及零售業,家數,家,9895,154
2014,屏東縣,批發及零售業,家數,家,18905,307
2014,澎湖縣,批發及零售業,家數,家,3005,13
2014,花蓮縣,批發及零售業,家數,家,9501,112
2014,臺東縣,批發及零售業,家數,家,6210,52
2014,金門縣,批發及零售業,家數,家,16500,20
2014,連江縣,批發及零售業,家數,家,264, 
2014,總計,運輸及倉儲業,家數,家,30281,1118
2014,臺北市,運輸及倉儲業,家數,家,5203,470
2014,新北市,運輸及倉儲業,家數,家,6477,92
2014,桃園縣,運輸及倉儲業,家數,家,2052,84
2014,臺中市,運輸及倉儲業,家數,家,2984,93
2014,臺南市,運輸及倉儲業,家數,家,1195,42
2014,高雄市,運輸及倉儲業,家數,家,4842,170
2014,基隆市,運輸及倉儲業,家數,家,1210,38
2014,宜蘭縣,運輸及倉儲業,家數,家,719,16
2014,新竹市,運輸及倉儲業,家數,家,299,14
2014,新竹縣,運輸及倉儲業,家數,家,395,11
2014,苗栗縣,運輸及倉儲業,家數,家,422,10
2014,彰化縣,運輸及倉儲業,家數,家,890,19
2014,南投縣,運輸及倉儲業,家數,家,464, 
2014,雲林縣,運輸及倉儲業,家數,家,527,12
2014,嘉義市,運輸及倉儲業,家數,家,323,8
2014,嘉義縣,運輸及倉儲業,家數,家,664, 
2014,屏東縣,運輸及倉儲業,家數,家,555, 
2014,澎湖縣,運輸及倉儲業,家數,家,288, 
2014,花蓮縣,運輸及倉儲業,家數,家,362,9
2014,臺東縣,運輸及倉儲業,家數,家,141, 
2014,金門縣,運輸及倉儲業,家數,家,184,8
2014,連江縣,運輸及倉儲業,家數,家,85, 
2014,總計,住宿及餐飲業,家數,家,134326,483
2014,臺北市,住宿及餐飲業,家數,家,20186,213
2014,新北市,住宿及餐飲業,家數,家,15133,37
2014,桃園縣,住宿及餐飲業,家數,家,9526,30
2014,臺中市,住宿及餐飲業,家數,家,15666,59
2014,臺南市,住宿及餐飲業,家數,家,13594,15
2014,高雄市,住宿及餐飲業,家數,家,17254,38
2014,基隆市,住宿及餐飲業,家數,家,2615, 
2014,宜蘭縣,住宿及餐飲業,家數,家,3220,13
2014,新竹市,住宿及餐飲業,家數,家,2947,11
2014,新竹縣,住宿及餐飲業,家數,家,2628, 
2014,苗栗縣,住宿及餐飲業,家數,家,2875, 
2014,彰化縣,住宿及餐飲業,家數,家,5228, 
2014,南投縣,住宿及餐飲業,家數,家,3103,15
2014,雲林縣,住宿及餐飲業,家數,家,2516, 
2014,嘉義市,住宿及餐飲業,家數,家,2385, 
2014,嘉義縣,住宿及餐飲業,家數,家,1984, 
2014,屏東縣,住宿及餐飲業,家數,家,5749,9
2014,澎湖縣,住宿及餐飲業,家數,家,987, 
2014,花蓮縣,住宿及餐飲業,家數,家,3440,13
2014,臺東縣,住宿及餐飲業,家數,家,2438,6
2014,金門縣,住宿及餐飲業,家數,家,627, 
2014,連江縣,住宿及餐飲業,家數,家,225,0
2014,總計,資訊及通訊傳播業,家數,家,18141,741
2014,臺北市,資訊及通訊傳播業,家數,家,7912,454
2014,新北市,資訊及通訊傳播業,家數,家,3055,112
2014,桃園縣,資訊及通訊傳播業,家數,家,976,24
2014,臺中市,資訊及通訊傳播業,家數,家,1938,38
2014,臺南市,資訊及通訊傳播業,家數,家,762,12
2014,高雄市,資訊及通訊傳播業,家數,家,1310,27
2014,基隆市,資訊及通訊傳播業,家數,家,143, 
2014,宜蘭縣,資訊及通訊傳播業,家數,家,156, 
2014,新竹市,資訊及通訊傳播業,家數,家,341,22
2014,新竹縣,資訊及通訊傳播業,家數,家,249,15
2014,苗栗縣,資訊及通訊傳播業,家數,家,162, 
2014,彰化縣,資訊及通訊傳播業,家數,家,278, 
2014,南投縣,資訊及通訊傳播業,家數,家,144, 
2014,雲林縣,資訊及通訊傳播業,家數,家,127, 
2014,嘉義市,資訊及通訊傳播業,家數,家,119, 
2014,嘉義縣,資訊及通訊傳播業,家數,家,44, 
2014,屏東縣,資訊及通訊傳播業,家數,家,169, 
2014,澎湖縣,資訊及通訊傳播業,家數,家,43, 
2014,花蓮縣,資訊及通訊傳播業,家數,家,106, 
2014,臺東縣,資訊及通訊傳播業,家數,家,59, 
2014,金門縣,資訊及通訊傳播業,家數,家,41, 
2014,連江縣,資訊及通訊傳播業,家數,家,7, 
2014,總計,金融及保險業,家數,家,15490,2499
2014,臺北市,金融及保險業,家數,家,6236,1080
2014,新北市,金融及保險業,家數,家,1941,307
2014,桃園縣,金融及保險業,家數,家,873,160
2014,臺中市,金融及保險業,家數,家,1551,239
2014,臺南市,金融及保險業,家數,家,897,121
2014,高雄市,金融及保險業,家數,家,1501,210
2014,基隆市,金融及保險業,家數,家,138,14
2014,宜蘭縣,金融及保險業,家數,家,117,34
2014,新竹市,金融及保險業,家數,家,305,60
2014,新竹縣,金融及保險業,家數,家,204,28
2014,苗栗縣,金融及保險業,家數,家,142,28
2014,彰化縣,金融及保險業,家數,家,405,58
2014,南投縣,金融及保險業,家數,家,128,23
2014,雲林縣,金融及保險業,家數,家,185,30
2014,嘉義市,金融及保險業,家數,家,217,27
2014,嘉義縣,金融及保險業,家數,家,119,19
2014,屏東縣,金融及保險業,家數,家,244,32
2014,澎湖縣,金融及保險業,家數,家,30, 
2014,花蓮縣,金融及保險業,家數,家,130,18
2014,臺東縣,金融及保險業,家數,家,92,7
2014,金門縣,金融及保險業,家數,家,32, 
2014,連江縣,金融及保險業,家數,家,,0
2014,總計,不動產業,家數,家,32766,1552
2014,臺北市,不動產業,家數,家,7619,545
2014,新北市,不動產業,家數,家,5058,257
2014,桃園縣,不動產業,家數,家,2964,141
2014,臺中市,不動產業,家數,家,4685,252
2014,臺南市,不動產業,家數,家,2085,56
2014,高雄市,不動產業,家數,家,2997,133
2014,基隆市,不動產業,家數,家,255, 
2014,宜蘭縣,不動產業,家數,家,797,9
2014,新竹市,不動產業,家數,家,839,42
2014,新竹縣,不動產業,家數,家,832,36
2014,苗栗縣,不動產業,家數,家,608,13
2014,彰化縣,不動產業,家數,家,982,15
2014,南投縣,不動產業,家數,家,377, 
2014,雲林縣,不動產業,家數,家,443,13
2014,嘉義市,不動產業,家數,家,475,7
2014,嘉義縣,不動產業,家數,家,212, 
2014,屏東縣,不動產業,家數,家,541,6
2014,澎湖縣,不動產業,家數,家,134,0
2014,花蓮縣,不動產業,家數,家,477,11
2014,臺東縣,不動產業,家數,家,206, 
2014,金門縣,不動產業,家數,家,177,0
2014,連江縣,不動產業,家數,家,,0
2014,總計,專業、科學及技術服務業,家數,家,42932,743
2014,臺北市,專業、科學及技術服務業,家數,家,14637,463
2014,新北市,專業、科學及技術服務業,家數,家,6967,87
2014,桃園縣,專業、科學及技術服務業,家數,家,2842,37
2014,臺中市,專業、科學及技術服務業,家數,家,5630,42
2014,臺南市,專業、科學及技術服務業,家數,家,2459,9
2014,高雄市,專業、科學及技術服務業,家數,家,3817,25
2014,基隆市,專業、科學及技術服務業,家數,家,384, 
2014,宜蘭縣,專業、科學及技術服務業,家數,家,539, 
2014,新竹市,專業、科學及技術服務業,家數,家,779,31
2014,新竹縣,專業、科學及技術服務業,家數,家,676,28
2014,苗栗縣,專業、科學及技術服務業,家數,家,426, 
2014,彰化縣,專業、科學及技術服務業,家數,家,988, 
2014,南投縣,專業、科學及技術服務業,家數,家,433,0
2014,雲林縣,專業、科學及技術服務業,家數,家,447, 
2014,嘉義市,專業、科學及技術服務業,家數,家,402, 
2014,嘉義縣,專業、科學及技術服務業,家數,家,224, 
2014,屏東縣,專業、科學及技術服務業,家數,家,574, 
2014,澎湖縣,專業、科學及技術服務業,家數,家,45,0
2014,花蓮縣,專業、科學及技術服務業,家數,家,348, 
2014,臺東縣,專業、科學及技術服務業,家數,家,190,0
2014,金門縣,專業、科學及技術服務業,家數,家,108,0
2014,連江縣,專業、科學及技術服務業,家數,家,17,0
2014,總計,支援服務業,家數,家,28376,481
2014,臺北市,支援服務業,家數,家,4808,227
2014,新北市,支援服務業,家數,家,3932,53
2014,桃園縣,支援服務業,家數,家,2799,31
2014,臺中市,支援服務業,家數,家,3688,46
2014,臺南市,支援服務業,家數,家,1961,21
2014,高雄市,支援服務業,家數,家,3377,52
2014,基隆市,支援服務業,家數,家,426, 
2014,宜蘭縣,支援服務業,家數,家,554, 
2014,新竹市,支援服務業,家數,家,683,16
2014,新竹縣,支援服務業,家數,家,514,8
2014,苗栗縣,支援服務業,家數,家,583, 
2014,彰化縣,支援服務業,家數,家,912,7
2014,南投縣,支援服務業,家數,家,500, 
2014,雲林縣,支援服務業,家數,家,421, 
2014,嘉義市,支援服務業,家數,家,419, 
2014,嘉義縣,支援服務業,家數,家,443, 
2014,屏東縣,支援服務業,家數,家,804, 
2014,澎湖縣,支援服務業,家數,家,403,0
2014,花蓮縣,支援服務業,家數,家,513, 
2014,臺東縣,支援服務業,家數,家,391,0
2014,金門縣,支援服務業,家數,家,196,0
2014,連江縣,支援服務業,家數,家,49,0
2014,總計,教育服務業,家數,家,1852,14
2014,臺北市,教育服務業,家數,家,557,8
2014,新北市,教育服務業,家數,家,222,0
2014,桃園縣,教育服務業,家數,家,110, 
2014,臺中市,教育服務業,家數,家,266, 
2014,臺南市,教育服務業,家數,家,120,0
2014,高雄市,教育服務業,家數,家,241,0
2014,基隆市,教育服務業,家數,家,13,0
2014,宜蘭縣,教育服務業,家數,家,24,0
2014,新竹市,教育服務業,家數,家,66,0
2014,新竹縣,教育服務業,家數,家,30,0
2014,苗栗縣,教育服務業,家數,家,17,0
2014,彰化縣,教育服務業,家數,家,33,0
2014,南投縣,教育服務業,家數,家,24,0
2014,雲林縣,教育服務業,家數,家,21,0
2014,嘉義市,教育服務業,家數,家,23,0
2014,嘉義縣,教育服務業,家數,家,10,0
2014,屏東縣,教育服務業,家數,家,22,0
2014,澎湖縣,教育服務業,家數,家,12,0
2014,花蓮縣,教育服務業,家數,家,21,0
2014,臺東縣,教育服務業,家數,家,12,0
2014,金門縣,教育服務業,家數,家,6,0
2014,連江縣,教育服務業,家數,家,,0
2014,總計,醫療保健及社會工作服務業,家數,家,667,16
2014,臺北市,醫療保健及社會工作服務業,家數,家,150,9
2014,新北市,醫療保健及社會工作服務業,家數,家,57, 
2014,桃園縣,醫療保健及社會工作服務業,家數,家,33, 
2014,臺中市,醫療保健及社會工作服務業,家數,家,69, 
2014,臺南市,醫療保健及社會工作服務業,家數,家,56,0
2014,高雄市,醫療保健及社會工作服務業,家數,家,109, 
2014,基隆市,醫療保健及社會工作服務業,家數,家,13,0
2014,宜蘭縣,醫療保健及社會工作服務業,家數,家,36,0
2014,新竹市,醫療保健及社會工作服務業,家數,家,15,0
2014,新竹縣,醫療保健及社會工作服務業,家數,家,9,0
2014,苗栗縣,醫療保健及社會工作服務業,家數,家,7,0
2014,彰化縣,醫療保健及社會工作服務業,家數,家,23,0
2014,南投縣,醫療保健及社會工作服務業,家數,家,15,0
2014,雲林縣,醫療保健及社會工作服務業,家數,家,9,0
2014,嘉義市,醫療保健及社會工作服務業,家數,家,9,0
2014,嘉義縣,醫療保健及社會工作服務業,家數,家,0,0
2014,屏東縣,醫療保健及社會工作服務業,家數,家,31,0
2014,澎湖縣,醫療保健及社會工作服務業,家數,家,,0
2014,花蓮縣,醫療保健及社會工作服務業,家數,家,14,0
2014,臺東縣,醫療保健及社會工作服務業,家數,家,9,0
2014,金門縣,醫療保健及社會工作服務業,家數,家,,0
2014,連江縣,醫療保健及社會工作服務業,家數,家,0,0
2014,總計,藝術、娛樂及休閒服務業,家數,家,26572,113
2014,臺北市,藝術、娛樂及休閒服務業,家數,家,4015,39
2014,新北市,藝術、娛樂及休閒服務業,家數,家,3555,19
2014,桃園縣,藝術、娛樂及休閒服務業,家數,家,2116,14
2014,臺中市,藝術、娛樂及休閒服務業,家數,家,2696, 
2014,臺南市,藝術、娛樂及休閒服務業,家數,家,2057, 
2014,高雄市,藝術、娛樂及休閒服務業,家數,家,3139,10
2014,基隆市,藝術、娛樂及休閒服務業,家數,家,442,0
2014,宜蘭縣,藝術、娛樂及休閒服務業,家數,家,578, 
2014,新竹市,藝術、娛樂及休閒服務業,家數,家,523, 
2014,新竹縣,藝術、娛樂及休閒服務業,家數,家,556, 
2014,苗栗縣,藝術、娛樂及休閒服務業,家數,家,639, 
2014,彰化縣,藝術、娛樂及休閒服務業,家數,家,1271, 
2014,南投縣,藝術、娛樂及休閒服務業,家數,家,826, 
2014,雲林縣,藝術、娛樂及休閒服務業,家數,家,733, 
2014,嘉義市,藝術、娛樂及休閒服務業,家數,家,417,0
2014,嘉義縣,藝術、娛樂及休閒服務業,家數,家,455, 
2014,屏東縣,藝術、娛樂及休閒服務業,家數,家,1226, 
2014,澎湖縣,藝術、娛樂及休閒服務業,家數,家,137,0
2014,花蓮縣,藝術、娛樂及休閒服務業,家數,家,484, 
2014,臺東縣,藝術、娛樂及休閒服務業,家數,家,515,0
2014,金門縣,藝術、娛樂及休閒服務業,家數,家,142,0
2014,連江縣,藝術、娛樂及休閒服務業,家數,家,50,0
2014,總計,其他服務業,家數,家,78817,186
2014,臺北市,其他服務業,家數,家,9385,65
2014,新北市,其他服務業,家數,家,8892,23
2014,桃園縣,其他服務業,家數,家,6070,14
2014,臺中市,其他服務業,家數,家,10069,24
2014,臺南市,其他服務業,家數,家,7947, 
2014,高雄市,其他服務業,家數,家,10907,22
2014,基隆市,其他服務業,家數,家,1453, 
2014,宜蘭縣,其他服務業,家數,家,1700, 
2014,新竹市,其他服務業,家數,家,1745, 
2014,新竹縣,其他服務業,家數,家,1677, 
2014,苗栗縣,其他服務業,家數,家,1894, 
2014,彰化縣,其他服務業,家數,家,4676, 
2014,南投縣,其他服務業,家數,家,1608, 
2014,雲林縣,其他服務業,家數,家,2028, 
2014,嘉義市,其他服務業,家數,家,1550, 
2014,嘉義縣,其他服務業,家數,家,1387, 
2014,屏東縣,其他服務業,家數,家,3173, 
2014,澎湖縣,其他服務業,家數,家,309,0
2014,花蓮縣,其他服務業,家數,家,1251,0
2014,臺東縣,其他服務業,家數,家,803, 
2014,金門縣,其他服務業,家數,家,245,0
2014,連江縣,其他服務業,家數,家,48,0
2015,總計,農林漁牧業,家數,家,11580,69
2015,臺北市,農林漁牧業,家數,家,438,17
2015,新北市,農林漁牧業,家數,家,796, 
2015,桃園縣,農林漁牧業,家數,家,650, 
2015,臺中市,農林漁牧業,家數,家,463, 
2015,臺南市,農林漁牧業,家數,家,352,6
2015,高雄市,農林漁牧業,家數,家,4017,10
2015,基隆市,農林漁牧業,家數,家,27,0
2015,宜蘭縣,農林漁牧業,家數,家,1265,0
2015,新竹市,農林漁牧業,家數,家,248, 
2015,新竹縣,農林漁牧業,家數,家,184, 
2015,苗栗縣,農林漁牧業,家數,家,204, 
2015,彰化縣,農林漁牧業,家數,家,638,6
2015,南投縣,農林漁牧業,家數,家,428, 
2015,雲林縣,農林漁牧業,家數,家,348, 
2015,嘉義市,農林漁牧業,家數,家,55,0
2015,嘉義縣,農林漁牧業,家數,家,308, 
2015,屏東縣,農林漁牧業,家數,家,607,9
2015,澎湖縣,農林漁牧業,家數,家,28,0
2015,花蓮縣,農林漁牧業,家數,家,240,0
2015,臺東縣,農林漁牧業,家數,家,249,0
2015,金門縣,農林漁牧業,家數,家,32,0
2015,連江縣,農林漁牧業,家數,家,,0
2015,總計,礦業及土石採取業,家數,家,1130,27
2015,臺北市,礦業及土石採取業,家數,家,82,10
2015,新北市,礦業及土石採取業,家數,家,95, 
2015,桃園縣,礦業及土石採取業,家數,家,62, 
2015,臺中市,礦業及土石採取業,家數,家,84, 
2015,臺南市,礦業及土石採取業,家數,家,42,0
2015,高雄市,礦業及土石採取業,家數,家,124, 
2015,基隆市,礦業及土石採取業,家數,家,,0
2015,宜蘭縣,礦業及土石採取業,家數,家,105,0
2015,新竹市,礦業及土石採取業,家數,家,15,0
2015,新竹縣,礦業及土石採取業,家數,家,34, 
2015,苗栗縣,礦業及土石採取業,家數,家,72, 
2015,彰化縣,礦業及土石採取業,家數,家,25,0
2015,南投縣,礦業及土石採取業,家數,家,56,0
2015,雲林縣,礦業及土石採取業,家數,家,39,0
2015,嘉義市,礦業及土石採取業,家數,家,,0
2015,嘉義縣,礦業及土石採取業,家數,家,15,0
2015,屏東縣,礦業及土石採取業,家數,家,38,0
2015,澎湖縣,礦業及土石採取業,家數,家,8,0
2015,花蓮縣,礦業及土石採取業,家數,家,165, 
2015,臺東縣,礦業及土石採取業,家數,家,55,0
2015,金門縣,礦業及土石採取業,家數,家,, 
2015,連江縣,礦業及土石採取業,家數,家,0,0
2015,總計,製造業,家數,家,143118,5682
2015,臺北市,製造業,家數,家,7432,899
2015,新北市,製造業,家數,家,33435,991
2015,桃園縣,製造業,家數,家,11765,819
2015,臺中市,製造業,家數,家,30119,687
2015,臺南市,製造業,家數,家,12764,479
2015,高雄市,製造業,家數,家,9728,485
2015,基隆市,製造業,家數,家,701,18
2015,宜蘭縣,製造業,家數,家,2323,53
2015,新竹市,製造業,家數,家,2382,231
2015,新竹縣,製造業,家數,家,2649,326
2015,苗栗縣,製造業,家數,家,2645,140
2015,彰化縣,製造業,家數,家,17410,276
2015,南投縣,製造業,家數,家,1756,69
2015,雲林縣,製造業,家數,家,2269,60
2015,嘉義市,製造業,家數,家,818,6
2015,嘉義縣,製造業,家數,家,1920,56
2015,屏東縣,製造業,家數,家,1536,76
2015,澎湖縣,製造業,家數,家,234,0
2015,花蓮縣,製造業,家數,家,690,9
2015,臺東縣,製造業,家數,家,321,0
2015,金門縣,製造業,家數,家,196, 
2015,連江縣,製造業,家數,家,25, 
2015,總計,電力及燃氣供應業,家數,家,658,132
2015,臺北市,電力及燃氣供應業,家數,家,85,20
2015,新北市,電力及燃氣供應業,家數,家,63,15
2015,桃園縣,電力及燃氣供應業,家數,家,28,10
2015,臺中市,電力及燃氣供應業,家數,家,58,15
2015,臺南市,電力及燃氣供應業,家數,家,61,9
2015,高雄市,電力及燃氣供應業,家數,家,71,12
2015,基隆市,電力及燃氣供應業,家數,家,, 
2015,宜蘭縣,電力及燃氣供應業,家數,家,6, 
2015,新竹市,電力及燃氣供應業,家數,家,12, 
2015,新竹縣,電力及燃氣供應業,家數,家,18, 
2015,苗栗縣,電力及燃氣供應業,家數,家,17, 
2015,彰化縣,電力及燃氣供應業,家數,家,71,6
2015,南投縣,電力及燃氣供應業,家數,家,8, 
2015,雲林縣,電力及燃氣供應業,家數,家,50, 
2015,嘉義市,電力及燃氣供應業,家數,家,13, 
2015,嘉義縣,電力及燃氣供應業,家數,家,46, 
2015,屏東縣,電力及燃氣供應業,家數,家,29, 
2015,澎湖縣,電力及燃氣供應業,家數,家,, 
2015,花蓮縣,電力及燃氣供應業,家數,家,7, 
2015,臺東縣,電力及燃氣供應業,家數,家,7, 
2015,金門縣,電力及燃氣供應業,家數,家,, 
2015,連江縣,電力及燃氣供應業,家數,家,0, 
2015,總計,用水供應及污染整治業,家數,家,7237,290
2015,臺北市,用水供應及污染整治業,家數,家,614,37
2015,新北市,用水供應及污染整治業,家數,家,884,26
2015,桃園縣,用水供應及污染整治業,家數,家,768,55
2015,臺中市,用水供應及污染整治業,家數,家,915,29
2015,臺南市,用水供應及污染整治業,家數,家,595,20
2015,高雄市,用水供應及污染整治業,家數,家,1139,50
2015,基隆市,用水供應及污染整治業,家數,家,121, 
2015,宜蘭縣,用水供應及污染整治業,家數,家,112, 
2015,新竹市,用水供應及污染整治業,家數,家,145,6
2015,新竹縣,用水供應及污染整治業,家數,家,139,10
2015,苗栗縣,用水供應及污染整治業,家數,家,211, 
2015,彰化縣,用水供應及污染整治業,家數,家,412,14
2015,南投縣,用水供應及污染整治業,家數,家,135, 
2015,雲林縣,用水供應及污染整治業,家數,家,258,8
2015,嘉義市,用水供應及污染整治業,家數,家,61, 
2015,嘉義縣,用水供應及污染整治業,家數,家,178,7
2015,屏東縣,用水供應及污染整治業,家數,家,326,12
2015,澎湖縣,用水供應及污染整治業,家數,家,18,0
2015,花蓮縣,用水供應及污染整治業,家數,家,109, 
2015,臺東縣,用水供應及污染整治業,家數,家,68, 
2015,金門縣,用水供應及污染整治業,家數,家,22,0
2015,連江縣,用水供應及污染整治業,家數,家,7,0
2015,總計,營造業,家數,家,117000,1230
2015,臺北市,營造業,家數,家,11122,464
2015,新北市,營造業,家數,家,22678,198
2015,桃園縣,營造業,家數,家,10879,79
2015,臺中市,營造業,家數,家,14981,147
2015,臺南市,營造業,家數,家,7290,53
2015,高雄市,營造業,家數,家,14386,132
2015,基隆市,營造業,家數,家,2091, 
2015,宜蘭縣,營造業,家數,家,3195,22
2015,新竹市,營造業,家數,家,2363,26
2015,新竹縣,營造業,家數,家,3149,26
2015,苗栗縣,營造業,家數,家,3139,12
2015,彰化縣,營造業,家數,家,4830,12
2015,南投縣,營造業,家數,家,2385, 
2015,雲林縣,營造業,家數,家,3424,14
2015,嘉義市,營造業,家數,家,1152,8
2015,嘉義縣,營造業,家數,家,2198, 
2015,屏東縣,營造業,家數,家,3384,11
2015,澎湖縣,營造業,家數,家,444, 
2015,花蓮縣,營造業,家數,家,2097,6
2015,臺東縣,營造業,家數,家,919, 
2015,金門縣,營造業,家數,家,784, 
2015,連江縣,營造業,家數,家,110, 
2015,總計,批發及零售業,家數,家,676791,17266
2015,臺北市,批發及零售業,家數,家,117038,5538
2015,新北市,批發及零售業,家數,家,101444,2869
2015,桃園縣,批發及零售業,家數,家,53083,1268
2015,臺中市,批發及零售業,家數,家,84109,2031
2015,臺南市,批發及零售業,家數,家,52393,1024
2015,高雄市,批發及零售業,家數,家,79247,1882
2015,基隆市,批發及零售業,家數,家,8612,69
2015,宜蘭縣,批發及零售業,家數,家,11741,145
2015,新竹市,批發及零售業,家數,家,12070,299
2015,新竹縣,批發及零售業,家數,家,11629,342
2015,苗栗縣,批發及零售業,家數,家,12425,157
2015,彰化縣,批發及零售業,家數,家,31025,545
2015,南投縣,批發及零售業,家數,家,12285,135
2015,雲林縣,批發及零售業,家數,家,16161,221
2015,嘉義市,批發及零售業,家數,家,8770,147
2015,嘉義縣,批發及零售業,家數,家,10028,137
2015,屏東縣,批發及零售業,家數,家,19010,278
2015,澎湖縣,批發及零售業,家數,家,2947,15
2015,花蓮縣,批發及零售業,家數,家,9555,98
2015,臺東縣,批發及零售業,家數,家,6268,47
2015,金門縣,批發及零售業,家數,家,16682,18
2015,連江縣,批發及零售業,家數,家,269, 
2015,總計,運輸及倉儲業,家數,家,30636,1146
2015,臺北市,運輸及倉儲業,家數,家,5187,479
2015,新北市,運輸及倉儲業,家數,家,6498,101
2015,桃園縣,運輸及倉儲業,家數,家,2148,95
2015,臺中市,運輸及倉儲業,家數,家,3052,92
2015,臺南市,運輸及倉儲業,家數,家,1243,36
2015,高雄市,運輸及倉儲業,家數,家,4911,175
2015,基隆市,運輸及倉儲業,家數,家,1222,36
2015,宜蘭縣,運輸及倉儲業,家數,家,741,13
2015,新竹市,運輸及倉儲業,家數,家,295,18
2015,新竹縣,運輸及倉儲業,家數,家,399,11
2015,苗栗縣,運輸及倉儲業,家數,家,426,11
2015,彰化縣,運輸及倉儲業,家數,家,940,20
2015,南投縣,運輸及倉儲業,家數,家,462, 
2015,雲林縣,運輸及倉儲業,家數,家,525,15
2015,嘉義市,運輸及倉儲業,家數,家,322,7
2015,嘉義縣,運輸及倉儲業,家數,家,656, 
2015,屏東縣,運輸及倉儲業,家數,家,551, 
2015,澎湖縣,運輸及倉儲業,家數,家,264, 
2015,花蓮縣,運輸及倉儲業,家數,家,373,9
2015,臺東縣,運輸及倉儲業,家數,家,141, 
2015,金門縣,運輸及倉儲業,家數,家,195,7
2015,連江縣,運輸及倉儲業,家數,家,85, 
2015,總計,住宿及餐飲業,家數,家,143177,515
2015,臺北市,住宿及餐飲業,家數,家,20948,222
2015,新北市,住宿及餐飲業,家數,家,16130,43
2015,桃園縣,住宿及餐飲業,家數,家,10477,35
2015,臺中市,住宿及餐飲業,家數,家,16984,59
2015,臺南市,住宿及餐飲業,家數,家,14461,19
2015,高雄市,住宿及餐飲業,家數,家,18089,40
2015,基隆市,住宿及餐飲業,家數,家,2722, 
2015,宜蘭縣,住宿及餐飲業,家數,家,3416,12
2015,新竹市,住宿及餐飲業,家數,家,3216,12
2015,新竹縣,住宿及餐飲業,家數,家,2928,6
2015,苗栗縣,住宿及餐飲業,家數,家,3053, 
2015,彰化縣,住宿及餐飲業,家數,家,5657,7
2015,南投縣,住宿及餐飲業,家數,家,3352,14
2015,雲林縣,住宿及餐飲業,家數,家,2733, 
2015,嘉義市,住宿及餐飲業,家數,家,2541, 
2015,嘉義縣,住宿及餐飲業,家數,家,2168, 
2015,屏東縣,住宿及餐飲業,家數,家,6067,12
2015,澎湖縣,住宿及餐飲業,家數,家,1044, 
2015,花蓮縣,住宿及餐飲業,家數,家,3604,10
2015,臺東縣,住宿及餐飲業,家數,家,2683,9
2015,金門縣,住宿及餐飲業,家數,家,670, 
2015,連江縣,住宿及餐飲業,家數,家,234,0
2015,總計,資訊及通訊傳播業,家數,家,18937,757
2015,臺北市,資訊及通訊傳播業,家數,家,8294,475
2015,新北市,資訊及通訊傳播業,家數,家,3263,104
2015,桃園縣,資訊及通訊傳播業,家數,家,1038,22
2015,臺中市,資訊及通訊傳播業,家數,家,2015,41
2015,臺南市,資訊及通訊傳播業,家數,家,769,13
2015,高雄市,資訊及通訊傳播業,家數,家,1329,28
2015,基隆市,資訊及通訊傳播業,家數,家,142, 
2015,宜蘭縣,資訊及通訊傳播業,家數,家,154, 
2015,新竹市,資訊及通訊傳播業,家數,家,352,18
2015,新竹縣,資訊及通訊傳播業,家數,家,276,14
2015,苗栗縣,資訊及通訊傳播業,家數,家,165, 
2015,彰化縣,資訊及通訊傳播業,家數,家,284, 
2015,南投縣,資訊及通訊傳播業,家數,家,146, 
2015,雲林縣,資訊及通訊傳播業,家數,家,119, 
2015,嘉義市,資訊及通訊傳播業,家數,家,114, 
2015,嘉義縣,資訊及通訊傳播業,家數,家,54, 
2015,屏東縣,資訊及通訊傳播業,家數,家,164, 
2015,澎湖縣,資訊及通訊傳播業,家數,家,39, 
2015,花蓮縣,資訊及通訊傳播業,家數,家,113, 
2015,臺東縣,資訊及通訊傳播業,家數,家,55, 
2015,金門縣,資訊及通訊傳播業,家數,家,46, 
2015,連江縣,資訊及通訊傳播業,家數,家,6, 
2015,總計,金融及保險業,家數,家,16107,2543
2015,臺北市,金融及保險業,家數,家,6477,1104
2015,新北市,金融及保險業,家數,家,2092,302
2015,桃園縣,金融及保險業,家數,家,911,174
2015,臺中市,金融及保險業,家數,家,1598,254
2015,臺南市,金融及保險業,家數,家,924,125
2015,高雄市,金融及保險業,家數,家,1528,211
2015,基隆市,金融及保險業,家數,家,138,12
2015,宜蘭縣,金融及保險業,家數,家,125,34
2015,新竹市,金融及保險業,家數,家,308,58
2015,新竹縣,金融及保險業,家數,家,224,29
2015,苗栗縣,金融及保險業,家數,家,138,29
2015,彰化縣,金融及保險業,家數,家,433,59
2015,南投縣,金融及保險業,家數,家,136,22
2015,雲林縣,金融及保險業,家數,家,186,30
2015,嘉義市,金融及保險業,家數,家,224,23
2015,嘉義縣,金融及保險業,家數,家,121,18
2015,屏東縣,金融及保險業,家數,家,248,30
2015,澎湖縣,金融及保險業,家數,家,31, 
2015,花蓮縣,金融及保險業,家數,家,134,19
2015,臺東縣,金融及保險業,家數,家,96,6
2015,金門縣,金融及保險業,家數,家,32, 
2015,連江縣,金融及保險業,家數,家,,0
2015,總計,不動產業,家數,家,34614,1500
2015,臺北市,不動產業,家數,家,8020,497
2015,新北市,不動產業,家數,家,5211,239
2015,桃園縣,不動產業,家數,家,3089,133
2015,臺中市,不動產業,家數,家,4974,246
2015,臺南市,不動產業,家數,家,2253,76
2015,高雄市,不動產業,家數,家,3141,130
2015,基隆市,不動產業,家數,家,276, 
2015,宜蘭縣,不動產業,家數,家,850,10
2015,新竹市,不動產業,家數,家,887,34
2015,新竹縣,不動產業,家數,家,926,43
2015,苗栗縣,不動產業,家數,家,642,8
2015,彰化縣,不動產業,家數,家,1062,17
2015,南投縣,不動產業,家數,家,407, 
2015,雲林縣,不動產業,家數,家,477,20
2015,嘉義市,不動產業,家數,家,513,8
2015,嘉義縣,不動產業,家數,家,229, 
2015,屏東縣,不動產業,家數,家,567,7
2015,澎湖縣,不動產業,家數,家,148,0
2015,花蓮縣,不動產業,家數,家,498,10
2015,臺東縣,不動產業,家數,家,234,6
2015,金門縣,不動產業,家數,家,207, 
2015,連江縣,不動產業,家數,家,,0
2015,總計,專業、科學及技術服務業,家數,家,44796,749
2015,臺北市,專業、科學及技術服務業,家數,家,15277,468
2015,新北市,專業、科學及技術服務業,家數,家,7215,98
2015,桃園縣,專業、科學及技術服務業,家數,家,2987,30
2015,臺中市,專業、科學及技術服務業,家數,家,5906,42
2015,臺南市,專業、科學及技術服務業,家數,家,2587,11
2015,高雄市,專業、科學及技術服務業,家數,家,3937,24
2015,基隆市,專業、科學及技術服務業,家數,家,399, 
2015,宜蘭縣,專業、科學及技術服務業,家數,家,567, 
2015,新竹市,專業、科學及技術服務業,家數,家,837,31
2015,新竹縣,專業、科學及技術服務業,家數,家,721,27
2015,苗栗縣,專業、科學及技術服務業,家數,家,432, 
2015,彰化縣,專業、科學及技術服務業,家數,家,1036, 
2015,南投縣,專業、科學及技術服務業,家數,家,435, 
2015,雲林縣,專業、科學及技術服務業,家數,家,466, 
2015,嘉義市,專業、科學及技術服務業,家數,家,417, 
2015,嘉義縣,專業、科學及技術服務業,家數,家,244, 
2015,屏東縣,專業、科學及技術服務業,家數,家,583, 
2015,澎湖縣,專業、科學及技術服務業,家數,家,50,0
2015,花蓮縣,專業、科學及技術服務業,家數,家,350, 
2015,臺東縣,專業、科學及技術服務業,家數,家,206,0
2015,金門縣,專業、科學及技術服務業,家數,家,119,0
2015,連江縣,專業、科學及技術服務業,家數,家,25,0
2015,總計,支援服務業,家數,家,29184,508
2015,臺北市,支援服務業,家數,家,4992,231
2015,新北市,支援服務業,家數,家,4013,58
2015,桃園縣,支援服務業,家數,家,2818,32
2015,臺中市,支援服務業,家數,家,3836,49
2015,臺南市,支援服務業,家數,家,2014,21
2015,高雄市,支援服務業,家數,家,3520,60
2015,基隆市,支援服務業,家數,家,431, 
2015,宜蘭縣,支援服務業,家數,家,555, 
2015,新竹市,支援服務業,家數,家,665,16
2015,新竹縣,支援服務業,家數,家,516,10
2015,苗栗縣,支援服務業,家數,家,594, 
2015,彰化縣,支援服務業,家數,家,932,8
2015,南投縣,支援服務業,家數,家,498, 
2015,雲林縣,支援服務業,家數,家,444, 
2015,嘉義市,支援服務業,家數,家,416, 
2015,嘉義縣,支援服務業,家數,家,463, 
2015,屏東縣,支援服務業,家數,家,847, 
2015,澎湖縣,支援服務業,家數,家,435,0
2015,花蓮縣,支援服務業,家數,家,543, 
2015,臺東縣,支援服務業,家數,家,398,0
2015,金門縣,支援服務業,家數,家,206,0
2015,連江縣,支援服務業,家數,家,48,0
2015,總計,教育服務業,家數,家,2098,14
2015,臺北市,教育服務業,家數,家,684,9
2015,新北市,教育服務業,家數,家,238,0
2015,桃園縣,教育服務業,家數,家,126, 
2015,臺中市,教育服務業,家數,家,296, 
2015,臺南市,教育服務業,家數,家,132,0
2015,高雄市,教育服務業,家數,家,253, 
2015,基隆市,教育服務業,家數,家,10,0
2015,宜蘭縣,教育服務業,家數,家,27,0
2015,新竹市,教育服務業,家數,家,75,0
2015,新竹縣,教育服務業,家數,家,35,0
2015,苗栗縣,教育服務業,家數,家,19,0
2015,彰化縣,教育服務業,家數,家,40,0
2015,南投縣,教育服務業,家數,家,24,0
2015,雲林縣,教育服務業,家數,家,22,0
2015,嘉義市,教育服務業,家數,家,24,0
2015,嘉義縣,教育服務業,家數,家,9,0
2015,屏東縣,教育服務業,家數,家,27,0
2015,澎湖縣,教育服務業,家數,家,12,0
2015,花蓮縣,教育服務業,家數,家,23,0
2015,臺東縣,教育服務業,家數,家,12,0
2015,金門縣,教育服務業,家數,家,8,0
2015,連江縣,教育服務業,家數,家,,0
2015,總計,醫療保健及社會工作服務業,家數,家,731,14
2015,臺北市,醫療保健及社會工作服務業,家數,家,145,8
2015,新北市,醫療保健及社會工作服務業,家數,家,58, 
2015,桃園縣,醫療保健及社會工作服務業,家數,家,37, 
2015,臺中市,醫療保健及社會工作服務業,家數,家,88, 
2015,臺南市,醫療保健及社會工作服務業,家數,家,63,0
2015,高雄市,醫療保健及社會工作服務業,家數,家,124, 
2015,基隆市,醫療保健及社會工作服務業,家數,家,11,0
2015,宜蘭縣,醫療保健及社會工作服務業,家數,家,39,0
2015,新竹市,醫療保健及社會工作服務業,家數,家,14,0
2015,新竹縣,醫療保健及社會工作服務業,家數,家,12,0
2015,苗栗縣,醫療保健及社會工作服務業,家數,家,8,0
2015,彰化縣,醫療保健及社會工作服務業,家數,家,28,0
2015,南投縣,醫療保健及社會工作服務業,家數,家,13,0
2015,雲林縣,醫療保健及社會工作服務業,家數,家,11,0
2015,嘉義市,醫療保健及社會工作服務業,家數,家,9,0
2015,嘉義縣,醫療保健及社會工作服務業,家數,家,,0
2015,屏東縣,醫療保健及社會工作服務業,家數,家,39,0
2015,澎湖縣,醫療保健及社會工作服務業,家數,家,,0
2015,花蓮縣,醫療保健及社會工作服務業,家數,家,17,0
2015,臺東縣,醫療保健及社會工作服務業,家數,家,11,0
2015,金門縣,醫療保健及社會工作服務業,家數,家,,0
2015,連江縣,醫療保健及社會工作服務業,家數,家,0,0
2015,總計,藝術、娛樂及休閒服務業,家數,家,25304,121
2015,臺北市,藝術、娛樂及休閒服務業,家數,家,3837,43
2015,新北市,藝術、娛樂及休閒服務業,家數,家,3527,18
2015,桃園縣,藝術、娛樂及休閒服務業,家數,家,2025,12
2015,臺中市,藝術、娛樂及休閒服務業,家數,家,2538,10
2015,臺南市,藝術、娛樂及休閒服務業,家數,家,1927, 
2015,高雄市,藝術、娛樂及休閒服務業,家數,家,2804,10
2015,基隆市,藝術、娛樂及休閒服務業,家數,家,410, 
2015,宜蘭縣,藝術、娛樂及休閒服務業,家數,家,551, 
2015,新竹市,藝術、娛樂及休閒服務業,家數,家,496, 
2015,新竹縣,藝術、娛樂及休閒服務業,家數,家,562, 
2015,苗栗縣,藝術、娛樂及休閒服務業,家數,家,623, 
2015,彰化縣,藝術、娛樂及休閒服務業,家數,家,1215, 
2015,南投縣,藝術、娛樂及休閒服務業,家數,家,783, 
2015,雲林縣,藝術、娛樂及休閒服務業,家數,家,700, 
2015,嘉義市,藝術、娛樂及休閒服務業,家數,家,357,0
2015,嘉義縣,藝術、娛樂及休閒服務業,家數,家,445, 
2015,屏東縣,藝術、娛樂及休閒服務業,家數,家,1184, 
2015,澎湖縣,藝術、娛樂及休閒服務業,家數,家,130,0
2015,花蓮縣,藝術、娛樂及休閒服務業,家數,家,507, 
2015,臺東縣,藝術、娛樂及休閒服務業,家數,家,503,0
2015,金門縣,藝術、娛樂及休閒服務業,家數,家,132,0
2015,連江縣,藝術、娛樂及休閒服務業,家數,家,0,0
2015,總計,其他服務業,家數,家,80883,194
2015,臺北市,其他服務業,家數,家,9563,66
2015,新北市,其他服務業,家數,家,9211,29
2015,桃園縣,其他服務業,家數,家,6358,17
2015,臺中市,其他服務業,家數,家,10357,23
2015,臺南市,其他服務業,家數,家,8148, 
2015,高雄市,其他服務業,家數,家,11117,21
2015,基隆市,其他服務業,家數,家,1514, 
2015,宜蘭縣,其他服務業,家數,家,1739, 
2015,新竹市,其他服務業,家數,家,1767, 
2015,新竹縣,其他服務業,家數,家,1759, 
2015,苗栗縣,其他服務業,家數,家,1936, 
2015,彰化縣,其他服務業,家數,家,4738, 
2015,南投縣,其他服務業,家數,家,1647, 
2015,雲林縣,其他服務業,家數,家,2064, 
2015,嘉義市,其他服務業,家數,家,1584, 
2015,嘉義縣,其他服務業,家數,家,1425, 
2015,屏東縣,其他服務業,家數,家,3251, 
2015,澎湖縣,其他服務業,家數,家,314,0
2015,花蓮縣,其他服務業,家數,家,1278,0
2015,臺東縣,其他服務業,家數,家,809, 
2015,金門縣,其他服務業,家數,家,259,0
2015,連江縣,其他服務業,家數,家,0,0
2016,總計,農林漁牧業,家數,家,11380,66
2016,臺北市,農林漁牧業,家數,家,464,16
2016,新北市,農林漁牧業,家數,家,810, 
2016,桃園縣,農林漁牧業,家數,家,693, 
2016,臺中市,農林漁牧業,家數,家,501, 
2016,臺南市,農林漁牧業,家數,家,377,6
2016,高雄市,農林漁牧業,家數,家,3365,8
2016,基隆市,農林漁牧業,家數,家,31,0
2016,宜蘭縣,農林漁牧業,家數,家,1271,0
2016,新竹市,農林漁牧業,家數,家,203, 
2016,新竹縣,農林漁牧業,家數,家,209, 
2016,苗栗縣,農林漁牧業,家數,家,212, 
2016,彰化縣,農林漁牧業,家數,家,726,6
2016,南投縣,農林漁牧業,家數,家,448, 
2016,雲林縣,農林漁牧業,家數,家,401, 
2016,嘉義市,農林漁牧業,家數,家,56,0
2016,嘉義縣,農林漁牧業,家數,家,348, 
2016,屏東縣,農林漁牧業,家數,家,626,8
2016,澎湖縣,農林漁牧業,家數,家,33,0
2016,花蓮縣,農林漁牧業,家數,家,274,0
2016,臺東縣,農林漁牧業,家數,家,293, 
2016,金門縣,農林漁牧業,家數,家,34,0
2016,連江縣,農林漁牧業,家數,家,,0
2016,總計,礦業及土石採取業,家數,家,1103,31
2016,臺北市,礦業及土石採取業,家數,家,70,10
2016,新北市,礦業及土石採取業,家數,家,103, 
2016,桃園縣,礦業及土石採取業,家數,家,61, 
2016,臺中市,礦業及土石採取業,家數,家,85, 
2016,臺南市,礦業及土石採取業,家數,家,37,0
2016,高雄市,礦業及土石採取業,家數,家,114, 
2016,基隆市,礦業及土石採取業,家數,家,,0
2016,宜蘭縣,礦業及土石採取業,家數,家,106,0
2016,新竹市,礦業及土石採取業,家數,家,19,0
2016,新竹縣,礦業及土石採取業,家數,家,35, 
2016,苗栗縣,礦業及土石採取業,家數,家,71, 
2016,彰化縣,礦業及土石採取業,家數,家,24,0
2016,南投縣,礦業及土石採取業,家數,家,48, 
2016,雲林縣,礦業及土石採取業,家數,家,36,0
2016,嘉義市,礦業及土石採取業,家數,家,6,0
2016,嘉義縣,礦業及土石採取業,家數,家,15,0
2016,屏東縣,礦業及土石採取業,家數,家,40,0
2016,澎湖縣,礦業及土石採取業,家數,家,7,0
2016,花蓮縣,礦業及土石採取業,家數,家,156, 
2016,臺東縣,礦業及土石採取業,家數,家,59,0
2016,金門縣,礦業及土石採取業,家數,家,6, 
2016,連江縣,礦業及土石採取業,家數,家,0,0
2016,總計,製造業,家數,家,143184,5787
2016,臺北市,製造業,家數,家,7543,884
2016,新北市,製造業,家數,家,33167,1002
2016,桃園縣,製造業,家數,家,11898,833
2016,臺中市,製造業,家數,家,30036,693
2016,臺南市,製造業,家數,家,12780,499
2016,高雄市,製造業,家數,家,9864,505
2016,基隆市,製造業,家數,家,719,17
2016,宜蘭縣,製造業,家數,家,2316,58
2016,新竹市,製造業,家數,家,2310,231
2016,新竹縣,製造業,家數,家,2699,337
2016,苗栗縣,製造業,家數,家,2629,140
2016,彰化縣,製造業,家數,家,17394,294
2016,南投縣,製造業,家數,家,1757,72
2016,雲林縣,製造業,家數,家,2263,63
2016,嘉義市,製造業,家數,家,806,7
2016,嘉義縣,製造業,家數,家,1937,60
2016,屏東縣,製造業,家數,家,1591,80
2016,澎湖縣,製造業,家數,家,226,0
2016,花蓮縣,製造業,家數,家,692,9
2016,臺東縣,製造業,家數,家,347, 
2016,金門縣,製造業,家數,家,185, 
2016,連江縣,製造業,家數,家,25, 
2016,總計,電力及燃氣供應業,家數,家,839,134
2016,臺北市,電力及燃氣供應業,家數,家,106,23
2016,新北市,電力及燃氣供應業,家數,家,73,15
2016,桃園縣,電力及燃氣供應業,家數,家,49,10
2016,臺中市,電力及燃氣供應業,家數,家,85,18
2016,臺南市,電力及燃氣供應業,家數,家,76,9
2016,高雄市,電力及燃氣供應業,家數,家,70,11
2016,基隆市,電力及燃氣供應業,家數,家,, 
2016,宜蘭縣,電力及燃氣供應業,家數,家,9,0
2016,新竹市,電力及燃氣供應業,家數,家,18, 
2016,新竹縣,電力及燃氣供應業,家數,家,22, 
2016,苗栗縣,電力及燃氣供應業,家數,家,22, 
2016,彰化縣,電力及燃氣供應業,家數,家,85,6
2016,南投縣,電力及燃氣供應業,家數,家,8, 
2016,雲林縣,電力及燃氣供應業,家數,家,71, 
2016,嘉義市,電力及燃氣供應業,家數,家,18, 
2016,嘉義縣,電力及燃氣供應業,家數,家,55, 
2016,屏東縣,電力及燃氣供應業,家數,家,46, 
2016,澎湖縣,電力及燃氣供應業,家數,家,, 
2016,花蓮縣,電力及燃氣供應業,家數,家,8, 
2016,臺東縣,電力及燃氣供應業,家數,家,8, 
2016,金門縣,電力及燃氣供應業,家數,家,, 
2016,連江縣,電力及燃氣供應業,家數,家,0, 
2016,總計,用水供應及污染整治業,家數,家,7250,295
2016,臺北市,用水供應及污染整治業,家數,家,576,35
2016,新北市,用水供應及污染整治業,家數,家,915,26
2016,桃園縣,用水供應及污染整治業,家數,家,766,51
2016,臺中市,用水供應及污染整治業,家數,家,901,34
2016,臺南市,用水供應及污染整治業,家數,家,591,21
2016,高雄市,用水供應及污染整治業,家數,家,1177,54
2016,基隆市,用水供應及污染整治業,家數,家,130, 
2016,宜蘭縣,用水供應及污染整治業,家數,家,120, 
2016,新竹市,用水供應及污染整治業,家數,家,133,8
2016,新竹縣,用水供應及污染整治業,家數,家,137,9
2016,苗栗縣,用水供應及污染整治業,家數,家,214, 
2016,彰化縣,用水供應及污染整治業,家數,家,415,13
2016,南投縣,用水供應及污染整治業,家數,家,130, 
2016,雲林縣,用水供應及污染整治業,家數,家,256,8
2016,嘉義市,用水供應及污染整治業,家數,家,63, 
2016,嘉義縣,用水供應及污染整治業,家數,家,172,7
2016,屏東縣,用水供應及污染整治業,家數,家,326,13
2016,澎湖縣,用水供應及污染整治業,家數,家,18,0
2016,花蓮縣,用水供應及污染整治業,家數,家,113, 
2016,臺東縣,用水供應及污染整治業,家數,家,66, 
2016,金門縣,用水供應及污染整治業,家數,家,24,0
2016,連江縣,用水供應及污染整治業,家數,家,7,0
2016,總計,營建工程業,家數,家,120828,1216
2016,臺北市,營建工程業,家數,家,11425,457
2016,新北市,營建工程業,家數,家,23299,190
2016,桃園縣,營建工程業,家數,家,11433,87
2016,臺中市,營建工程業,家數,家,15599,142
2016,臺南市,營建工程業,家數,家,7688,48
2016,高雄市,營建工程業,家數,家,14828,135
2016,基隆市,營建工程業,家數,家,2134, 
2016,宜蘭縣,營建工程業,家數,家,3294,23
2016,新竹市,營建工程業,家數,家,2436,27
2016,新竹縣,營建工程業,家數,家,3184,22
2016,苗栗縣,營建工程業,家數,家,3183,13
2016,彰化縣,營建工程業,家數,家,5062,12
2016,南投縣,營建工程業,家數,家,2456, 
2016,雲林縣,營建工程業,家數,家,3396,14
2016,嘉義市,營建工程業,家數,家,1199,8
2016,嘉義縣,營建工程業,家數,家,2254, 
2016,屏東縣,營建工程業,家數,家,3469,11
2016,澎湖縣,營建工程業,家數,家,471, 
2016,花蓮縣,營建工程業,家數,家,2132,6
2016,臺東縣,營建工程業,家數,家,936, 
2016,金門縣,營建工程業,家數,家,832, 
2016,連江縣,營建工程業,家數,家,118, 
2016,總計,批發及零售業,家數,家,682218,17111
2016,臺北市,批發及零售業,家數,家,116631,5405
2016,新北市,批發及零售業,家數,家,103067,2838
2016,桃園縣,批發及零售業,家數,家,54099,1262
2016,臺中市,批發及零售業,家數,家,85778,2035
2016,臺南市,批發及零售業,家數,家,52931,1016
2016,高雄市,批發及零售業,家數,家,79673,1831
2016,基隆市,批發及零售業,家數,家,8619,70
2016,宜蘭縣,批發及零售業,家數,家,11826,153
2016,新竹市,批發及零售業,家數,家,12106,307
2016,新竹縣,批發及零售業,家數,家,11839,351
2016,苗栗縣,批發及零售業,家數,家,12396,160
2016,彰化縣,批發及零售業,家數,家,31060,566
2016,南投縣,批發及零售業,家數,家,12287,133
2016,雲林縣,批發及零售業,家數,家,16281,239
2016,嘉義市,批發及零售業,家數,家,8783,144
2016,嘉義縣,批發及零售業,家數,家,10099,133
2016,屏東縣,批發及零售業,家數,家,19250,285
2016,澎湖縣,批發及零售業,家數,家,2931,14
2016,花蓮縣,批發及零售業,家數,家,9635,102
2016,臺東縣,批發及零售業,家數,家,6259,45
2016,金門縣,批發及零售業,家數,家,16397,21
2016,連江縣,批發及零售業,家數,家,271, 
2016,總計,運輸及倉儲業,家數,家,31266,1105
2016,臺北市,運輸及倉儲業,家數,家,5295,457
2016,新北市,運輸及倉儲業,家數,家,6562,104
2016,桃園縣,運輸及倉儲業,家數,家,2239,93
2016,臺中市,運輸及倉儲業,家數,家,3215,90
2016,臺南市,運輸及倉儲業,家數,家,1281,36
2016,高雄市,運輸及倉儲業,家數,家,4982,164
2016,基隆市,運輸及倉儲業,家數,家,1243,29
2016,宜蘭縣,運輸及倉儲業,家數,家,741,13
2016,新竹市,運輸及倉儲業,家數,家,313,15
2016,新竹縣,運輸及倉儲業,家數,家,398,11
2016,苗栗縣,運輸及倉儲業,家數,家,438,9
2016,彰化縣,運輸及倉儲業,家數,家,970,20
2016,南投縣,運輸及倉儲業,家數,家,463, 
2016,雲林縣,運輸及倉儲業,家數,家,515,16
2016,嘉義市,運輸及倉儲業,家數,家,322,10
2016,嘉義縣,運輸及倉儲業,家數,家,662, 
2016,屏東縣,運輸及倉儲業,家數,家,555, 
2016,澎湖縣,運輸及倉儲業,家數,家,260, 
2016,花蓮縣,運輸及倉儲業,家數,家,391,9
2016,臺東縣,運輸及倉儲業,家數,家,146, 
2016,金門縣,運輸及倉儲業,家數,家,190,7
2016,連江縣,運輸及倉儲業,家數,家,85, 
2016,總計,住宿及餐飲業,家數,家,150893,547
2016,臺北市,住宿及餐飲業,家數,家,21992,241
2016,新北市,住宿及餐飲業,家數,家,17247,44
2016,桃園縣,住宿及餐飲業,家數,家,11069,37
2016,臺中市,住宿及餐飲業,家數,家,18138,66
2016,臺南市,住宿及餐飲業,家數,家,14871,18
2016,高雄市,住宿及餐飲業,家數,家,18984,43
2016,基隆市,住宿及餐飲業,家數,家,2779, 
2016,宜蘭縣,住宿及餐飲業,家數,家,3644,12
2016,新竹市,住宿及餐飲業,家數,家,3281,12
2016,新竹縣,住宿及餐飲業,家數,家,3088,6
2016,苗栗縣,住宿及餐飲業,家數,家,3207, 
2016,彰化縣,住宿及餐飲業,家數,家,5961,7
2016,南投縣,住宿及餐飲業,家數,家,3545,13
2016,雲林縣,住宿及餐飲業,家數,家,2904, 
2016,嘉義市,住宿及餐飲業,家數,家,2664, 
2016,嘉義縣,住宿及餐飲業,家數,家,2286, 
2016,屏東縣,住宿及餐飲業,家數,家,6332,11
2016,澎湖縣,住宿及餐飲業,家數,家,1110, 
2016,花蓮縣,住宿及餐飲業,家數,家,3940,11
2016,臺東縣,住宿及餐飲業,家數,家,2840,8
2016,金門縣,住宿及餐飲業,家數,家,757, 
2016,連江縣,住宿及餐飲業,家數,家,254,0
2016,總計,出版、影音製作、傳播及資通訊服務業,家數,家,19642,774
2016,臺北市,出版、影音製作、傳播及資通訊服務業,家數,家,8707,487
2016,新北市,出版、影音製作、傳播及資通訊服務業,家數,家,3377,108
2016,桃園縣,出版、影音製作、傳播及資通訊服務業,家數,家,1016,21
2016,臺中市,出版、影音製作、傳播及資通訊服務業,家數,家,2167,40
2016,臺南市,出版、影音製作、傳播及資通訊服務業,家數,家,772,11
2016,高雄市,出版、影音製作、傳播及資通訊服務業,家數,家,1365,28
2016,基隆市,出版、影音製作、傳播及資通訊服務業,家數,家,145, 
2016,宜蘭縣,出版、影音製作、傳播及資通訊服務業,家數,家,151, 
2016,新竹市,出版、影音製作、傳播及資通訊服務業,家數,家,341,19
2016,新竹縣,出版、影音製作、傳播及資通訊服務業,家數,家,298,17
2016,苗栗縣,出版、影音製作、傳播及資通訊服務業,家數,家,161, 
2016,彰化縣,出版、影音製作、傳播及資通訊服務業,家數,家,297, 
2016,南投縣,出版、影音製作、傳播及資通訊服務業,家數,家,140, 
2016,雲林縣,出版、影音製作、傳播及資通訊服務業,家數,家,112, 
2016,嘉義市,出版、影音製作、傳播及資通訊服務業,家數,家,118, 
2016,嘉義縣,出版、影音製作、傳播及資通訊服務業,家數,家,58, 
2016,屏東縣,出版、影音製作、傳播及資通訊服務業,家數,家,166, 
2016,澎湖縣,出版、影音製作、傳播及資通訊服務業,家數,家,39, 
2016,花蓮縣,出版、影音製作、傳播及資通訊服務業,家數,家,109, 
2016,臺東縣,出版、影音製作、傳播及資通訊服務業,家數,家,52, 
2016,金門縣,出版、影音製作、傳播及資通訊服務業,家數,家,45, 
2016,連江縣,出版、影音製作、傳播及資通訊服務業,家數,家,6, 
2016,總計,金融及保險業,家數,家,16850,2478
2016,臺北市,金融及保險業,家數,家,6839,1088
2016,新北市,金融及保險業,家數,家,2187,301
2016,桃園縣,金融及保險業,家數,家,954,170
2016,臺中市,金融及保險業,家數,家,1691,238
2016,臺南市,金融及保險業,家數,家,931,118
2016,高雄市,金融及保險業,家數,家,1558,207
2016,基隆市,金融及保險業,家數,家,144,12
2016,宜蘭縣,金融及保險業,家數,家,131,33
2016,新竹市,金融及保險業,家數,家,324,59
2016,新竹縣,金融及保險業,家數,家,249,28
2016,苗栗縣,金融及保險業,家數,家,144,25
2016,彰化縣,金融及保險業,家數,家,448,54
2016,南投縣,金融及保險業,家數,家,145,22
2016,雲林縣,金融及保險業,家數,家,191,26
2016,嘉義市,金融及保險業,家數,家,232,26
2016,嘉義縣,金融及保險業,家數,家,127,18
2016,屏東縣,金融及保險業,家數,家,257,25
2016,澎湖縣,金融及保險業,家數,家,30, 
2016,花蓮縣,金融及保險業,家數,家,134,17
2016,臺東縣,金融及保險業,家數,家,94,6
2016,金門縣,金融及保險業,家數,家,36, 
2016,連江縣,金融及保險業,家數,家,,0
2016,總計,不動產業,家數,家,35157,1446
2016,臺北市,不動產業,家數,家,8158,477
2016,新北市,不動產業,家數,家,5188,244
2016,桃園縣,不動產業,家數,家,3088,131
2016,臺中市,不動產業,家數,家,5040,229
2016,臺南市,不動產業,家數,家,2386,57
2016,高雄市,不動產業,家數,家,3129,140
2016,基隆市,不動產業,家數,家,273, 
2016,宜蘭縣,不動產業,家數,家,864,11
2016,新竹市,不動產業,家數,家,903,26
2016,新竹縣,不動產業,家數,家,951,43
2016,苗栗縣,不動產業,家數,家,633,14
2016,彰化縣,不動產業,家數,家,1116,20
2016,南投縣,不動產業,家數,家,401, 
2016,雲林縣,不動產業,家數,家,499,13
2016,嘉義市,不動產業,家數,家,536,8
2016,嘉義縣,不動產業,家數,家,244, 
2016,屏東縣,不動產業,家數,家,585,6
2016,澎湖縣,不動產業,家數,家,173,0
2016,花蓮縣,不動產業,家數,家,524, 
2016,臺東縣,不動產業,家數,家,241,7
2016,金門縣,不動產業,家數,家,222,6
2016,連江縣,不動產業,家數,家,,0
2016,總計,專業、科學及技術服務業,家數,家,46523,762
2016,臺北市,專業、科學及技術服務業,家數,家,15835,471
2016,新北市,專業、科學及技術服務業,家數,家,7533,91
2016,桃園縣,專業、科學及技術服務業,家數,家,3068,33
2016,臺中市,專業、科學及技術服務業,家數,家,6208,38
2016,臺南市,專業、科學及技術服務業,家數,家,2653,13
2016,高雄市,專業、科學及技術服務業,家數,家,4083,28
2016,基隆市,專業、科學及技術服務業,家數,家,427, 
2016,宜蘭縣,專業、科學及技術服務業,家數,家,577, 
2016,新竹市,專業、科學及技術服務業,家數,家,850,29
2016,新竹縣,專業、科學及技術服務業,家數,家,761,34
2016,苗栗縣,專業、科學及技術服務業,家數,家,449, 
2016,彰化縣,專業、科學及技術服務業,家數,家,1068,8
2016,南投縣,專業、科學及技術服務業,家數,家,460,0
2016,雲林縣,專業、科學及技術服務業,家數,家,473,0
2016,嘉義市,專業、科學及技術服務業,家數,家,438, 
2016,嘉義縣,專業、科學及技術服務業,家數,家,254, 
2016,屏東縣,專業、科學及技術服務業,家數,家,598, 
2016,澎湖縣,專業、科學及技術服務業,家數,家,55,0
2016,花蓮縣,專業、科學及技術服務業,家數,家,365, 
2016,臺東縣,專業、科學及技術服務業,家數,家,217,0
2016,金門縣,專業、科學及技術服務業,家數,家,128,0
2016,連江縣,專業、科學及技術服務業,家數,家,23,0
2016,總計,支援服務業,家數,家,30126,525
2016,臺北市,支援服務業,家數,家,5145,231
2016,新北市,支援服務業,家數,家,4140,69
2016,桃園縣,支援服務業,家數,家,2885,39
2016,臺中市,支援服務業,家數,家,4005,52
2016,臺南市,支援服務業,家數,家,2120,21
2016,高雄市,支援服務業,家數,家,3659,53
2016,基隆市,支援服務業,家數,家,432,0
2016,宜蘭縣,支援服務業,家數,家,575, 
2016,新竹市,支援服務業,家數,家,670,18
2016,新竹縣,支援服務業,家數,家,532,10
2016,苗栗縣,支援服務業,家數,家,582, 
2016,彰化縣,支援服務業,家數,家,954,8
2016,南投縣,支援服務業,家數,家,505, 
2016,雲林縣,支援服務業,家數,家,441, 
2016,嘉義市,支援服務業,家數,家,428, 
2016,嘉義縣,支援服務業,家數,家,461, 
2016,屏東縣,支援服務業,家數,家,881, 
2016,澎湖縣,支援服務業,家數,家,469,0
2016,花蓮縣,支援服務業,家數,家,546, 
2016,臺東縣,支援服務業,家數,家,428,0
2016,金門縣,支援服務業,家數,家,219,0
2016,連江縣,支援服務業,家數,家,49,0
2016,總計,教育業,家數,家,2417,16
2016,臺北市,教育業,家數,家,747,10
2016,新北市,教育業,家數,家,307,0
2016,桃園縣,教育業,家數,家,138, 
2016,臺中市,教育業,家數,家,342, 
2016,臺南市,教育業,家數,家,148,0
2016,高雄市,教育業,家數,家,297, 
2016,基隆市,教育業,家數,家,13,0
2016,宜蘭縣,教育業,家數,家,29,0
2016,新竹市,教育業,家數,家,90,0
2016,新竹縣,教育業,家數,家,45,0
2016,苗栗縣,教育業,家數,家,23,0
2016,彰化縣,教育業,家數,家,46,0
2016,南投縣,教育業,家數,家,27,0
2016,雲林縣,教育業,家數,家,25,0
2016,嘉義市,教育業,家數,家,26,0
2016,嘉義縣,教育業,家數,家,10,0
2016,屏東縣,教育業,家數,家,35, 
2016,澎湖縣,教育業,家數,家,12,0
2016,花蓮縣,教育業,家數,家,27,0
2016,臺東縣,教育業,家數,家,20,0
2016,金門縣,教育業,家數,家,9,0
2016,連江縣,教育業,家數,家,,0
2016,總計,醫療保健及社會工作服務業,家數,家,766,19
2016,臺北市,醫療保健及社會工作服務業,家數,家,155,10
2016,新北市,醫療保健及社會工作服務業,家數,家,58, 
2016,桃園縣,醫療保健及社會工作服務業,家數,家,33, 
2016,臺中市,醫療保健及社會工作服務業,家數,家,96, 
2016,臺南市,醫療保健及社會工作服務業,家數,家,63, 
2016,高雄市,醫療保健及社會工作服務業,家數,家,136, 
2016,基隆市,醫療保健及社會工作服務業,家數,家,9,0
2016,宜蘭縣,醫療保健及社會工作服務業,家數,家,40,0
2016,新竹市,醫療保健及社會工作服務業,家數,家,14,0
2016,新竹縣,醫療保健及社會工作服務業,家數,家,16,0
2016,苗栗縣,醫療保健及社會工作服務業,家數,家,7,0
2016,彰化縣,醫療保健及社會工作服務業,家數,家,26, 
2016,南投縣,醫療保健及社會工作服務業,家數,家,13,0
2016,雲林縣,醫療保健及社會工作服務業,家數,家,11,0
2016,嘉義市,醫療保健及社會工作服務業,家數,家,9,0
2016,嘉義縣,醫療保健及社會工作服務業,家數,家,,0
2016,屏東縣,醫療保健及社會工作服務業,家數,家,41,0
2016,澎湖縣,醫療保健及社會工作服務業,家數,家,,0
2016,花蓮縣,醫療保健及社會工作服務業,家數,家,20,0
2016,臺東縣,醫療保健及社會工作服務業,家數,家,13,0
2016,金門縣,醫療保健及社會工作服務業,家數,家,,0
2016,連江縣,醫療保健及社會工作服務業,家數,家,0,0
2016,總計,藝術、娛樂及休閒服務業,家數,家,25464,130
2016,臺北市,藝術、娛樂及休閒服務業,家數,家,3924,48
2016,新北市,藝術、娛樂及休閒服務業,家數,家,3569,21
2016,桃園縣,藝術、娛樂及休閒服務業,家數,家,2009,12
2016,臺中市,藝術、娛樂及休閒服務業,家數,家,2623,10
2016,臺南市,藝術、娛樂及休閒服務業,家數,家,1888,6
2016,高雄市,藝術、娛樂及休閒服務業,家數,家,2791,9
2016,基隆市,藝術、娛樂及休閒服務業,家數,家,411,0
2016,宜蘭縣,藝術、娛樂及休閒服務業,家數,家,553, 
2016,新竹市,藝術、娛樂及休閒服務業,家數,家,500, 
2016,新竹縣,藝術、娛樂及休閒服務業,家數,家,568, 
2016,苗栗縣,藝術、娛樂及休閒服務業,家數,家,605, 
2016,彰化縣,藝術、娛樂及休閒服務業,家數,家,1228, 
2016,南投縣,藝術、娛樂及休閒服務業,家數,家,790, 
2016,雲林縣,藝術、娛樂及休閒服務業,家數,家,681, 
2016,嘉義市,藝術、娛樂及休閒服務業,家數,家,374,0
2016,嘉義縣,藝術、娛樂及休閒服務業,家數,家,421, 
2016,屏東縣,藝術、娛樂及休閒服務業,家數,家,1180, 
2016,澎湖縣,藝術、娛樂及休閒服務業,家數,家,127,0
2016,花蓮縣,藝術、娛樂及休閒服務業,家數,家,538, 
2016,臺東縣,藝術、娛樂及休閒服務業,家數,家,510,0
2016,金門縣,藝術、娛樂及休閒服務業,家數,家,131,0
2016,連江縣,藝術、娛樂及休閒服務業,家數,家,43,0
2016,總計,其他服務業,家數,家,82407,203
2016,臺北市,其他服務業,家數,家,9688,70
2016,新北市,其他服務業,家數,家,9438,30
2016,桃園縣,其他服務業,家數,家,6585,18
2016,臺中市,其他服務業,家數,家,10602,22
2016,臺南市,其他服務業,家數,家,8256, 
2016,高雄市,其他服務業,家數,家,11360,22
2016,基隆市,其他服務業,家數,家,1552, 
2016,宜蘭縣,其他服務業,家數,家,1773, 
2016,新竹市,其他服務業,家數,家,1787, 
2016,新竹縣,其他服務業,家數,家,1841, 
2016,苗栗縣,其他服務業,家數,家,1951, 
2016,彰化縣,其他服務業,家數,家,4782, 
2016,南投縣,其他服務業,家數,家,1663, 
2016,雲林縣,其他服務業,家數,家,2098,6
2016,嘉義市,其他服務業,家數,家,1600, 
2016,嘉義縣,其他服務業,家數,家,1442, 
2016,屏東縣,其他服務業,家數,家,3268, 
2016,澎湖縣,其他服務業,家數,家,308,0
2016,花蓮縣,其他服務業,家數,家,1280,0
2016,臺東縣,其他服務業,家數,家,820, 
2016,金門縣,其他服務業,家數,家,267,0
2016,連江縣,其他服務業,家數,家,46,0
2017,總計,農林漁牧業,家數,家,11899,73
2017,臺北市,農林漁牧業,家數,家,479,20
2017,新北市,農林漁牧業,家數,家,804, 
2017,桃園縣,農林漁牧業,家數,家,732, 
2017,臺中市,農林漁牧業,家數,家,539, 
2017,臺南市,農林漁牧業,家數,家,465,9
2017,高雄市,農林漁牧業,家數,家,3308,8
2017,基隆市,農林漁牧業,家數,家,30,0
2017,宜蘭縣,農林漁牧業,家數,家,1271,0
2017,新竹市,農林漁牧業,家數,家,192, 
2017,新竹縣,農林漁牧業,家數,家,227, 
2017,苗栗縣,農林漁牧業,家數,家,229, 
2017,彰化縣,農林漁牧業,家數,家,806, 
2017,南投縣,農林漁牧業,家數,家,489, 
2017,雲林縣,農林漁牧業,家數,家,470, 
2017,嘉義市,農林漁牧業,家數,家,72,0
2017,嘉義縣,農林漁牧業,家數,家,394, 
2017,屏東縣,農林漁牧業,家數,家,661,8
2017,澎湖縣,農林漁牧業,家數,家,31,0
2017,花蓮縣,農林漁牧業,家數,家,322,0
2017,臺東縣,農林漁牧業,家數,家,329, 
2017,金門縣,農林漁牧業,家數,家,38,0
2017,連江縣,農林漁牧業,家數,家,11,0
2017,總計,礦業及土石採取業,家數,家,1079,29
2017,臺北市,礦業及土石採取業,家數,家,73,9
2017,新北市,礦業及土石採取業,家數,家,106, 
2017,桃園縣,礦業及土石採取業,家數,家,67, 
2017,臺中市,礦業及土石採取業,家數,家,89, 
2017,臺南市,礦業及土石採取業,家數,家,36,0
2017,高雄市,礦業及土石採取業,家數,家,110, 
2017,基隆市,礦業及土石採取業,家數,家,,0
2017,宜蘭縣,礦業及土石採取業,家數,家,98,0
2017,新竹市,礦業及土石採取業,家數,家,19,0
2017,新竹縣,礦業及土石採取業,家數,家,36, 
2017,苗栗縣,礦業及土石採取業,家數,家,68, 
2017,彰化縣,礦業及土石採取業,家數,家,23,0
2017,南投縣,礦業及土石採取業,家數,家,44, 
2017,雲林縣,礦業及土石採取業,家數,家,33,0
2017,嘉義市,礦業及土石採取業,家數,家,,0
2017,嘉義縣,礦業及土石採取業,家數,家,14,0
2017,屏東縣,礦業及土石採取業,家數,家,39,0
2017,澎湖縣,礦業及土石採取業,家數,家,7,0
2017,花蓮縣,礦業及土石採取業,家數,家,147, 
2017,臺東縣,礦業及土石採取業,家數,家,56,0
2017,金門縣,礦業及土石採取業,家數,家,, 
2017,連江縣,礦業及土石採取業,家數,家,0,0
2017,總計,製造業,家數,家,143429,5893
2017,臺北市,製造業,家數,家,7593,896
2017,新北市,製造業,家數,家,32956,1013
2017,桃園縣,製造業,家數,家,12043,842
2017,臺中市,製造業,家數,家,29965,719
2017,臺南市,製造業,家數,家,12816,505
2017,高雄市,製造業,家數,家,10044,521
2017,基隆市,製造業,家數,家,717,18
2017,宜蘭縣,製造業,家數,家,2277,61
2017,新竹市,製造業,家數,家,2309,234
2017,新竹縣,製造業,家數,家,2742,342
2017,苗栗縣,製造業,家數,家,2632,144
2017,彰化縣,製造業,家數,家,17424,300
2017,南投縣,製造業,家數,家,1789,74
2017,雲林縣,製造業,家數,家,2287,64
2017,嘉義市,製造業,家數,家,799,6
2017,嘉義縣,製造業,家數,家,1962,62
2017,屏東縣,製造業,家數,家,1586,80
2017,澎湖縣,製造業,家數,家,224,0
2017,花蓮縣,製造業,家數,家,685,9
2017,臺東縣,製造業,家數,家,364, 
2017,金門縣,製造業,家數,家,189, 
2017,連江縣,製造業,家數,家,26, 
2017,總計,電力及燃氣供應業,家數,家,1055,140
2017,臺北市,電力及燃氣供應業,家數,家,129,25
2017,新北市,電力及燃氣供應業,家數,家,83,14
2017,桃園縣,電力及燃氣供應業,家數,家,56,10
2017,臺中市,電力及燃氣供應業,家數,家,97,17
2017,臺南市,電力及燃氣供應業,家數,家,104,9
2017,高雄市,電力及燃氣供應業,家數,家,94,12
2017,基隆市,電力及燃氣供應業,家數,家,, 
2017,宜蘭縣,電力及燃氣供應業,家數,家,11, 
2017,新竹市,電力及燃氣供應業,家數,家,19,6
2017,新竹縣,電力及燃氣供應業,家數,家,30, 
2017,苗栗縣,電力及燃氣供應業,家數,家,25, 
2017,彰化縣,電力及燃氣供應業,家數,家,112,6
2017,南投縣,電力及燃氣供應業,家數,家,11, 
2017,雲林縣,電力及燃氣供應業,家數,家,106, 
2017,嘉義市,電力及燃氣供應業,家數,家,18, 
2017,嘉義縣,電力及燃氣供應業,家數,家,65, 
2017,屏東縣,電力及燃氣供應業,家數,家,69,6
2017,澎湖縣,電力及燃氣供應業,家數,家,0, 
2017,花蓮縣,電力及燃氣供應業,家數,家,9, 
2017,臺東縣,電力及燃氣供應業,家數,家,10, 
2017,金門縣,電力及燃氣供應業,家數,家,, 
2017,連江縣,電力及燃氣供應業,家數,家,0, 
2017,總計,用水供應及污染整治業,家數,家,7268,335
2017,臺北市,用水供應及污染整治業,家數,家,561,37
2017,新北市,用水供應及污染整治業,家數,家,933,29
2017,桃園縣,用水供應及污染整治業,家數,家,788,60
2017,臺中市,用水供應及污染整治業,家數,家,886,43
2017,臺南市,用水供應及污染整治業,家數,家,599,26
2017,高雄市,用水供應及污染整治業,家數,家,1158,60
2017,基隆市,用水供應及污染整治業,家數,家,130, 
2017,宜蘭縣,用水供應及污染整治業,家數,家,115, 
2017,新竹市,用水供應及污染整治業,家數,家,134,7
2017,新竹縣,用水供應及污染整治業,家數,家,144,8
2017,苗栗縣,用水供應及污染整治業,家數,家,209, 
2017,彰化縣,用水供應及污染整治業,家數,家,422,17
2017,南投縣,用水供應及污染整治業,家數,家,129, 
2017,雲林縣,用水供應及污染整治業,家數,家,264,9
2017,嘉義市,用水供應及污染整治業,家數,家,68, 
2017,嘉義縣,用水供應及污染整治業,家數,家,185,7
2017,屏東縣,用水供應及污染整治業,家數,家,328,12
2017,澎湖縣,用水供應及污染整治業,家數,家,15, 
2017,花蓮縣,用水供應及污染整治業,家數,家,109, 
2017,臺東縣,用水供應及污染整治業,家數,家,60, 
2017,金門縣,用水供應及污染整治業,家數,家,26, 
2017,連江縣,用水供應及污染整治業,家數,家,,0
2017,總計,營建工程業,家數,家,124897,1234
2017,臺北市,營建工程業,家數,家,11779,460
2017,新北市,營建工程業,家數,家,23858,199
2017,桃園縣,營建工程業,家數,家,11924,89
2017,臺中市,營建工程業,家數,家,16124,135
2017,臺南市,營建工程業,家數,家,8087,49
2017,高雄市,營建工程業,家數,家,15277,143
2017,基隆市,營建工程業,家數,家,2196, 
2017,宜蘭縣,營建工程業,家數,家,3339,21
2017,新竹市,營建工程業,家數,家,2513,28
2017,新竹縣,營建工程業,家數,家,3246,23
2017,苗栗縣,營建工程業,家數,家,3316,14
2017,彰化縣,營建工程業,家數,家,5305,9
2017,南投縣,營建工程業,家數,家,2519, 
2017,雲林縣,營建工程業,家數,家,3517,14
2017,嘉義市,營建工程業,家數,家,1230,8
2017,嘉義縣,營建工程業,家數,家,2355,7
2017,屏東縣,營建工程業,家數,家,3607,11
2017,澎湖縣,營建工程業,家數,家,510, 
2017,花蓮縣,營建工程業,家數,家,2232,6
2017,臺東縣,營建工程業,家數,家,968, 
2017,金門縣,營建工程業,家數,家,874,6
2017,連江縣,營建工程業,家數,家,121, 
2017,總計,批發及零售業,家數,家,689038,17746
2017,臺北市,批發及零售業,家數,家,116663,5439
2017,新北市,批發及零售業,家數,家,104551,2933
2017,桃園縣,批發及零售業,家數,家,55139,1341
2017,臺中市,批發及零售業,家數,家,87654,2133
2017,臺南市,批發及零售業,家數,家,53391,1051
2017,高雄市,批發及零售業,家數,家,80282,1948
2017,基隆市,批發及零售業,家數,家,8583,82
2017,宜蘭縣,批發及零售業,家數,家,11953,151
2017,新竹市,批發及零售業,家數,家,12331,334
2017,新竹縣,批發及零售業,家數,家,12078,372
2017,苗栗縣,批發及零售業,家數,家,12418,169
2017,彰化縣,批發及零售業,家數,家,31323,599
2017,南投縣,批發及零售業,家數,家,12324,139
2017,雲林縣,批發及零售業,家數,家,16585,253
2017,嘉義市,批發及零售業,家數,家,8887,150
2017,嘉義縣,批發及零售業,家數,家,10233,145
2017,屏東縣,批發及零售業,家數,家,19296,322
2017,澎湖縣,批發及零售業,家數,家,2896,15
2017,花蓮縣,批發及零售業,家數,家,9589,100
2017,臺東縣,批發及零售業,家數,家,6228,44
2017,金門縣,批發及零售業,家數,家,16341,25
2017,連江縣,批發及零售業,家數,家,293, 
2017,總計,運輸及倉儲業,家數,家,31979,1132
2017,臺北市,運輸及倉儲業,家數,家,5335,466
2017,新北市,運輸及倉儲業,家數,家,6676,101
2017,桃園縣,運輸及倉儲業,家數,家,2435,104
2017,臺中市,運輸及倉儲業,家數,家,3365,83
2017,臺南市,運輸及倉儲業,家數,家,1336,36
2017,高雄市,運輸及倉儲業,家數,家,5063,179
2017,基隆市,運輸及倉儲業,家數,家,1242,32
2017,宜蘭縣,運輸及倉儲業,家數,家,725,13
2017,新竹市,運輸及倉儲業,家數,家,341,16
2017,新竹縣,運輸及倉儲業,家數,家,397,12
2017,苗栗縣,運輸及倉儲業,家數,家,443,11
2017,彰化縣,運輸及倉儲業,家數,家,987,19
2017,南投縣,運輸及倉儲業,家數,家,461, 
2017,雲林縣,運輸及倉儲業,家數,家,522,14
2017,嘉義市,運輸及倉儲業,家數,家,334,11
2017,嘉義縣,運輸及倉儲業,家數,家,671, 
2017,屏東縣,運輸及倉儲業,家數,家,561, 
2017,澎湖縣,運輸及倉儲業,家數,家,251, 
2017,花蓮縣,運輸及倉儲業,家數,家,402,7
2017,臺東縣,運輸及倉儲業,家數,家,149, 
2017,金門縣,運輸及倉儲業,家數,家,191,6
2017,連江縣,運輸及倉儲業,家數,家,92, 
2017,總計,住宿及餐飲業,家數,家,157388,581
2017,臺北市,住宿及餐飲業,家數,家,22920,240
2017,新北市,住宿及餐飲業,家數,家,18163,50
2017,桃園縣,住宿及餐飲業,家數,家,11783,39
2017,臺中市,住宿及餐飲業,家數,家,19302,76
2017,臺南市,住宿及餐飲業,家數,家,15203,20
2017,高雄市,住宿及餐飲業,家數,家,19568,54
2017,基隆市,住宿及餐飲業,家數,家,2880, 
2017,宜蘭縣,住宿及餐飲業,家數,家,3810,12
2017,新竹市,住宿及餐飲業,家數,家,3465,11
2017,新竹縣,住宿及餐飲業,家數,家,3311,8
2017,苗栗縣,住宿及餐飲業,家數,家,3278, 
2017,彰化縣,住宿及餐飲業,家數,家,6012,10
2017,南投縣,住宿及餐飲業,家數,家,3708,14
2017,雲林縣,住宿及餐飲業,家數,家,2946, 
2017,嘉義市,住宿及餐飲業,家數,家,2745, 
2017,嘉義縣,住宿及餐飲業,家數,家,2383, 
2017,屏東縣,住宿及餐飲業,家數,家,6566,11
2017,澎湖縣,住宿及餐飲業,家數,家,1191, 
2017,花蓮縣,住宿及餐飲業,家數,家,4088,13
2017,臺東縣,住宿及餐飲業,家數,家,2954,7
2017,金門縣,住宿及餐飲業,家數,家,838, 
2017,連江縣,住宿及餐飲業,家數,家,274,0
2017,總計,出版、影音製作、傳播及資通訊服務業,家數,家,20808,804
2017,臺北市,出版、影音製作、傳播及資通訊服務業,家數,家,9285,505
2017,新北市,出版、影音製作、傳播及資通訊服務業,家數,家,3600,107
2017,桃園縣,出版、影音製作、傳播及資通訊服務業,家數,家,1041,21
2017,臺中市,出版、影音製作、傳播及資通訊服務業,家數,家,2318,44
2017,臺南市,出版、影音製作、傳播及資通訊服務業,家數,家,809,14
2017,高雄市,出版、影音製作、傳播及資通訊服務業,家數,家,1420,29
2017,基隆市,出版、影音製作、傳播及資通訊服務業,家數,家,159, 
2017,宜蘭縣,出版、影音製作、傳播及資通訊服務業,家數,家,163, 
2017,新竹市,出版、影音製作、傳播及資通訊服務業,家數,家,350,23
2017,新竹縣,出版、影音製作、傳播及資通訊服務業,家數,家,318,19
2017,苗栗縣,出版、影音製作、傳播及資通訊服務業,家數,家,157,6
2017,彰化縣,出版、影音製作、傳播及資通訊服務業,家數,家,305, 
2017,南投縣,出版、影音製作、傳播及資通訊服務業,家數,家,149, 
2017,雲林縣,出版、影音製作、傳播及資通訊服務業,家數,家,117, 
2017,嘉義市,出版、影音製作、傳播及資通訊服務業,家數,家,135, 
2017,嘉義縣,出版、影音製作、傳播及資通訊服務業,家數,家,59, 
2017,屏東縣,出版、影音製作、傳播及資通訊服務業,家數,家,165, 
2017,澎湖縣,出版、影音製作、傳播及資通訊服務業,家數,家,39, 
2017,花蓮縣,出版、影音製作、傳播及資通訊服務業,家數,家,114, 
2017,臺東縣,出版、影音製作、傳播及資通訊服務業,家數,家,54, 
2017,金門縣,出版、影音製作、傳播及資通訊服務業,家數,家,43, 
2017,連江縣,出版、影音製作、傳播及資通訊服務業,家數,家,8, 
2017,總計,金融及保險業,家數,家,17372,2559
2017,臺北市,金融及保險業,家數,家,7074,1130
2017,新北市,金融及保險業,家數,家,2260,311
2017,桃園縣,金融及保險業,家數,家,1016,176
2017,臺中市,金融及保險業,家數,家,1774,251
2017,臺南市,金融及保險業,家數,家,935,124
2017,高雄市,金融及保險業,家數,家,1576,207
2017,基隆市,金融及保險業,家數,家,139,12
2017,宜蘭縣,金融及保險業,家數,家,140,32
2017,新竹市,金融及保險業,家數,家,331,59
2017,新竹縣,金融及保險業,家數,家,267,27
2017,苗栗縣,金融及保險業,家數,家,145,22
2017,彰化縣,金融及保險業,家數,家,457,56
2017,南投縣,金融及保險業,家數,家,137,27
2017,雲林縣,金融及保險業,家數,家,191,28
2017,嘉義市,金融及保險業,家數,家,235,26
2017,嘉義縣,金融及保險業,家數,家,129,20
2017,屏東縣,金融及保險業,家數,家,264,26
2017,澎湖縣,金融及保險業,家數,家,33, 
2017,花蓮縣,金融及保險業,家數,家,137,16
2017,臺東縣,金融及保險業,家數,家,93,6
2017,金門縣,金融及保險業,家數,家,35, 
2017,連江縣,金融及保險業,家數,家,,0
2017,總計,不動產業,家數,家,35973,1542
2017,臺北市,不動產業,家數,家,8356,489
2017,新北市,不動產業,家數,家,5188,277
2017,桃園縣,不動產業,家數,家,3107,146
2017,臺中市,不動產業,家數,家,5225,232
2017,臺南市,不動產業,家數,家,2536,71
2017,高雄市,不動產業,家數,家,3217,153
2017,基隆市,不動產業,家數,家,281, 
2017,宜蘭縣,不動產業,家數,家,839,9
2017,新竹市,不動產業,家數,家,901,35
2017,新竹縣,不動產業,家數,家,941,42
2017,苗栗縣,不動產業,家數,家,634,13
2017,彰化縣,不動產業,家數,家,1171,29
2017,南投縣,不動產業,家數,家,411,6
2017,雲林縣,不動產業,家數,家,540,13
2017,嘉義市,不動產業,家數,家,580,9
2017,嘉義縣,不動產業,家數,家,249, 
2017,屏東縣,不動產業,家數,家,619, 
2017,澎湖縣,不動產業,家數,家,174, 
2017,花蓮縣,不動產業,家數,家,522,6
2017,臺東縣,不動產業,家數,家,247, 
2017,金門縣,不動產業,家數,家,232, 
2017,連江縣,不動產業,家數,家,,0
2017,總計,專業、科學及技術服務業,家數,家,48397,808
2017,臺北市,專業、科學及技術服務業,家數,家,16388,504
2017,新北市,專業、科學及技術服務業,家數,家,7804,95
2017,桃園縣,專業、科學及技術服務業,家數,家,3222,33
2017,臺中市,專業、科學及技術服務業,家數,家,6512,38
2017,臺南市,專業、科學及技術服務業,家數,家,2769,15
2017,高雄市,專業、科學及技術服務業,家數,家,4273,31
2017,基隆市,專業、科學及技術服務業,家數,家,453, 
2017,宜蘭縣,專業、科學及技術服務業,家數,家,613, 
2017,新竹市,專業、科學及技術服務業,家數,家,865,26
2017,新竹縣,專業、科學及技術服務業,家數,家,808,43
2017,苗栗縣,專業、科學及技術服務業,家數,家,444, 
2017,彰化縣,專業、科學及技術服務業,家數,家,1097,6
2017,南投縣,專業、科學及技術服務業,家數,家,474,0
2017,雲林縣,專業、科學及技術服務業,家數,家,511,0
2017,嘉義市,專業、科學及技術服務業,家數,家,453, 
2017,嘉義縣,專業、科學及技術服務業,家數,家,272, 
2017,屏東縣,專業、科學及技術服務業,家數,家,625, 
2017,澎湖縣,專業、科學及技術服務業,家數,家,62,0
2017,花蓮縣,專業、科學及技術服務業,家數,家,367, 
2017,臺東縣,專業、科學及技術服務業,家數,家,226,0
2017,金門縣,專業、科學及技術服務業,家數,家,136,0
2017,連江縣,專業、科學及技術服務業,家數,家,23,0
2017,總計,支援服務業,家數,家,31097,547
2017,臺北市,支援服務業,家數,家,5250,236
2017,新北市,支援服務業,家數,家,4233,76
2017,桃園縣,支援服務業,家數,家,3060,46
2017,臺中市,支援服務業,家數,家,4181,55
2017,臺南市,支援服務業,家數,家,2232,21
2017,高雄市,支援服務業,家數,家,3792,56
2017,基隆市,支援服務業,家數,家,425, 
2017,宜蘭縣,支援服務業,家數,家,582, 
2017,新竹市,支援服務業,家數,家,684,17
2017,新竹縣,支援服務業,家數,家,546,8
2017,苗栗縣,支援服務業,家數,家,596, 
2017,彰化縣,支援服務業,家數,家,966,7
2017,南投縣,支援服務業,家數,家,520, 
2017,雲林縣,支援服務業,家數,家,439,6
2017,嘉義市,支援服務業,家數,家,434, 
2017,嘉義縣,支援服務業,家數,家,454, 
2017,屏東縣,支援服務業,家數,家,915, 
2017,澎湖縣,支援服務業,家數,家,514,0
2017,花蓮縣,支援服務業,家數,家,556,0
2017,臺東縣,支援服務業,家數,家,444,0
2017,金門縣,支援服務業,家數,家,226,0
2017,連江縣,支援服務業,家數,家,48,0
2017,總計,教育業,家數,家,2780,17
2017,臺北市,教育業,家數,家,872,11
2017,新北市,教育業,家數,家,366,0
2017,桃園縣,教育業,家數,家,169, 
2017,臺中市,教育業,家數,家,381, 
2017,臺南市,教育業,家數,家,168,0
2017,高雄市,教育業,家數,家,317, 
2017,基隆市,教育業,家數,家,22,0
2017,宜蘭縣,教育業,家數,家,30,0
2017,新竹市,教育業,家數,家,100,0
2017,新竹縣,教育業,家數,家,57,0
2017,苗栗縣,教育業,家數,家,30,0
2017,彰化縣,教育業,家數,家,55,0
2017,南投縣,教育業,家數,家,24,0
2017,雲林縣,教育業,家數,家,27,0
2017,嘉義市,教育業,家數,家,33,0
2017,嘉義縣,教育業,家數,家,11,0
2017,屏東縣,教育業,家數,家,42,0
2017,澎湖縣,教育業,家數,家,12,0
2017,花蓮縣,教育業,家數,家,31,0
2017,臺東縣,教育業,家數,家,23,0
2017,金門縣,教育業,家數,家,9,0
2017,連江縣,教育業,家數,家,,0
2017,總計,醫療保健及社會工作服務業,家數,家,1007,20
2017,臺北市,醫療保健及社會工作服務業,家數,家,227,10
2017,新北市,醫療保健及社會工作服務業,家數,家,104, 
2017,桃園縣,醫療保健及社會工作服務業,家數,家,54,0
2017,臺中市,醫療保健及社會工作服務業,家數,家,130, 
2017,臺南市,醫療保健及社會工作服務業,家數,家,79, 
2017,高雄市,醫療保健及社會工作服務業,家數,家,161, 
2017,基隆市,醫療保健及社會工作服務業,家數,家,12,0
2017,宜蘭縣,醫療保健及社會工作服務業,家數,家,37,0
2017,新竹市,醫療保健及社會工作服務業,家數,家,17,0
2017,新竹縣,醫療保健及社會工作服務業,家數,家,20,0
2017,苗栗縣,醫療保健及社會工作服務業,家數,家,13,0
2017,彰化縣,醫療保健及社會工作服務業,家數,家,30, 
2017,南投縣,醫療保健及社會工作服務業,家數,家,12,0
2017,雲林縣,醫療保健及社會工作服務業,家數,家,15,0
2017,嘉義市,醫療保健及社會工作服務業,家數,家,11,0
2017,嘉義縣,醫療保健及社會工作服務業,家數,家,6,0
2017,屏東縣,醫療保健及社會工作服務業,家數,家,39,0
2017,澎湖縣,醫療保健及社會工作服務業,家數,家,,0
2017,花蓮縣,醫療保健及社會工作服務業,家數,家,22, 
2017,臺東縣,醫療保健及社會工作服務業,家數,家,15,0
2017,金門縣,醫療保健及社會工作服務業,家數,家,,0
2017,連江縣,醫療保健及社會工作服務業,家數,家,0,0
2017,總計,藝術、娛樂及休閒服務業,家數,家,27733,158
2017,臺北市,藝術、娛樂及休閒服務業,家數,家,4295,56
2017,新北市,藝術、娛樂及休閒服務業,家數,家,4010,25
2017,桃園縣,藝術、娛樂及休閒服務業,家數,家,2392,14
2017,臺中市,藝術、娛樂及休閒服務業,家數,家,3038,13
2017,臺南市,藝術、娛樂及休閒服務業,家數,家,1988,8
2017,高雄市,藝術、娛樂及休閒服務業,家數,家,2905,11
2017,基隆市,藝術、娛樂及休閒服務業,家數,家,441,0
2017,宜蘭縣,藝術、娛樂及休閒服務業,家數,家,540, 
2017,新竹市,藝術、娛樂及休閒服務業,家數,家,547, 
2017,新竹縣,藝術、娛樂及休閒服務業,家數,家,643,7
2017,苗栗縣,藝術、娛樂及休閒服務業,家數,家,627, 
2017,彰化縣,藝術、娛樂及休閒服務業,家數,家,1369, 
2017,南投縣,藝術、娛樂及休閒服務業,家數,家,839, 
2017,雲林縣,藝術、娛樂及休閒服務業,家數,家,697, 
2017,嘉義市,藝術、娛樂及休閒服務業,家數,家,395, 
2017,嘉義縣,藝術、娛樂及休閒服務業,家數,家,437, 
2017,屏東縣,藝術、娛樂及休閒服務業,家數,家,1165, 
2017,澎湖縣,藝術、娛樂及休閒服務業,家數,家,130,0
2017,花蓮縣,藝術、娛樂及休閒服務業,家數,家,582, 
2017,臺東縣,藝術、娛樂及休閒服務業,家數,家,520,0
2017,金門縣,藝術、娛樂及休閒服務業,家數,家,130,0
2017,連江縣,藝術、娛樂及休閒服務業,家數,家,43,0
2017,總計,其他服務業,家數,家,84417,199
2017,臺北市,其他服務業,家數,家,9861,57
2017,新北市,其他服務業,家數,家,9755,30
2017,桃園縣,其他服務業,家數,家,6831,24
2017,臺中市,其他服務業,家數,家,11041,24
2017,臺南市,其他服務業,家數,家,8416, 
2017,高雄市,其他服務業,家數,家,11591,24
2017,基隆市,其他服務業,家數,家,1572, 
2017,宜蘭縣,其他服務業,家數,家,1786, 
2017,新竹市,其他服務業,家數,家,1843, 
2017,新竹縣,其他服務業,家數,家,1885, 
2017,苗栗縣,其他服務業,家數,家,1991, 
2017,彰化縣,其他服務業,家數,家,4839, 
2017,南投縣,其他服務業,家數,家,1699, 
2017,雲林縣,其他服務業,家數,家,2122, 
2017,嘉義市,其他服務業,家數,家,1662, 
2017,嘉義縣,其他服務業,家數,家,1468, 
2017,屏東縣,其他服務業,家數,家,3310, 
2017,澎湖縣,其他服務業,家數,家,308,0
2017,花蓮縣,其他服務業,家數,家,1268,0
2017,臺東縣,其他服務業,家數,家,836, 
2017,金門縣,其他服務業,家數,家,287,0
2017,連江縣,其他服務業,家數,家,46,0
2018,總計,農林漁牧業,家數,家,11288,78
2018,臺北市,農林漁牧業,家數,家,489,17
2018,新北市,農林漁牧業,家數,家,432, 
2018,桃園縣,農林漁牧業,家數,家,580, 
2018,臺中市,農林漁牧業,家數,家,577, 
2018,臺南市,農林漁牧業,家數,家,487,10
2018,高雄市,農林漁牧業,家數,家,3260,13
2018,基隆市,農林漁牧業,家數,家,33,0
2018,宜蘭縣,農林漁牧業,家數,家,980, 
2018,新竹市,農林漁牧業,家數,家,63,0
2018,新竹縣,農林漁牧業,家數,家,232,0
2018,苗栗縣,農林漁牧業,家數,家,253, 
2018,彰化縣,農林漁牧業,家數,家,872, 
2018,南投縣,農林漁牧業,家數,家,509, 
2018,雲林縣,農林漁牧業,家數,家,565, 
2018,嘉義市,農林漁牧業,家數,家,67,0
2018,嘉義縣,農林漁牧業,家數,家,436, 
2018,屏東縣,農林漁牧業,家數,家,673,10
2018,澎湖縣,農林漁牧業,家數,家,30,0
2018,花蓮縣,農林漁牧業,家數,家,349,0
2018,臺東縣,農林漁牧業,家數,家,351, 
2018,金門縣,農林漁牧業,家數,家,39,0
2018,連江縣,農林漁牧業,家數,家,11,0
2018,總計,礦業及土石採取業,家數,家,1064,29
2018,臺北市,礦業及土石採取業,家數,家,70,10
2018,新北市,礦業及土石採取業,家數,家,105, 
2018,桃園縣,礦業及土石採取業,家數,家,67, 
2018,臺中市,礦業及土石採取業,家數,家,90, 
2018,臺南市,礦業及土石採取業,家數,家,38,0
2018,高雄市,礦業及土石採取業,家數,家,109, 
2018,基隆市,礦業及土石採取業,家數,家,,0
2018,宜蘭縣,礦業及土石採取業,家數,家,97, 
2018,新竹市,礦業及土石採取業,家數,家,20,0
2018,新竹縣,礦業及土石採取業,家數,家,34, 
2018,苗栗縣,礦業及土石採取業,家數,家,67, 
2018,彰化縣,礦業及土石採取業,家數,家,21,0
2018,南投縣,礦業及土石採取業,家數,家,45, 
2018,雲林縣,礦業及土石採取業,家數,家,33,0
2018,嘉義市,礦業及土石採取業,家數,家,,0
2018,嘉義縣,礦業及土石採取業,家數,家,14,0
2018,屏東縣,礦業及土石採取業,家數,家,37,0
2018,澎湖縣,礦業及土石採取業,家數,家,6,0
2018,花蓮縣,礦業及土石採取業,家數,家,146, 
2018,臺東縣,礦業及土石採取業,家數,家,53,0
2018,金門縣,礦業及土石採取業,家數,家,,0
2018,連江縣,礦業及土石採取業,家數,家,0,0
2018,總計,製造業,家數,家,143853,5968
2018,臺北市,製造業,家數,家,7715,918
2018,新北市,製造業,家數,家,32772,1003
2018,桃園縣,製造業,家數,家,12222,856
2018,臺中市,製造業,家數,家,29930,724
2018,臺南市,製造業,家數,家,12831,524
2018,高雄市,製造業,家數,家,10236,531
2018,基隆市,製造業,家數,家,710,17
2018,宜蘭縣,製造業,家數,家,2162,62
2018,新竹市,製造業,家數,家,2302,230
2018,新竹縣,製造業,家數,家,2807,348
2018,苗栗縣,製造業,家數,家,2677,141
2018,彰化縣,製造業,家數,家,17420,307
2018,南投縣,製造業,家數,家,1787,75
2018,雲林縣,製造業,家數,家,2353,65
2018,嘉義市,製造業,家數,家,799,7
2018,嘉義縣,製造業,家數,家,1992,64
2018,屏東縣,製造業,家數,家,1632,84
2018,澎湖縣,製造業,家數,家,232,0
2018,花蓮縣,製造業,家數,家,678,9
2018,臺東縣,製造業,家數,家,385, 
2018,金門縣,製造業,家數,家,182, 
2018,連江縣,製造業,家數,家,29, 
2018,總計,電力及燃氣供應業,家數,家,1322,158
2018,臺北市,電力及燃氣供應業,家數,家,167,29
2018,新北市,電力及燃氣供應業,家數,家,92,17
2018,桃園縣,電力及燃氣供應業,家數,家,47,12
2018,臺中市,電力及燃氣供應業,家數,家,108,19
2018,臺南市,電力及燃氣供應業,家數,家,141,9
2018,高雄市,電力及燃氣供應業,家數,家,101,14
2018,基隆市,電力及燃氣供應業,家數,家,, 
2018,宜蘭縣,電力及燃氣供應業,家數,家,10, 
2018,新竹市,電力及燃氣供應業,家數,家,29,6
2018,新竹縣,電力及燃氣供應業,家數,家,38,6
2018,苗栗縣,電力及燃氣供應業,家數,家,35, 
2018,彰化縣,電力及燃氣供應業,家數,家,154,6
2018,南投縣,電力及燃氣供應業,家數,家,17, 
2018,雲林縣,電力及燃氣供應業,家數,家,137, 
2018,嘉義市,電力及燃氣供應業,家數,家,25, 
2018,嘉義縣,電力及燃氣供應業,家數,家,67, 
2018,屏東縣,電力及燃氣供應業,家數,家,124, 
2018,澎湖縣,電力及燃氣供應業,家數,家,0, 
2018,花蓮縣,電力及燃氣供應業,家數,家,10, 
2018,臺東縣,電力及燃氣供應業,家數,家,12, 
2018,金門縣,電力及燃氣供應業,家數,家,, 
2018,連江縣,電力及燃氣供應業,家數,家,0, 
2018,總計,用水供應及污染整治業,家數,家,7383,357
2018,臺北市,用水供應及污染整治業,家數,家,568,36
2018,新北市,用水供應及污染整治業,家數,家,971,37
2018,桃園縣,用水供應及污染整治業,家數,家,795,68
2018,臺中市,用水供應及污染整治業,家數,家,903,39
2018,臺南市,用水供應及污染整治業,家數,家,625,28
2018,高雄市,用水供應及污染整治業,家數,家,1165,64
2018,基隆市,用水供應及污染整治業,家數,家,122, 
2018,宜蘭縣,用水供應及污染整治業,家數,家,121, 
2018,新竹市,用水供應及污染整治業,家數,家,135,8
2018,新竹縣,用水供應及污染整治業,家數,家,146,10
2018,苗栗縣,用水供應及污染整治業,家數,家,216, 
2018,彰化縣,用水供應及污染整治業,家數,家,415,17
2018,南投縣,用水供應及污染整治業,家數,家,133, 
2018,雲林縣,用水供應及污染整治業,家數,家,251,10
2018,嘉義市,用水供應及污染整治業,家數,家,72, 
2018,嘉義縣,用水供應及污染整治業,家數,家,195,7
2018,屏東縣,用水供應及污染整治業,家數,家,332,11
2018,澎湖縣,用水供應及污染整治業,家數,家,18, 
2018,花蓮縣,用水供應及污染整治業,家數,家,108, 
2018,臺東縣,用水供應及污染整治業,家數,家,63, 
2018,金門縣,用水供應及污染整治業,家數,家,25, 
2018,連江縣,用水供應及污染整治業,家數,家,,0
2018,總計,營建工程業,家數,家,128646,1258
2018,臺北市,營建工程業,家數,家,11914,456
2018,新北市,營建工程業,家數,家,24240,209
2018,桃園縣,營建工程業,家數,家,12299,89
2018,臺中市,營建工程業,家數,家,16855,139
2018,臺南市,營建工程業,家數,家,8493,52
2018,高雄市,營建工程業,家數,家,15778,148
2018,基隆市,營建工程業,家數,家,2232, 
2018,宜蘭縣,營建工程業,家數,家,3433,23
2018,新竹市,營建工程業,家數,家,2569,29
2018,新竹縣,營建工程業,家數,家,3343,23
2018,苗栗縣,營建工程業,家數,家,3420,14
2018,彰化縣,營建工程業,家數,家,5461,9
2018,南投縣,營建工程業,家數,家,2548, 
2018,雲林縣,營建工程業,家數,家,3671,16
2018,嘉義市,營建工程業,家數,家,1289,8
2018,嘉義縣,營建工程業,家數,家,2432,8
2018,屏東縣,營建工程業,家數,家,3794,11
2018,澎湖縣,營建工程業,家數,家,543, 
2018,花蓮縣,營建工程業,家數,家,2270,6
2018,臺東縣,營建工程業,家數,家,1034, 
2018,金門縣,營建工程業,家數,家,898,6
2018,連江縣,營建工程業,家數,家,130, 
2018,總計,批發及零售業,家數,家,693019,18515
2018,臺北市,批發及零售業,家數,家,116779,5558
2018,新北市,批發及零售業,家數,家,105436,2998
2018,桃園縣,批發及零售業,家數,家,55702,1463
2018,臺中市,批發及零售業,家數,家,89280,2275
2018,臺南市,批發及零售業,家數,家,53695,1131
2018,高雄市,批發及零售業,家數,家,80682,2058
2018,基隆市,批發及零售業,家數,家,8484,81
2018,宜蘭縣,批發及零售業,家數,家,11895,175
2018,新竹市,批發及零售業,家數,家,12094,338
2018,新竹縣,批發及零售業,家數,家,12285,395
2018,苗栗縣,批發及零售業,家數,家,12391,179
2018,彰化縣,批發及零售業,家數,家,31500,617
2018,南投縣,批發及零售業,家數,家,12281,140
2018,雲林縣,批發及零售業,家數,家,16782,266
2018,嘉義市,批發及零售業,家數,家,8900,147
2018,嘉義縣,批發及零售業,家數,家,10308,161
2018,屏東縣,批發及零售業,家數,家,19344,337
2018,澎湖縣,批發及零售業,家數,家,2895,16
2018,花蓮縣,批發及零售業,家數,家,9512,103
2018,臺東縣,批發及零售業,家數,家,6173,49
2018,金門縣,批發及零售業,家數,家,16301,27
2018,連江縣,批發及零售業,家數,家,300, 
2018,總計,運輸及倉儲業,家數,家,32443,1211
2018,臺北市,運輸及倉儲業,家數,家,5369,486
2018,新北市,運輸及倉儲業,家數,家,6617,113
2018,桃園縣,運輸及倉儲業,家數,家,2561,114
2018,臺中市,運輸及倉儲業,家數,家,3484,88
2018,臺南市,運輸及倉儲業,家數,家,1378,36
2018,高雄市,運輸及倉儲業,家數,家,5200,186
2018,基隆市,運輸及倉儲業,家數,家,1231,35
2018,宜蘭縣,運輸及倉儲業,家數,家,699,16
2018,新竹市,運輸及倉儲業,家數,家,350,18
2018,新竹縣,運輸及倉儲業,家數,家,408,15
2018,苗栗縣,運輸及倉儲業,家數,家,445,12
2018,彰化縣,運輸及倉儲業,家數,家,1021,23
2018,南投縣,運輸及倉儲業,家數,家,465, 
2018,雲林縣,運輸及倉儲業,家數,家,521,18
2018,嘉義市,運輸及倉儲業,家數,家,346,10
2018,嘉義縣,運輸及倉儲業,家數,家,668,6
2018,屏東縣,運輸及倉儲業,家數,家,587, 
2018,澎湖縣,運輸及倉儲業,家數,家,253, 
2018,花蓮縣,運輸及倉儲業,家數,家,410,8
2018,臺東縣,運輸及倉儲業,家數,家,155,6
2018,金門縣,運輸及倉儲業,家數,家,183,8
2018,連江縣,運輸及倉儲業,家數,家,92, 
2018,總計,住宿及餐飲業,家數,家,163617,620
2018,臺北市,住宿及餐飲業,家數,家,23546,255
2018,新北市,住宿及餐飲業,家數,家,18856,54
2018,桃園縣,住宿及餐飲業,家數,家,12336,48
2018,臺中市,住宿及餐飲業,家數,家,20298,81
2018,臺南市,住宿及餐飲業,家數,家,15716,23
2018,高雄市,住宿及餐飲業,家數,家,20180,53
2018,基隆市,住宿及餐飲業,家數,家,2899, 
2018,宜蘭縣,住宿及餐飲業,家數,家,3903,16
2018,新竹市,住宿及餐飲業,家數,家,3583,14
2018,新竹縣,住宿及餐飲業,家數,家,3490,10
2018,苗栗縣,住宿及餐飲業,家數,家,3433, 
2018,彰化縣,住宿及餐飲業,家數,家,6146,10
2018,南投縣,住宿及餐飲業,家數,家,4071,11
2018,雲林縣,住宿及餐飲業,家數,家,3108, 
2018,嘉義市,住宿及餐飲業,家數,家,2822, 
2018,嘉義縣,住宿及餐飲業,家數,家,2540, 
2018,屏東縣,住宿及餐飲業,家數,家,6943,11
2018,澎湖縣,住宿及餐飲業,家數,家,1303, 
2018,花蓮縣,住宿及餐飲業,家數,家,4203,11
2018,臺東縣,住宿及餐飲業,家數,家,3033,9
2018,金門縣,住宿及餐飲業,家數,家,918, 
2018,連江縣,住宿及餐飲業,家數,家,290,0
2018,總計,出版、影音製作、傳播及資通訊服務業,家數,家,21982,879
2018,臺北市,出版、影音製作、傳播及資通訊服務業,家數,家,9872,567
2018,新北市,出版、影音製作、傳播及資通訊服務業,家數,家,3721,110
2018,桃園縣,出版、影音製作、傳播及資通訊服務業,家數,家,1119,23
2018,臺中市,出版、影音製作、傳播及資通訊服務業,家數,家,2441,47
2018,臺南市,出版、影音製作、傳播及資通訊服務業,家數,家,839,14
2018,高雄市,出版、影音製作、傳播及資通訊服務業,家數,家,1513,26
2018,基隆市,出版、影音製作、傳播及資通訊服務業,家數,家,175, 
2018,宜蘭縣,出版、影音製作、傳播及資通訊服務業,家數,家,175, 
2018,新竹市,出版、影音製作、傳播及資通訊服務業,家數,家,376,25
2018,新竹縣,出版、影音製作、傳播及資通訊服務業,家數,家,345,23
2018,苗栗縣,出版、影音製作、傳播及資通訊服務業,家數,家,172,6
2018,彰化縣,出版、影音製作、傳播及資通訊服務業,家數,家,312, 
2018,南投縣,出版、影音製作、傳播及資通訊服務業,家數,家,154, 
2018,雲林縣,出版、影音製作、傳播及資通訊服務業,家數,家,121, 
2018,嘉義市,出版、影音製作、傳播及資通訊服務業,家數,家,142, 
2018,嘉義縣,出版、影音製作、傳播及資通訊服務業,家數,家,72, 
2018,屏東縣,出版、影音製作、傳播及資通訊服務業,家數,家,167, 
2018,澎湖縣,出版、影音製作、傳播及資通訊服務業,家數,家,41, 
2018,花蓮縣,出版、影音製作、傳播及資通訊服務業,家數,家,119, 
2018,臺東縣,出版、影音製作、傳播及資通訊服務業,家數,家,48, 
2018,金門縣,出版、影音製作、傳播及資通訊服務業,家數,家,48, 
2018,連江縣,出版、影音製作、傳播及資通訊服務業,家數,家,10, 
2018,總計,金融及保險業,家數,家,17964,2702
2018,臺北市,金融及保險業,家數,家,7380,1157
2018,新北市,金融及保險業,家數,家,2382,329
2018,桃園縣,金融及保險業,家數,家,1044,183
2018,臺中市,金融及保險業,家數,家,1798,276
2018,臺南市,金融及保險業,家數,家,956,137
2018,高雄市,金融及保險業,家數,家,1626,231
2018,基隆市,金融及保險業,家數,家,143,10
2018,宜蘭縣,金融及保險業,家數,家,148,33
2018,新竹市,金融及保險業,家數,家,332,63
2018,新竹縣,金融及保險業,家數,家,272,35
2018,苗栗縣,金融及保險業,家數,家,150,26
2018,彰化縣,金融及保險業,家數,家,451,66
2018,南投縣,金融及保險業,家數,家,140,26
2018,雲林縣,金融及保險業,家數,家,197,30
2018,嘉義市,金融及保險業,家數,家,240,27
2018,嘉義縣,金融及保險業,家數,家,129,20
2018,屏東縣,金融及保險業,家數,家,269,28
2018,澎湖縣,金融及保險業,家數,家,33, 
2018,花蓮縣,金融及保險業,家數,家,138,16
2018,臺東縣,金融及保險業,家數,家,93, 
2018,金門縣,金融及保險業,家數,家,39, 
2018,連江縣,金融及保險業,家數,家,,0
2018,總計,不動產業,家數,家,37171,1777
2018,臺北市,不動產業,家數,家,8465,554
2018,新北市,不動產業,家數,家,5265,294
2018,桃園縣,不動產業,家數,家,3204,164
2018,臺中市,不動產業,家數,家,5620,259
2018,臺南市,不動產業,家數,家,2708,87
2018,高雄市,不動產業,家數,家,3303,181
2018,基隆市,不動產業,家數,家,282, 
2018,宜蘭縣,不動產業,家數,家,805,14
2018,新竹市,不動產業,家數,家,913,49
2018,新竹縣,不動產業,家數,家,956,57
2018,苗栗縣,不動產業,家數,家,644,15
2018,彰化縣,不動產業,家數,家,1297,34
2018,南投縣,不動產業,家數,家,433, 
2018,雲林縣,不動產業,家數,家,584,21
2018,嘉義市,不動產業,家數,家,608,9
2018,嘉義縣,不動產業,家數,家,261, 
2018,屏東縣,不動產業,家數,家,646,10
2018,澎湖縣,不動產業,家數,家,177, 
2018,花蓮縣,不動產業,家數,家,516,13
2018,臺東縣,不動產業,家數,家,256, 
2018,金門縣,不動產業,家數,家,227, 
2018,連江縣,不動產業,家數,家,,0
2018,總計,專業、科學及技術服務業,家數,家,50554,885
2018,臺北市,專業、科學及技術服務業,家數,家,17220,548
2018,新北市,專業、科學及技術服務業,家數,家,8171,109
2018,桃園縣,專業、科學及技術服務業,家數,家,3376,36
2018,臺中市,專業、科學及技術服務業,家數,家,6823,42
2018,臺南市,專業、科學及技術服務業,家數,家,2881,17
2018,高雄市,專業、科學及技術服務業,家數,家,4424,39
2018,基隆市,專業、科學及技術服務業,家數,家,457,0
2018,宜蘭縣,專業、科學及技術服務業,家數,家,625, 
2018,新竹市,專業、科學及技術服務業,家數,家,886,31
2018,新竹縣,專業、科學及技術服務業,家數,家,856,42
2018,苗栗縣,專業、科學及技術服務業,家數,家,482, 
2018,彰化縣,專業、科學及技術服務業,家數,家,1112,6
2018,南投縣,專業、科學及技術服務業,家數,家,471, 
2018,雲林縣,專業、科學及技術服務業,家數,家,522,0
2018,嘉義市,專業、科學及技術服務業,家數,家,480, 
2018,嘉義縣,專業、科學及技術服務業,家數,家,294, 
2018,屏東縣,專業、科學及技術服務業,家數,家,635, 
2018,澎湖縣,專業、科學及技術服務業,家數,家,70,0
2018,花蓮縣,專業、科學及技術服務業,家數,家,380, 
2018,臺東縣,專業、科學及技術服務業,家數,家,226, 
2018,金門縣,專業、科學及技術服務業,家數,家,141,0
2018,連江縣,專業、科學及技術服務業,家數,家,22,0
2018,總計,支援服務業,家數,家,31999,569
2018,臺北市,支援服務業,家數,家,5439,235
2018,新北市,支援服務業,家數,家,4351,80
2018,桃園縣,支援服務業,家數,家,3123,48
2018,臺中市,支援服務業,家數,家,4291,58
2018,臺南市,支援服務業,家數,家,2326,24
2018,高雄市,支援服務業,家數,家,3927,61
2018,基隆市,支援服務業,家數,家,427, 
2018,宜蘭縣,支援服務業,家數,家,614,6
2018,新竹市,支援服務業,家數,家,712,18
2018,新竹縣,支援服務業,家數,家,556,8
2018,苗栗縣,支援服務業,家數,家,595, 
2018,彰化縣,支援服務業,家數,家,1005,8
2018,南投縣,支援服務業,家數,家,520, 
2018,雲林縣,支援服務業,家數,家,448, 
2018,嘉義市,支援服務業,家數,家,444, 
2018,嘉義縣,支援服務業,家數,家,469, 
2018,屏東縣,支援服務業,家數,家,924, 
2018,澎湖縣,支援服務業,家數,家,529,0
2018,花蓮縣,支援服務業,家數,家,566,0
2018,臺東縣,支援服務業,家數,家,454,0
2018,金門縣,支援服務業,家數,家,231,0
2018,連江縣,支援服務業,家數,家,48,0
2018,總計,教育業,家數,家,3798,26
2018,臺北市,教育業,家數,家,1069,16
2018,新北市,教育業,家數,家,451, 
2018,桃園縣,教育業,家數,家,239, 
2018,臺中市,教育業,家數,家,466, 
2018,臺南市,教育業,家數,家,241,0
2018,高雄市,教育業,家數,家,439, 
2018,基隆市,教育業,家數,家,34,0
2018,宜蘭縣,教育業,家數,家,36,0
2018,新竹市,教育業,家數,家,124,0
2018,新竹縣,教育業,家數,家,101,0
2018,苗栗縣,教育業,家數,家,47,0
2018,彰化縣,教育業,家數,家,139,0
2018,南投縣,教育業,家數,家,54,0
2018,雲林縣,教育業,家數,家,48,0
2018,嘉義市,教育業,家數,家,53,0
2018,嘉義縣,教育業,家數,家,21,0
2018,屏東縣,教育業,家數,家,138,0
2018,澎湖縣,教育業,家數,家,14,0
2018,花蓮縣,教育業,家數,家,45,0
2018,臺東縣,教育業,家數,家,27,0
2018,金門縣,教育業,家數,家,10,0
2018,連江縣,教育業,家數,家,,0
2018,總計,醫療保健及社會工作服務業,家數,家,1090,23
2018,臺北市,醫療保健及社會工作服務業,家數,家,244,15
2018,新北市,醫療保健及社會工作服務業,家數,家,113, 
2018,桃園縣,醫療保健及社會工作服務業,家數,家,70,0
2018,臺中市,醫療保健及社會工作服務業,家數,家,142, 
2018,臺南市,醫療保健及社會工作服務業,家數,家,78, 
2018,高雄市,醫療保健及社會工作服務業,家數,家,170, 
2018,基隆市,醫療保健及社會工作服務業,家數,家,12,0
2018,宜蘭縣,醫療保健及社會工作服務業,家數,家,40,0
2018,新竹市,醫療保健及社會工作服務業,家數,家,18,0
2018,新竹縣,醫療保健及社會工作服務業,家數,家,24,0
2018,苗栗縣,醫療保健及社會工作服務業,家數,家,14,0
2018,彰化縣,醫療保健及社會工作服務業,家數,家,31, 
2018,南投縣,醫療保健及社會工作服務業,家數,家,10,0
2018,雲林縣,醫療保健及社會工作服務業,家數,家,15,0
2018,嘉義市,醫療保健及社會工作服務業,家數,家,13,0
2018,嘉義縣,醫療保健及社會工作服務業,家數,家,9,0
2018,屏東縣,醫療保健及社會工作服務業,家數,家,46,0
2018,澎湖縣,醫療保健及社會工作服務業,家數,家,,0
2018,花蓮縣,醫療保健及社會工作服務業,家數,家,24, 
2018,臺東縣,醫療保健及社會工作服務業,家數,家,13,0
2018,金門縣,醫療保健及社會工作服務業,家數,家,,0
2018,連江縣,醫療保健及社會工作服務業,家數,家,0,0
2018,總計,藝術、娛樂及休閒服務業,家數,家,32742,167
2018,臺北市,藝術、娛樂及休閒服務業,家數,家,4837,64
2018,新北市,藝術、娛樂及休閒服務業,家數,家,4786,28
2018,桃園縣,藝術、娛樂及休閒服務業,家數,家,2833,13
2018,臺中市,藝術、娛樂及休閒服務業,家數,家,3845,13
2018,臺南市,藝術、娛樂及休閒服務業,家數,家,2448,6
2018,高雄市,藝術、娛樂及休閒服務業,家數,家,3518,11
2018,基隆市,藝術、娛樂及休閒服務業,家數,家,520,0
2018,宜蘭縣,藝術、娛樂及休閒服務業,家數,家,587, 
2018,新竹市,藝術、娛樂及休閒服務業,家數,家,643, 
2018,新竹縣,藝術、娛樂及休閒服務業,家數,家,791,6
2018,苗栗縣,藝術、娛樂及休閒服務業,家數,家,738, 
2018,彰化縣,藝術、娛樂及休閒服務業,家數,家,1605, 
2018,南投縣,藝術、娛樂及休閒服務業,家數,家,926, 
2018,雲林縣,藝術、娛樂及休閒服務業,家數,家,804, 
2018,嘉義市,藝術、娛樂及休閒服務業,家數,家,502, 
2018,嘉義縣,藝術、娛樂及休閒服務業,家數,家,513, 
2018,屏東縣,藝術、娛樂及休閒服務業,家數,家,1295, 
2018,澎湖縣,藝術、娛樂及休閒服務業,家數,家,147,0
2018,花蓮縣,藝術、娛樂及休閒服務業,家數,家,632, 
2018,臺東縣,藝術、娛樂及休閒服務業,家數,家,585,0
2018,金門縣,藝術、娛樂及休閒服務業,家數,家,144,0
2018,連江縣,藝術、娛樂及休閒服務業,家數,家,43,0
2018,總計,其他服務業,家數,家,86274,211
2018,臺北市,其他服務業,家數,家,10018,61
2018,新北市,其他服務業,家數,家,10013,30
2018,桃園縣,其他服務業,家數,家,7037,27
2018,臺中市,其他服務業,家數,家,11413,26
2018,臺南市,其他服務業,家數,家,8562, 
2018,高雄市,其他服務業,家數,家,11850,23
2018,基隆市,其他服務業,家數,家,1573, 
2018,宜蘭縣,其他服務業,家數,家,1819, 
2018,新竹市,其他服務業,家數,家,1878,6
2018,新竹縣,其他服務業,家數,家,1928, 
2018,苗栗縣,其他服務業,家數,家,2027, 
2018,彰化縣,其他服務業,家數,家,4897, 
2018,南投縣,其他服務業,家數,家,1727, 
2018,雲林縣,其他服務業,家數,家,2147, 
2018,嘉義市,其他服務業,家數,家,1672, 
2018,嘉義縣,其他服務業,家數,家,1502, 
2018,屏東縣,其他服務業,家數,家,3384, 
2018,澎湖縣,其他服務業,家數,家,318,0
2018,花蓮縣,其他服務業,家數,家,1294,0
2018,臺東縣,其他服務業,家數,家,863, 
2018,金門縣,其他服務業,家數,家,306,0
2018,連江縣,其他服務業,家數,家,46,0
2019,總計,農林漁牧業,家數,家,11328,81
2019,臺北市,農林漁牧業,家數,家,475,15
2019,新北市,農林漁牧業,家數,家,442, 
2019,桃園縣,農林漁牧業,家數,家,595,8
2019,臺中市,農林漁牧業,家數,家,578,6
2019,臺南市,農林漁牧業,家數,家,498,12
2019,高雄市,農林漁牧業,家數,家,3243,10
2019,基隆市,農林漁牧業,家數,家,32,0
2019,宜蘭縣,農林漁牧業,家數,家,820,0
2019,新竹市,農林漁牧業,家數,家,68, 
2019,新竹縣,農林漁牧業,家數,家,229,0
2019,苗栗縣,農林漁牧業,家數,家,270, 
2019,彰化縣,農林漁牧業,家數,家,928,6
2019,南投縣,農林漁牧業,家數,家,516, 
2019,雲林縣,農林漁牧業,家數,家,627, 
2019,嘉義市,農林漁牧業,家數,家,69,0
2019,嘉義縣,農林漁牧業,家數,家,452, 
2019,屏東縣,農林漁牧業,家數,家,695,9
2019,澎湖縣,農林漁牧業,家數,家,33,0
2019,花蓮縣,農林漁牧業,家數,家,360,0
2019,臺東縣,農林漁牧業,家數,家,346, 
2019,金門縣,農林漁牧業,家數,家,40,0
2019,連江縣,農林漁牧業,家數,家,12,0
2019,總計,礦業及土石採取業,家數,家,1024,27
2019,臺北市,礦業及土石採取業,家數,家,67,9
2019,新北市,礦業及土石採取業,家數,家,99, 
2019,桃園縣,礦業及土石採取業,家數,家,64, 
2019,臺中市,礦業及土石採取業,家數,家,93, 
2019,臺南市,礦業及土石採取業,家數,家,38,0
2019,高雄市,礦業及土石採取業,家數,家,103, 
2019,基隆市,礦業及土石採取業,家數,家,,0
2019,宜蘭縣,礦業及土石採取業,家數,家,93, 
2019,新竹市,礦業及土石採取業,家數,家,20,0
2019,新竹縣,礦業及土石採取業,家數,家,35, 
2019,苗栗縣,礦業及土石採取業,家數,家,69,0
2019,彰化縣,礦業及土石採取業,家數,家,20,0
2019,南投縣,礦業及土石採取業,家數,家,35, 
2019,雲林縣,礦業及土石採取業,家數,家,30,0
2019,嘉義市,礦業及土石採取業,家數,家,,0
2019,嘉義縣,礦業及土石採取業,家數,家,13,0
2019,屏東縣,礦業及土石採取業,家數,家,36,0
2019,澎湖縣,礦業及土石採取業,家數,家,7,0
2019,花蓮縣,礦業及土石採取業,家數,家,141, 
2019,臺東縣,礦業及土石採取業,家數,家,48, 
2019,金門縣,礦業及土石採取業,家數,家,,0
2019,連江縣,礦業及土石採取業,家數,家,0,0
2019,總計,製造業,家數,家,143699,6070
2019,臺北市,製造業,家數,家,7806,943
2019,新北市,製造業,家數,家,32499,1020
2019,桃園縣,製造業,家數,家,12361,869
2019,臺中市,製造業,家數,家,29741,749
2019,臺南市,製造業,家數,家,12831,524
2019,高雄市,製造業,家數,家,10362,534
2019,基隆市,製造業,家數,家,725,16
2019,宜蘭縣,製造業,家數,家,2119,62
2019,新竹市,製造業,家數,家,2306,232
2019,新竹縣,製造業,家數,家,2826,347
2019,苗栗縣,製造業,家數,家,2672,139
2019,彰化縣,製造業,家數,家,17388,319
2019,南投縣,製造業,家數,家,1800,77
2019,雲林縣,製造業,家數,家,2365,66
2019,嘉義市,製造業,家數,家,793,9
2019,嘉義縣,製造業,家數,家,1985,65
2019,屏東縣,製造業,家數,家,1627,87
2019,澎湖縣,製造業,家數,家,233,0
2019,花蓮縣,製造業,家數,家,672,9
2019,臺東縣,製造業,家數,家,376, 
2019,金門縣,製造業,家數,家,182, 
2019,連江縣,製造業,家數,家,30, 
2019,總計,電力及燃氣供應業,家數,家,1616,165
2019,臺北市,電力及燃氣供應業,家數,家,186,30
2019,新北市,電力及燃氣供應業,家數,家,113,17
2019,桃園縣,電力及燃氣供應業,家數,家,66,9
2019,臺中市,電力及燃氣供應業,家數,家,145,20
2019,臺南市,電力及燃氣供應業,家數,家,187,12
2019,高雄市,電力及燃氣供應業,家數,家,121,16
2019,基隆市,電力及燃氣供應業,家數,家,, 
2019,宜蘭縣,電力及燃氣供應業,家數,家,9, 
2019,新竹市,電力及燃氣供應業,家數,家,29,6
2019,新竹縣,電力及燃氣供應業,家數,家,51,7
2019,苗栗縣,電力及燃氣供應業,家數,家,37,6
2019,彰化縣,電力及燃氣供應業,家數,家,193,8
2019,南投縣,電力及燃氣供應業,家數,家,23, 
2019,雲林縣,電力及燃氣供應業,家數,家,175, 
2019,嘉義市,電力及燃氣供應業,家數,家,30, 
2019,嘉義縣,電力及燃氣供應業,家數,家,68, 
2019,屏東縣,電力及燃氣供應業,家數,家,148,6
2019,澎湖縣,電力及燃氣供應業,家數,家,0, 
2019,花蓮縣,電力及燃氣供應業,家數,家,11, 
2019,臺東縣,電力及燃氣供應業,家數,家,15, 
2019,金門縣,電力及燃氣供應業,家數,家,, 
2019,連江縣,電力及燃氣供應業,家數,家,0, 
2019,總計,用水供應及污染整治業,家數,家,7543,342
2019,臺北市,用水供應及污染整治業,家數,家,578,35
2019,新北市,用水供應及污染整治業,家數,家,994,37
2019,桃園縣,用水供應及污染整治業,家數,家,827,66
2019,臺中市,用水供應及污染整治業,家數,家,912,36
2019,臺南市,用水供應及污染整治業,家數,家,640,26
2019,高雄市,用水供應及污染整治業,家數,家,1192,61
2019,基隆市,用水供應及污染整治業,家數,家,120, 
2019,宜蘭縣,用水供應及污染整治業,家數,家,128, 
2019,新竹市,用水供應及污染整治業,家數,家,140,7
2019,新竹縣,用水供應及污染整治業,家數,家,163,7
2019,苗栗縣,用水供應及污染整治業,家數,家,235, 
2019,彰化縣,用水供應及污染整治業,家數,家,414,18
2019,南投縣,用水供應及污染整治業,家數,家,136, 
2019,雲林縣,用水供應及污染整治業,家數,家,249,10
2019,嘉義市,用水供應及污染整治業,家數,家,72, 
2019,嘉義縣,用水供應及污染整治業,家數,家,203,7
2019,屏東縣,用水供應及污染整治業,家數,家,320,12
2019,澎湖縣,用水供應及污染整治業,家數,家,18, 
2019,花蓮縣,用水供應及污染整治業,家數,家,109, 
2019,臺東縣,用水供應及污染整治業,家數,家,62, 
2019,金門縣,用水供應及污染整治業,家數,家,27, 
2019,連江縣,用水供應及污染整治業,家數,家,,0
2019,總計,營建工程業,家數,家,132951,1291
2019,臺北市,營建工程業,家數,家,11976,464
2019,新北市,營建工程業,家數,家,24816,211
2019,桃園縣,營建工程業,家數,家,12701,92
2019,臺中市,營建工程業,家數,家,17623,150
2019,臺南市,營建工程業,家數,家,8978,55
2019,高雄市,營建工程業,家數,家,16355,147
2019,基隆市,營建工程業,家數,家,2266, 
2019,宜蘭縣,營建工程業,家數,家,3513,23
2019,新竹市,營建工程業,家數,家,2638,28
2019,新竹縣,營建工程業,家數,家,3473,23
2019,苗栗縣,營建工程業,家數,家,3561,12
2019,彰化縣,營建工程業,家數,家,5705,13
2019,南投縣,營建工程業,家數,家,2618, 
2019,雲林縣,營建工程業,家數,家,3841,18
2019,嘉義市,營建工程業,家數,家,1320,11
2019,嘉義縣,營建工程業,家數,家,2519,7
2019,屏東縣,營建工程業,家數,家,3980,11
2019,澎湖縣,營建工程業,家數,家,561, 
2019,花蓮縣,營建工程業,家數,家,2341,7
2019,臺東縣,營建工程業,家數,家,1096, 
2019,金門縣,營建工程業,家數,家,929, 
2019,連江縣,營建工程業,家數,家,141, 
2019,總計,批發及零售業,家數,家,696666,18330
2019,臺北市,批發及零售業,家數,家,116267,5506
2019,新北市,批發及零售業,家數,家,106616,2958
2019,桃園縣,批發及零售業,家數,家,56203,1447
2019,臺中市,批發及零售業,家數,家,90296,2240
2019,臺南市,批發及零售業,家數,家,53917,1119
2019,高雄市,批發及零售業,家數,家,81207,2009
2019,基隆市,批發及零售業,家數,家,8498,85
2019,宜蘭縣,批發及零售業,家數,家,11911,173
2019,新竹市,批發及零售業,家數,家,12092,329
2019,新竹縣,批發及零售業,家數,家,12480,401
2019,苗栗縣,批發及零售業,家數,家,12487,182
2019,彰化縣,批發及零售業,家數,家,31761,618
2019,南投縣,批發及零售業,家數,家,12361,147
2019,雲林縣,批發及零售業,家數,家,16947,273
2019,嘉義市,批發及零售業,家數,家,8880,143
2019,嘉義縣,批發及零售業,家數,家,10300,162
2019,屏東縣,批發及零售業,家數,家,19249,337
2019,澎湖縣,批發及零售業,家數,家,2915,18
2019,花蓮縣,批發及零售業,家數,家,9477,103
2019,臺東縣,批發及零售業,家數,家,6169,56
2019,金門縣,批發及零售業,家數,家,16329,23
2019,連江縣,批發及零售業,家數,家,304, 
2019,總計,運輸及倉儲業,家數,家,33055,1248
2019,臺北市,運輸及倉儲業,家數,家,5425,499
2019,新北市,運輸及倉儲業,家數,家,6701,118
2019,桃園縣,運輸及倉儲業,家數,家,2684,120
2019,臺中市,運輸及倉儲業,家數,家,3574,99
2019,臺南市,運輸及倉儲業,家數,家,1425,32
2019,高雄市,運輸及倉儲業,家數,家,5340,179
2019,基隆市,運輸及倉儲業,家數,家,1227,41
2019,宜蘭縣,運輸及倉儲業,家數,家,676,18
2019,新竹市,運輸及倉儲業,家數,家,366,19
2019,新竹縣,運輸及倉儲業,家數,家,431,16
2019,苗栗縣,運輸及倉儲業,家數,家,449,9
2019,彰化縣,運輸及倉儲業,家數,家,1039,27
2019,南投縣,運輸及倉儲業,家數,家,465,7
2019,雲林縣,運輸及倉儲業,家數,家,538,17
2019,嘉義市,運輸及倉儲業,家數,家,362,10
2019,嘉義縣,運輸及倉儲業,家數,家,642,7
2019,屏東縣,運輸及倉儲業,家數,家,605, 
2019,澎湖縣,運輸及倉儲業,家數,家,252, 
2019,花蓮縣,運輸及倉儲業,家數,家,416,6
2019,臺東縣,運輸及倉儲業,家數,家,158, 
2019,金門縣,運輸及倉儲業,家數,家,185,8
2019,連江縣,運輸及倉儲業,家數,家,95, 
2019,總計,住宿及餐飲業,家數,家,168112,663
2019,臺北市,住宿及餐飲業,家數,家,23894,265
2019,新北市,住宿及餐飲業,家數,家,19495,54
2019,桃園縣,住宿及餐飲業,家數,家,12772,46
2019,臺中市,住宿及餐飲業,家數,家,21023,90
2019,臺南市,住宿及餐飲業,家數,家,16018,26
2019,高雄市,住宿及餐飲業,家數,家,20563,56
2019,基隆市,住宿及餐飲業,家數,家,2906, 
2019,宜蘭縣,住宿及餐飲業,家數,家,4089,19
2019,新竹市,住宿及餐飲業,家數,家,3625,15
2019,新竹縣,住宿及餐飲業,家數,家,3727,15
2019,苗栗縣,住宿及餐飲業,家數,家,3553, 
2019,彰化縣,住宿及餐飲業,家數,家,6342,9
2019,南投縣,住宿及餐飲業,家數,家,4200,12
2019,雲林縣,住宿及餐飲業,家數,家,3215, 
2019,嘉義市,住宿及餐飲業,家數,家,2829,6
2019,嘉義縣,住宿及餐飲業,家數,家,2583, 
2019,屏東縣,住宿及餐飲業,家數,家,7076,11
2019,澎湖縣,住宿及餐飲業,家數,家,1453, 
2019,花蓮縣,住宿及餐飲業,家數,家,4325,12
2019,臺東縣,住宿及餐飲業,家數,家,3110,11
2019,金門縣,住宿及餐飲業,家數,家,999, 
2019,連江縣,住宿及餐飲業,家數,家,315,0
2019,總計,出版、影音製作、傳播及資通訊服務業,家數,家,23325,909
2019,臺北市,出版、影音製作、傳播及資通訊服務業,家數,家,10380,599
2019,新北市,出版、影音製作、傳播及資通訊服務業,家數,家,3969,111
2019,桃園縣,出版、影音製作、傳播及資通訊服務業,家數,家,1199,25
2019,臺中市,出版、影音製作、傳播及資通訊服務業,家數,家,2613,47
2019,臺南市,出版、影音製作、傳播及資通訊服務業,家數,家,888,12
2019,高雄市,出版、影音製作、傳播及資通訊服務業,家數,家,1611,30
2019,基隆市,出版、影音製作、傳播及資通訊服務業,家數,家,172, 
2019,宜蘭縣,出版、影音製作、傳播及資通訊服務業,家數,家,187, 
2019,新竹市,出版、影音製作、傳播及資通訊服務業,家數,家,394,21
2019,新竹縣,出版、影音製作、傳播及資通訊服務業,家數,家,371,20
2019,苗栗縣,出版、影音製作、傳播及資通訊服務業,家數,家,183, 
2019,彰化縣,出版、影音製作、傳播及資通訊服務業,家數,家,321, 
2019,南投縣,出版、影音製作、傳播及資通訊服務業,家數,家,167, 
2019,雲林縣,出版、影音製作、傳播及資通訊服務業,家數,家,146, 
2019,嘉義市,出版、影音製作、傳播及資通訊服務業,家數,家,147, 
2019,嘉義縣,出版、影音製作、傳播及資通訊服務業,家數,家,91, 
2019,屏東縣,出版、影音製作、傳播及資通訊服務業,家數,家,184, 
2019,澎湖縣,出版、影音製作、傳播及資通訊服務業,家數,家,45, 
2019,花蓮縣,出版、影音製作、傳播及資通訊服務業,家數,家,129, 
2019,臺東縣,出版、影音製作、傳播及資通訊服務業,家數,家,68, 
2019,金門縣,出版、影音製作、傳播及資通訊服務業,家數,家,49, 
2019,連江縣,出版、影音製作、傳播及資通訊服務業,家數,家,11, 
2019,總計,金融及保險業,家數,家,18485,2755
2019,臺北市,金融及保險業,家數,家,7614,1181
2019,新北市,金融及保險業,家數,家,2478,347
2019,桃園縣,金融及保險業,家數,家,1105,177
2019,臺中市,金融及保險業,家數,家,1840,291
2019,臺南市,金融及保險業,家數,家,982,143
2019,高雄市,金融及保險業,家數,家,1663,227
2019,基隆市,金融及保險業,家數,家,119,10
2019,宜蘭縣,金融及保險業,家數,家,154,29
2019,新竹市,金融及保險業,家數,家,353,59
2019,新竹縣,金融及保險業,家數,家,297,37
2019,苗栗縣,金融及保險業,家數,家,145,29
2019,彰化縣,金融及保險業,家數,家,474,67
2019,南投縣,金融及保險業,家數,家,137,29
2019,雲林縣,金融及保險業,家數,家,201,31
2019,嘉義市,金融及保險業,家數,家,228,26
2019,嘉義縣,金融及保險業,家數,家,129,21
2019,屏東縣,金融及保險業,家數,家,272,30
2019,澎湖縣,金融及保險業,家數,家,31, 
2019,花蓮縣,金融及保險業,家數,家,127,12
2019,臺東縣,金融及保險業,家數,家,95,6
2019,金門縣,金融及保險業,家數,家,37, 
2019,連江縣,金融及保險業,家數,家,,0
2019,總計,不動產業,家數,家,38945,2013
2019,臺北市,不動產業,家數,家,8578,615
2019,新北市,不動產業,家數,家,5531,318
2019,桃園縣,不動產業,家數,家,3401,180
2019,臺中市,不動產業,家數,家,5979,308
2019,臺南市,不動產業,家數,家,2902,123
2019,高雄市,不動產業,家數,家,3519,176
2019,基隆市,不動產業,家數,家,292, 
2019,宜蘭縣,不動產業,家數,家,799,12
2019,新竹市,不動產業,家數,家,970,56
2019,新竹縣,不動產業,家數,家,1047,49
2019,苗栗縣,不動產業,家數,家,642,22
2019,彰化縣,不動產業,家數,家,1395,57
2019,南投縣,不動產業,家數,家,446,8
2019,雲林縣,不動產業,家數,家,620,23
2019,嘉義市,不動產業,家數,家,643,23
2019,嘉義縣,不動產業,家數,家,271, 
2019,屏東縣,不動產業,家數,家,675,15
2019,澎湖縣,不動產業,家數,家,189, 
2019,花蓮縣,不動產業,家數,家,539,11
2019,臺東縣,不動產業,家數,家,271, 
2019,金門縣,不動產業,家數,家,233, 
2019,連江縣,不動產業,家數,家,,0
2019,總計,專業、科學及技術服務業,家數,家,52751,923
2019,臺北市,專業、科學及技術服務業,家數,家,17886,574
2019,新北市,專業、科學及技術服務業,家數,家,8516,117
2019,桃園縣,專業、科學及技術服務業,家數,家,3557,40
2019,臺中市,專業、科學及技術服務業,家數,家,7127,51
2019,臺南市,專業、科學及技術服務業,家數,家,3002,18
2019,高雄市,專業、科學及技術服務業,家數,家,4654,34
2019,基隆市,專業、科學及技術服務業,家數,家,457,0
2019,宜蘭縣,專業、科學及技術服務業,家數,家,642, 
2019,新竹市,專業、科學及技術服務業,家數,家,913,28
2019,新竹縣,專業、科學及技術服務業,家數,家,915,40
2019,苗栗縣,專業、科學及技術服務業,家數,家,503, 
2019,彰化縣,專業、科學及技術服務業,家數,家,1159,7
2019,南投縣,專業、科學及技術服務業,家數,家,495, 
2019,雲林縣,專業、科學及技術服務業,家數,家,541,0
2019,嘉義市,專業、科學及技術服務業,家數,家,511, 
2019,嘉義縣,專業、科學及技術服務業,家數,家,306, 
2019,屏東縣,專業、科學及技術服務業,家數,家,658, 
2019,澎湖縣,專業、科學及技術服務業,家數,家,79,0
2019,花蓮縣,專業、科學及技術服務業,家數,家,390, 
2019,臺東縣,專業、科學及技術服務業,家數,家,260,0
2019,金門縣,專業、科學及技術服務業,家數,家,156,0
2019,連江縣,專業、科學及技術服務業,家數,家,24,0
2019,總計,支援服務業,家數,家,32607,595
2019,臺北市,支援服務業,家數,家,5465,241
2019,新北市,支援服務業,家數,家,4438,77
2019,桃園縣,支援服務業,家數,家,3204,53
2019,臺中市,支援服務業,家數,家,4430,63
2019,臺南市,支援服務業,家數,家,2402,23
2019,高雄市,支援服務業,家數,家,4001,64
2019,基隆市,支援服務業,家數,家,421, 
2019,宜蘭縣,支援服務業,家數,家,626, 
2019,新竹市,支援服務業,家數,家,695,21
2019,新竹縣,支援服務業,家數,家,576,12
2019,苗栗縣,支援服務業,家數,家,608, 
2019,彰化縣,支援服務業,家數,家,1023,10
2019,南投縣,支援服務業,家數,家,524, 
2019,雲林縣,支援服務業,家數,家,455,6
2019,嘉義市,支援服務業,家數,家,446, 
2019,嘉義縣,支援服務業,家數,家,492, 
2019,屏東縣,支援服務業,家數,家,931, 
2019,澎湖縣,支援服務業,家數,家,554,0
2019,花蓮縣,支援服務業,家數,家,570,0
2019,臺東縣,支援服務業,家數,家,451,0
2019,金門縣,支援服務業,家數,家,240, 
2019,連江縣,支援服務業,家數,家,55,0
2019,總計,教育業,家數,家,4378,23
2019,臺北市,教育業,家數,家,1171,17
2019,新北市,教育業,家數,家,527, 
2019,桃園縣,教育業,家數,家,296, 
2019,臺中市,教育業,家數,家,534, 
2019,臺南市,教育業,家數,家,294,0
2019,高雄市,教育業,家數,家,485, 
2019,基隆市,教育業,家數,家,41,0
2019,宜蘭縣,教育業,家數,家,43,0
2019,新竹市,教育業,家數,家,139,0
2019,新竹縣,教育業,家數,家,138,0
2019,苗栗縣,教育業,家數,家,56,0
2019,彰化縣,教育業,家數,家,158,0
2019,南投縣,教育業,家數,家,58,0
2019,雲林縣,教育業,家數,家,59,0
2019,嘉義市,教育業,家數,家,69,0
2019,嘉義縣,教育業,家數,家,32,0
2019,屏東縣,教育業,家數,家,149,0
2019,澎湖縣,教育業,家數,家,18,0
2019,花蓮縣,教育業,家數,家,55,0
2019,臺東縣,教育業,家數,家,36,0
2019,金門縣,教育業,家數,家,14,0
2019,連江縣,教育業,家數,家,6,0
2019,總計,醫療保健及社會工作服務業,家數,家,1200,186
2019,臺北市,醫療保健及社會工作服務業,家數,家,269,70
2019,新北市,醫療保健及社會工作服務業,家數,家,134,30
2019,桃園縣,醫療保健及社會工作服務業,家數,家,73,14
2019,臺中市,醫療保健及社會工作服務業,家數,家,179,15
2019,臺南市,醫療保健及社會工作服務業,家數,家,84,9
2019,高雄市,醫療保健及社會工作服務業,家數,家,175,17
2019,基隆市,醫療保健及社會工作服務業,家數,家,12, 
2019,宜蘭縣,醫療保健及社會工作服務業,家數,家,42, 
2019,新竹市,醫療保健及社會工作服務業,家數,家,17, 
2019,新竹縣,醫療保健及社會工作服務業,家數,家,30,6
2019,苗栗縣,醫療保健及社會工作服務業,家數,家,15, 
2019,彰化縣,醫療保健及社會工作服務業,家數,家,36, 
2019,南投縣,醫療保健及社會工作服務業,家數,家,11, 
2019,雲林縣,醫療保健及社會工作服務業,家數,家,13, 
2019,嘉義市,醫療保健及社會工作服務業,家數,家,18, 
2019,嘉義縣,醫療保健及社會工作服務業,家數,家,10, 
2019,屏東縣,醫療保健及社會工作服務業,家數,家,42, 
2019,澎湖縣,醫療保健及社會工作服務業,家數,家,,0
2019,花蓮縣,醫療保健及社會工作服務業,家數,家,25, 
2019,臺東縣,醫療保健及社會工作服務業,家數,家,11,0
2019,金門縣,醫療保健及社會工作服務業,家數,家,,0
2019,連江縣,醫療保健及社會工作服務業,家數,家,0,0
2019,總計,藝術、娛樂及休閒服務業,家數,家,35777,186
2019,臺北市,藝術、娛樂及休閒服務業,家數,家,5141,70
2019,新北市,藝術、娛樂及休閒服務業,家數,家,5304,30
2019,桃園縣,藝術、娛樂及休閒服務業,家數,家,3104,14
2019,臺中市,藝術、娛樂及休閒服務業,家數,家,4240,15
2019,臺南市,藝術、娛樂及休閒服務業,家數,家,2692,9
2019,高雄市,藝術、娛樂及休閒服務業,家數,家,3934,17
2019,基隆市,藝術、娛樂及休閒服務業,家數,家,591, 
2019,宜蘭縣,藝術、娛樂及休閒服務業,家數,家,645, 
2019,新竹市,藝術、娛樂及休閒服務業,家數,家,670, 
2019,新竹縣,藝術、娛樂及休閒服務業,家數,家,861,6
2019,苗栗縣,藝術、娛樂及休閒服務業,家數,家,835, 
2019,彰化縣,藝術、娛樂及休閒服務業,家數,家,1773, 
2019,南投縣,藝術、娛樂及休閒服務業,家數,家,953, 
2019,雲林縣,藝術、娛樂及休閒服務業,家數,家,857, 
2019,嘉義市,藝術、娛樂及休閒服務業,家數,家,510, 
2019,嘉義縣,藝術、娛樂及休閒服務業,家數,家,566, 
2019,屏東縣,藝術、娛樂及休閒服務業,家數,家,1396, 
2019,澎湖縣,藝術、娛樂及休閒服務業,家數,家,174,0
2019,花蓮縣,藝術、娛樂及休閒服務業,家數,家,679, 
2019,臺東縣,藝術、娛樂及休閒服務業,家數,家,649,0
2019,金門縣,藝術、娛樂及休閒服務業,家數,家,156,0
2019,連江縣,藝術、娛樂及休閒服務業,家數,家,47,0
2019,總計,其他服務業,家數,家,87958,212
2019,臺北市,其他服務業,家數,家,10177,61
2019,新北市,其他服務業,家數,家,10304,31
2019,桃園縣,其他服務業,家數,家,7231,28
2019,臺中市,其他服務業,家數,家,11718,24
2019,臺南市,其他服務業,家數,家,8629,7
2019,高雄市,其他服務業,家數,家,12031,25
2019,基隆市,其他服務業,家數,家,1624, 
2019,宜蘭縣,其他服務業,家數,家,1851, 
2019,新竹市,其他服務業,家數,家,1882, 
2019,新竹縣,其他服務業,家數,家,1973, 
2019,苗栗縣,其他服務業,家數,家,2048, 
2019,彰化縣,其他服務業,家數,家,4993, 
2019,南投縣,其他服務業,家數,家,1762, 
2019,雲林縣,其他服務業,家數,家,2191, 
2019,嘉義市,其他服務業,家數,家,1688, 
2019,嘉義縣,其他服務業,家數,家,1533, 
2019,屏東縣,其他服務業,家數,家,3421, 
2019,澎湖縣,其他服務業,家數,家,317,0
2019,花蓮縣,其他服務業,家數,家,1311,0
2019,臺東縣,其他服務業,家數,家,892, 
2019,金門縣,其他服務業,家數,家,336,0
2019,連江縣,其他服務業,家數,家,46,0
2020,總計,農林漁牧業,家數,家,11779,85
2020,臺北市,農林漁牧業,家數,家,454,28
2020,新北市,農林漁牧業,家數,家,445,10
2020,桃園縣,農林漁牧業,家數,家,605, 
2020,臺中市,農林漁牧業,家數,家,602,6
2020,臺南市,農林漁牧業,家數,家,512,8
2020,高雄市,農林漁牧業,家數,家,3196,12
2020,基隆市,農林漁牧業,家數,家,29,0
2020,宜蘭縣,農林漁牧業,家數,家,790,0
2020,新竹市,農林漁牧業,家數,家,68,0
2020,新竹縣,農林漁牧業,家數,家,239, 
2020,苗栗縣,農林漁牧業,家數,家,274, 
2020,彰化縣,農林漁牧業,家數,家,1040, 
2020,南投縣,農林漁牧業,家數,家,550,0
2020,雲林縣,農林漁牧業,家數,家,718, 
2020,嘉義市,農林漁牧業,家數,家,64, 
2020,嘉義縣,農林漁牧業,家數,家,524, 
2020,屏東縣,農林漁牧業,家數,家,756, 
2020,澎湖縣,農林漁牧業,家數,家,34,0
2020,花蓮縣,農林漁牧業,家數,家,421, 
2020,臺東縣,農林漁牧業,家數,家,403, 
2020,金門縣,農林漁牧業,家數,家,44,0
2020,連江縣,農林漁牧業,家數,家,11,0
2020,總計,礦業及土石採取業,家數,家,1043,24
2020,臺北市,礦業及土石採取業,家數,家,67,9
2020,新北市,礦業及土石採取業,家數,家,90, 
2020,桃園縣,礦業及土石採取業,家數,家,67, 
2020,臺中市,礦業及土石採取業,家數,家,101, 
2020,臺南市,礦業及土石採取業,家數,家,38,0
2020,高雄市,礦業及土石採取業,家數,家,107, 
2020,基隆市,礦業及土石採取業,家數,家,,0
2020,宜蘭縣,礦業及土石採取業,家數,家,92, 
2020,新竹市,礦業及土石採取業,家數,家,19,0
2020,新竹縣,礦業及土石採取業,家數,家,39,0
2020,苗栗縣,礦業及土石採取業,家數,家,73,0
2020,彰化縣,礦業及土石採取業,家數,家,21, 
2020,南投縣,礦業及土石採取業,家數,家,40, 
2020,雲林縣,礦業及土石採取業,家數,家,31,0
2020,嘉義市,礦業及土石採取業,家數,家,,0
2020,嘉義縣,礦業及土石採取業,家數,家,14,0
2020,屏東縣,礦業及土石採取業,家數,家,36,0
2020,澎湖縣,礦業及土石採取業,家數,家,6,0
2020,花蓮縣,礦業及土石採取業,家數,家,137, 
2020,臺東縣,礦業及土石採取業,家數,家,54, 
2020,金門縣,礦業及土石採取業,家數,家,,0
2020,連江縣,礦業及土石採取業,家數,家,0,0
2020,總計,製造業,家數,家,144647,5197
2020,臺北市,製造業,家數,家,7853,846
2020,新北市,製造業,家數,家,32364,863
2020,桃園縣,製造業,家數,家,12579,750
2020,臺中市,製造業,家數,家,29728,614
2020,臺南市,製造業,家數,家,12966,429
2020,高雄市,製造業,家數,家,10641,466
2020,基隆市,製造業,家數,家,698,14
2020,宜蘭縣,製造業,家數,家,2125,44
2020,新竹市,製造業,家數,家,2348,219
2020,新竹縣,製造業,家數,家,2859,320
2020,苗栗縣,製造業,家數,家,2695,120
2020,彰化縣,製造業,家數,家,17524,263
2020,南投縣,製造業,家數,家,1803,66
2020,雲林縣,製造業,家數,家,2392,56
2020,嘉義市,製造業,家數,家,806,6
2020,嘉義縣,製造業,家數,家,2029,44
2020,屏東縣,製造業,家數,家,1693,70
2020,澎湖縣,製造業,家數,家,239,0
2020,花蓮縣,製造業,家數,家,694, 
2020,臺東縣,製造業,家數,家,398,0
2020,金門縣,製造業,家數,家,184, 
2020,連江縣,製造業,家數,家,29, 
2020,總計,電力及燃氣供應業,家數,家,1992,142
2020,臺北市,電力及燃氣供應業,家數,家,223,45
2020,新北市,電力及燃氣供應業,家數,家,151,9
2020,桃園縣,電力及燃氣供應業,家數,家,75,6
2020,臺中市,電力及燃氣供應業,家數,家,193,9
2020,臺南市,電力及燃氣供應業,家數,家,217,15
2020,高雄市,電力及燃氣供應業,家數,家,150,8
2020,基隆市,電力及燃氣供應業,家數,家,6, 
2020,宜蘭縣,電力及燃氣供應業,家數,家,15, 
2020,新竹市,電力及燃氣供應業,家數,家,33, 
2020,新竹縣,電力及燃氣供應業,家數,家,69,8
2020,苗栗縣,電力及燃氣供應業,家數,家,60, 
2020,彰化縣,電力及燃氣供應業,家數,家,227,16
2020,南投縣,電力及燃氣供應業,家數,家,47, 
2020,雲林縣,電力及燃氣供應業,家數,家,205, 
2020,嘉義市,電力及燃氣供應業,家數,家,22, 
2020,嘉義縣,電力及燃氣供應業,家數,家,85, 
2020,屏東縣,電力及燃氣供應業,家數,家,176,7
2020,澎湖縣,電力及燃氣供應業,家數,家,,0
2020,花蓮縣,電力及燃氣供應業,家數,家,14, 
2020,臺東縣,電力及燃氣供應業,家數,家,17,0
2020,金門縣,電力及燃氣供應業,家數,家,,0
2020,連江縣,電力及燃氣供應業,家數,家,,0
2020,總計,用水供應及污染整治業,家數,家,7907,108
2020,臺北市,用水供應及污染整治業,家數,家,591,20
2020,新北市,用水供應及污染整治業,家數,家,1053,7
2020,桃園縣,用水供應及污染整治業,家數,家,881,20
2020,臺中市,用水供應及污染整治業,家數,家,964,12
2020,臺南市,用水供應及污染整治業,家數,家,674,6
2020,高雄市,用水供應及污染整治業,家數,家,1242,27
2020,基隆市,用水供應及污染整治業,家數,家,126,0
2020,宜蘭縣,用水供應及污染整治業,家數,家,127, 
2020,新竹市,用水供應及污染整治業,家數,家,146, 
2020,新竹縣,用水供應及污染整治業,家數,家,173, 
2020,苗栗縣,用水供應及污染整治業,家數,家,237,0
2020,彰化縣,用水供應及污染整治業,家數,家,441, 
2020,南投縣,用水供應及污染整治業,家數,家,153,0
2020,雲林縣,用水供應及污染整治業,家數,家,252, 
2020,嘉義市,用水供應及污染整治業,家數,家,74,0
2020,嘉義縣,用水供應及污染整治業,家數,家,203, 
2020,屏東縣,用水供應及污染整治業,家數,家,328,6
2020,澎湖縣,用水供應及污染整治業,家數,家,22,0
2020,花蓮縣,用水供應及污染整治業,家數,家,118,0
2020,臺東縣,用水供應及污染整治業,家數,家,67,0
2020,金門縣,用水供應及污染整治業,家數,家,31,0
2020,連江縣,用水供應及污染整治業,家數,家,,0
2020,總計,營建工程業,家數,家,138757,855
2020,臺北市,營建工程業,家數,家,12134,338
2020,新北市,營建工程業,家數,家,25652,133
2020,桃園縣,營建工程業,家數,家,13320,61
2020,臺中市,營建工程業,家數,家,18591,93
2020,臺南市,營建工程業,家數,家,9586,39
2020,高雄市,營建工程業,家數,家,17101,102
2020,基隆市,營建工程業,家數,家,2331, 
2020,宜蘭縣,營建工程業,家數,家,3619,9
2020,新竹市,營建工程業,家數,家,2777,17
2020,新竹縣,營建工程業,家數,家,3609,19
2020,苗栗縣,營建工程業,家數,家,3643,8
2020,彰化縣,營建工程業,家數,家,6023, 
2020,南投縣,營建工程業,家數,家,2708, 
2020,雲林縣,營建工程業,家數,家,4090,8
2020,嘉義市,營建工程業,家數,家,1395, 
2020,嘉義縣,營建工程業,家數,家,2703,0
2020,屏東縣,營建工程業,家數,家,4228,8
2020,澎湖縣,營建工程業,家數,家,582,0
2020,花蓮縣,營建工程業,家數,家,2418, 
2020,臺東縣,營建工程業,家數,家,1172, 
2020,金門縣,營建工程業,家數,家,936, 
2020,連江縣,營建工程業,家數,家,139, 
2020,總計,批發及零售業,家數,家,720674,3746
2020,臺北市,批發及零售業,家數,家,118935,1819
2020,新北市,批發及零售業,家數,家,111466,640
2020,桃園縣,批發及零售業,家數,家,58900,253
2020,臺中市,批發及零售業,家數,家,94355,237
2020,臺南市,批發及零售業,家數,家,55806,146
2020,高雄市,批發及零售業,家數,家,83980,239
2020,基隆市,批發及零售業,家數,家,8619, 
2020,宜蘭縣,批發及零售業,家數,家,12188,10
2020,新竹市,批發及零售業,家數,家,12506,96
2020,新竹縣,批發及零售業,家數,家,13145,112
2020,苗栗縣,批發及零售業,家數,家,12891,22
2020,彰化縣,批發及零售業,家數,家,32703,57
2020,南投縣,批發及零售業,家數,家,12598,8
2020,雲林縣,批發及零售業,家數,家,17306,19
2020,嘉義市,批發及零售業,家數,家,9128,13
2020,嘉義縣,批發及零售業,家數,家,10672,9
2020,屏東縣,批發及零售業,家數,家,19923,38
2020,澎湖縣,批發及零售業,家數,家,2967, 
2020,花蓮縣,批發及零售業,家數,家,9671,10
2020,臺東縣,批發及零售業,家數,家,6311, 
2020,金門縣,批發及零售業,家數,家,16285,7
2020,連江縣,批發及零售業,家數,家,319,0
2020,總計,運輸及倉儲業,家數,家,34877,328
2020,臺北市,運輸及倉儲業,家數,家,5801,112
2020,新北市,運輸及倉儲業,家數,家,6940,41
2020,桃園縣,運輸及倉儲業,家數,家,2980,35
2020,臺中市,運輸及倉儲業,家數,家,3794,33
2020,臺南市,運輸及倉儲業,家數,家,1535,8
2020,高雄市,運輸及倉儲業,家數,家,5589,45
2020,基隆市,運輸及倉儲業,家數,家,1254,16
2020,宜蘭縣,運輸及倉儲業,家數,家,694, 
2020,新竹市,運輸及倉儲業,家數,家,400, 
2020,新竹縣,運輸及倉儲業,家數,家,461,9
2020,苗栗縣,運輸及倉儲業,家數,家,494,0
2020,彰化縣,運輸及倉儲業,家數,家,1094, 
2020,南投縣,運輸及倉儲業,家數,家,485, 
2020,雲林縣,運輸及倉儲業,家數,家,566, 
2020,嘉義市,運輸及倉儲業,家數,家,370, 
2020,嘉義縣,運輸及倉儲業,家數,家,648,0
2020,屏東縣,運輸及倉儲業,家數,家,639, 
2020,澎湖縣,運輸及倉儲業,家數,家,249, 
2020,花蓮縣,運輸及倉儲業,家數,家,435, 
2020,臺東縣,運輸及倉儲業,家數,家,161, 
2020,金門縣,運輸及倉儲業,家數,家,191,0
2020,連江縣,運輸及倉儲業,家數,家,97, 
2020,總計,住宿及餐飲業,家數,家,175580,454
2020,臺北市,住宿及餐飲業,家數,家,24600,191
2020,新北市,住宿及餐飲業,家數,家,20694,34
2020,桃園縣,住宿及餐飲業,家數,家,13609,18
2020,臺中市,住宿及餐飲業,家數,家,21901,46
2020,臺南市,住宿及餐飲業,家數,家,16670,22
2020,高雄市,住宿及餐飲業,家數,家,21308,36
2020,基隆市,住宿及餐飲業,家數,家,2963, 
2020,宜蘭縣,住宿及餐飲業,家數,家,4283,19
2020,新竹市,住宿及餐飲業,家數,家,3826,6
2020,新竹縣,住宿及餐飲業,家數,家,3923, 
2020,苗栗縣,住宿及餐飲業,家數,家,3674,7
2020,彰化縣,住宿及餐飲業,家數,家,6552, 
2020,南投縣,住宿及餐飲業,家數,家,4381,14
2020,雲林縣,住宿及餐飲業,家數,家,3307, 
2020,嘉義市,住宿及餐飲業,家數,家,2896,13
2020,嘉義縣,住宿及餐飲業,家數,家,2678, 
2020,屏東縣,住宿及餐飲業,家數,家,7411,6
2020,澎湖縣,住宿及餐飲業,家數,家,1617, 
2020,花蓮縣,住宿及餐飲業,家數,家,4539,8
2020,臺東縣,住宿及餐飲業,家數,家,3297,10
2020,金門縣,住宿及餐飲業,家數,家,1108, 
2020,連江縣,住宿及餐飲業,家數,家,343,0
2020,總計,出版、影音製作、傳播及資通訊服務業,家數,家,25042,557
2020,臺北市,出版、影音製作、傳播及資通訊服務業,家數,家,11220,344
2020,新北市,出版、影音製作、傳播及資通訊服務業,家數,家,4210,92
2020,桃園縣,出版、影音製作、傳播及資通訊服務業,家數,家,1304,7
2020,臺中市,出版、影音製作、傳播及資通訊服務業,家數,家,2839,26
2020,臺南市,出版、影音製作、傳播及資通訊服務業,家數,家,929,8
2020,高雄市,出版、影音製作、傳播及資通訊服務業,家數,家,1708,17
2020,基隆市,出版、影音製作、傳播及資通訊服務業,家數,家,185, 
2020,宜蘭縣,出版、影音製作、傳播及資通訊服務業,家數,家,200, 
2020,新竹市,出版、影音製作、傳播及資通訊服務業,家數,家,430,18
2020,新竹縣,出版、影音製作、傳播及資通訊服務業,家數,家,391,21
2020,苗栗縣,出版、影音製作、傳播及資通訊服務業,家數,家,194, 
2020,彰化縣,出版、影音製作、傳播及資通訊服務業,家數,家,340, 
2020,南投縣,出版、影音製作、傳播及資通訊服務業,家數,家,176, 
2020,雲林縣,出版、影音製作、傳播及資通訊服務業,家數,家,155, 
2020,嘉義市,出版、影音製作、傳播及資通訊服務業,家數,家,147, 
2020,嘉義縣,出版、影音製作、傳播及資通訊服務業,家數,家,99, 
2020,屏東縣,出版、影音製作、傳播及資通訊服務業,家數,家,188, 
2020,澎湖縣,出版、影音製作、傳播及資通訊服務業,家數,家,48, 
2020,花蓮縣,出版、影音製作、傳播及資通訊服務業,家數,家,143, 
2020,臺東縣,出版、影音製作、傳播及資通訊服務業,家數,家,73, 
2020,金門縣,出版、影音製作、傳播及資通訊服務業,家數,家,53, 
2020,連江縣,出版、影音製作、傳播及資通訊服務業,家數,家,10,0
2020,總計,金融及保險業,家數,家,20320,1939
2020,臺北市,金融及保險業,家數,家,7775,1353
2020,新北市,金融及保險業,家數,家,2884,149
2020,桃園縣,金融及保險業,家數,家,1315,47
2020,臺中市,金融及保險業,家數,家,2118,123
2020,臺南市,金融及保險業,家數,家,1116,54
2020,高雄市,金融及保險業,家數,家,1850,92
2020,基隆市,金融及保險業,家數,家,156, 
2020,宜蘭縣,金融及保險業,家數,家,186, 
2020,新竹市,金融及保險業,家數,家,414,26
2020,新竹縣,金融及保險業,家數,家,359,20
2020,苗栗縣,金融及保險業,家數,家,174, 
2020,彰化縣,金融及保險業,家數,家,526,22
2020,南投縣,金融及保險業,家數,家,165,8
2020,雲林縣,金融及保險業,家數,家,231, 
2020,嘉義市,金融及保險業,家數,家,254,14
2020,嘉義縣,金融及保險業,家數,家,150, 
2020,屏東縣,金融及保險業,家數,家,305, 
2020,澎湖縣,金融及保險業,家數,家,33, 
2020,花蓮縣,金融及保險業,家數,家,157, 
2020,臺東縣,金融及保險業,家數,家,104,0
2020,金門縣,金融及保險業,家數,家,44, 
2020,連江縣,金融及保險業,家數,家,,0
2020,總計,不動產業,家數,家,41730,2329
2020,臺北市,不動產業,家數,家,8301,1176
2020,新北市,不動產業,家數,家,5930,366
2020,桃園縣,不動產業,家數,家,3861,111
2020,臺中市,不動產業,家數,家,6682,265
2020,臺南市,不動產業,家數,家,3208,80
2020,高雄市,不動產業,家數,家,3858,144
2020,基隆市,不動產業,家數,家,306,8
2020,宜蘭縣,不動產業,家數,家,879,10
2020,新竹市,不動產業,家數,家,1032,49
2020,新竹縣,不動產業,家數,家,1145,26
2020,苗栗縣,不動產業,家數,家,677,10
2020,彰化縣,不動產業,家數,家,1551,28
2020,南投縣,不動產業,家數,家,473, 
2020,雲林縣,不動產業,家數,家,707, 
2020,嘉義市,不動產業,家數,家,729,22
2020,嘉義縣,不動產業,家數,家,307,6
2020,屏東縣,不動產業,家數,家,753,10
2020,澎湖縣,不動產業,家數,家,214, 
2020,花蓮縣,不動產業,家數,家,604, 
2020,臺東縣,不動產業,家數,家,274, 
2020,金門縣,不動產業,家數,家,236, 
2020,連江縣,不動產業,家數,家,,0
2020,總計,專業、科學及技術服務業,家數,家,56247,599
2020,臺北市,專業、科學及技術服務業,家數,家,18969,329
2020,新北市,專業、科學及技術服務業,家數,家,9143,82
2020,桃園縣,專業、科學及技術服務業,家數,家,3772,24
2020,臺中市,專業、科學及技術服務業,家數,家,7769,23
2020,臺南市,專業、科學及技術服務業,家數,家,3206,14
2020,高雄市,專業、科學及技術服務業,家數,家,4892,23
2020,基隆市,專業、科學及技術服務業,家數,家,487,0
2020,宜蘭縣,專業、科學及技術服務業,家數,家,695, 
2020,新竹市,專業、科學及技術服務業,家數,家,970,36
2020,新竹縣,專業、科學及技術服務業,家數,家,995,43
2020,苗栗縣,專業、科學及技術服務業,家數,家,529, 
2020,彰化縣,專業、科學及技術服務業,家數,家,1223, 
2020,南投縣,專業、科學及技術服務業,家數,家,518,0
2020,雲林縣,專業、科學及技術服務業,家數,家,575, 
2020,嘉義市,專業、科學及技術服務業,家數,家,517,6
2020,嘉義縣,專業、科學及技術服務業,家數,家,330,0
2020,屏東縣,專業、科學及技術服務業,家數,家,685,6
2020,澎湖縣,專業、科學及技術服務業,家數,家,90,0
2020,花蓮縣,專業、科學及技術服務業,家數,家,428, 
2020,臺東縣,專業、科學及技術服務業,家數,家,263,0
2020,金門縣,專業、科學及技術服務業,家數,家,165,0
2020,連江縣,專業、科學及技術服務業,家數,家,26,0
2020,總計,支援服務業,家數,家,33854,173
2020,臺北市,支援服務業,家數,家,5661,105
2020,新北市,支援服務業,家數,家,4641,15
2020,桃園縣,支援服務業,家數,家,3316,9
2020,臺中市,支援服務業,家數,家,4628,9
2020,臺南市,支援服務業,家數,家,2502, 
2020,高雄市,支援服務業,家數,家,4117,17
2020,基隆市,支援服務業,家數,家,433, 
2020,宜蘭縣,支援服務業,家數,家,633, 
2020,新竹市,支援服務業,家數,家,725, 
2020,新竹縣,支援服務業,家數,家,598, 
2020,苗栗縣,支援服務業,家數,家,597,0
2020,彰化縣,支援服務業,家數,家,1082, 
2020,南投縣,支援服務業,家數,家,523,0
2020,雲林縣,支援服務業,家數,家,482,0
2020,嘉義市,支援服務業,家數,家,462, 
2020,嘉義縣,支援服務業,家數,家,524,0
2020,屏東縣,支援服務業,家數,家,948, 
2020,澎湖縣,支援服務業,家數,家,609, 
2020,花蓮縣,支援服務業,家數,家,592,0
2020,臺東縣,支援服務業,家數,家,466,0
2020,金門縣,支援服務業,家數,家,252,0
2020,連江縣,支援服務業,家數,家,63,0
2020,總計,教育業,家數,家,5044,23
2020,臺北市,教育業,家數,家,1300,14
2020,新北市,教育業,家數,家,627, 
2020,桃園縣,教育業,家數,家,342, 
2020,臺中市,教育業,家數,家,607, 
2020,臺南市,教育業,家數,家,359, 
2020,高雄市,教育業,家數,家,556, 
2020,基隆市,教育業,家數,家,53,0
2020,宜蘭縣,教育業,家數,家,54,0
2020,新竹市,教育業,家數,家,177,0
2020,新竹縣,教育業,家數,家,167,0
2020,苗栗縣,教育業,家數,家,67,0
2020,彰化縣,教育業,家數,家,173,0
2020,南投縣,教育業,家數,家,61,0
2020,雲林縣,教育業,家數,家,64,0
2020,嘉義市,教育業,家數,家,80,0
2020,嘉義縣,教育業,家數,家,37,0
2020,屏東縣,教育業,家數,家,177,0
2020,澎湖縣,教育業,家數,家,17,0
2020,花蓮縣,教育業,家數,家,66,0
2020,臺東縣,教育業,家數,家,39,0
2020,金門縣,教育業,家數,家,13,0
2020,連江縣,教育業,家數,家,8,0
2020,總計,醫療保健及社會工作服務業,家數,家,1411,26
2020,臺北市,醫療保健及社會工作服務業,家數,家,304,16
2020,新北市,醫療保健及社會工作服務業,家數,家,165, 
2020,桃園縣,醫療保健及社會工作服務業,家數,家,78,0
2020,臺中市,醫療保健及社會工作服務業,家數,家,216, 
2020,臺南市,醫療保健及社會工作服務業,家數,家,103, 
2020,高雄市,醫療保健及社會工作服務業,家數,家,211, 
2020,基隆市,醫療保健及社會工作服務業,家數,家,13,0
2020,宜蘭縣,醫療保健及社會工作服務業,家數,家,45,0
2020,新竹市,醫療保健及社會工作服務業,家數,家,23,0
2020,新竹縣,醫療保健及社會工作服務業,家數,家,34, 
2020,苗栗縣,醫療保健及社會工作服務業,家數,家,17, 
2020,彰化縣,醫療保健及社會工作服務業,家數,家,37,0
2020,南投縣,醫療保健及社會工作服務業,家數,家,17,0
2020,雲林縣,醫療保健及社會工作服務業,家數,家,18,0
2020,嘉義市,醫療保健及社會工作服務業,家數,家,18,0
2020,嘉義縣,醫療保健及社會工作服務業,家數,家,12,0
2020,屏東縣,醫療保健及社會工作服務業,家數,家,48,0
2020,澎湖縣,醫療保健及社會工作服務業,家數,家,,0
2020,花蓮縣,醫療保健及社會工作服務業,家數,家,30, 
2020,臺東縣,醫療保健及社會工作服務業,家數,家,13,0
2020,金門縣,醫療保健及社會工作服務業,家數,家,7,0
2020,連江縣,醫療保健及社會工作服務業,家數,家,0,0
2020,總計,藝術、娛樂及休閒服務業,家數,家,37593,124
2020,臺北市,藝術、娛樂及休閒服務業,家數,家,5342,50
2020,新北市,藝術、娛樂及休閒服務業,家數,家,5661,16
2020,桃園縣,藝術、娛樂及休閒服務業,家數,家,3210,9
2020,臺中市,藝術、娛樂及休閒服務業,家數,家,4501,16
2020,臺南市,藝術、娛樂及休閒服務業,家數,家,2836, 
2020,高雄市,藝術、娛樂及休閒服務業,家數,家,4228, 
2020,基隆市,藝術、娛樂及休閒服務業,家數,家,612, 
2020,宜蘭縣,藝術、娛樂及休閒服務業,家數,家,694, 
2020,新竹市,藝術、娛樂及休閒服務業,家數,家,667,0
2020,新竹縣,藝術、娛樂及休閒服務業,家數,家,898,7
2020,苗栗縣,藝術、娛樂及休閒服務業,家數,家,881, 
2020,彰化縣,藝術、娛樂及休閒服務業,家數,家,1817, 
2020,南投縣,藝術、娛樂及休閒服務業,家數,家,963, 
2020,雲林縣,藝術、娛樂及休閒服務業,家數,家,861, 
2020,嘉義市,藝術、娛樂及休閒服務業,家數,家,511,0
2020,嘉義縣,藝術、娛樂及休閒服務業,家數,家,602, 
2020,屏東縣,藝術、娛樂及休閒服務業,家數,家,1530, 
2020,澎湖縣,藝術、娛樂及休閒服務業,家數,家,189,0
2020,花蓮縣,藝術、娛樂及休閒服務業,家數,家,714, 
2020,臺東縣,藝術、娛樂及休閒服務業,家數,家,671, 
2020,金門縣,藝術、娛樂及休閒服務業,家數,家,163,0
2020,連江縣,藝術、娛樂及休閒服務業,家數,家,42,0
2020,總計,其他服務業,家數,家,90338,93
2020,臺北市,其他服務業,家數,家,10279,47
2020,新北市,其他服務業,家數,家,10706,15
2020,桃園縣,其他服務業,家數,家,7495,6
2020,臺中市,其他服務業,家數,家,12108, 
2020,臺南市,其他服務業,家數,家,8948, 
2020,高雄市,其他服務業,家數,家,12390,6
2020,基隆市,其他服務業,家數,家,1679, 
2020,宜蘭縣,其他服務業,家數,家,1886, 
2020,新竹市,其他服務業,家數,家,1922,0
2020,新竹縣,其他服務業,家數,家,2073, 
2020,苗栗縣,其他服務業,家數,家,2078, 
2020,彰化縣,其他服務業,家數,家,5075, 
2020,南投縣,其他服務業,家數,家,1772, 
2020,雲林縣,其他服務業,家數,家,2207,0
2020,嘉義市,其他服務業,家數,家,1698,0
2020,嘉義縣,其他服務業,家數,家,1567, 
2020,屏東縣,其他服務業,家數,家,3480, 
2020,澎湖縣,其他服務業,家數,家,322,0
2020,花蓮縣,其他服務業,家數,家,1337,0
2020,臺東縣,其他服務業,家數,家,924,0
2020,金門縣,其他服務業,家數,家,345,0
2020,連江縣,其他服務業,家數,家,47,0
2021,總計,農、林、漁、牧業,家數,家,11231,85
2021,臺北市,農、林、漁、牧業,家數,家,449,26
2021,新北市,農、林、漁、牧業,家數,家,437,8
2021,桃園市,農、林、漁、牧業,家數,家,617, 
2021,臺中市,農、林、漁、牧業,家數,家,625,7
2021,臺南市,農、林、漁、牧業,家數,家,519,9
2021,高雄市,農、林、漁、牧業,家數,家,2470,12
2021,基隆市,農、林、漁、牧業,家數,家,25,0
2021,宜蘭縣,農、林、漁、牧業,家數,家,768,0
2021,新竹市,農、林、漁、牧業,家數,家,69,0
2021,新竹縣,農、林、漁、牧業,家數,家,246, 
2021,苗栗縣,農、林、漁、牧業,家數,家,270, 
2021,彰化縣,農、林、漁、牧業,家數,家,1074, 
2021,南投縣,農、林、漁、牧業,家數,家,582,0
2021,雲林縣,農、林、漁、牧業,家數,家,789, 
2021,嘉義市,農、林、漁、牧業,家數,家,63, 
2021,嘉義縣,農、林、漁、牧業,家數,家,548, 
2021,屏東縣,農、林、漁、牧業,家數,家,788, 
2021,花蓮縣,農、林、漁、牧業,家數,家,430, 
2021,臺東縣,農、林、漁、牧業,家數,家,381, 
2021,離島地區,農、林、漁、牧業,家數,家,81,0
2021,總計,礦業及土石採取業與電力及燃氣供應業,家數,家,3364,183
2021,臺北市,礦業及土石採取業與電力及燃氣供應業,家數,家,319,55
2021,新北市,礦業及土石採取業與電力及燃氣供應業,家數,家,268,12
2021,桃園市,礦業及土石採取業與電力及燃氣供應業,家數,家,160,9
2021,臺中市,礦業及土石採取業與電力及燃氣供應業,家數,家,307,13
2021,臺南市,礦業及土石採取業與電力及燃氣供應業,家數,家,307,17
2021,高雄市,礦業及土石採取業與電力及燃氣供應業,家數,家,290,14
2021,基隆市,礦業及土石採取業與電力及燃氣供應業,家數,家,11, 
2021,宜蘭縣,礦業及土石採取業與電力及燃氣供應業,家數,家,103, 
2021,新竹市,礦業及土石採取業與電力及燃氣供應業,家數,家,58, 
2021,新竹縣,礦業及土石採取業與電力及燃氣供應業,家數,家,109,12
2021,苗栗縣,礦業及土石採取業與電力及燃氣供應業,家數,家,142, 
2021,彰化縣,礦業及土石採取業與電力及燃氣供應業,家數,家,296,18
2021,南投縣,礦業及土石採取業與電力及燃氣供應業,家數,家,100, 
2021,雲林縣,礦業及土石採取業與電力及燃氣供應業,家數,家,270,6
2021,嘉義市,礦業及土石採取業與電力及燃氣供應業,家數,家,36, 
2021,嘉義縣,礦業及土石採取業與電力及燃氣供應業,家數,家,115, 
2021,屏東縣,礦業及土石採取業與電力及燃氣供應業,家數,家,229,7
2021,花蓮縣,礦業及土石採取業與電力及燃氣供應業,家數,家,156, 
2021,臺東縣,礦業及土石採取業與電力及燃氣供應業,家數,家,65, 
2021,離島地區,礦業及土石採取業與電力及燃氣供應業,家數,家,23,0
2021,總計,製造業,家數,家,144605,5314
2021,臺北市,製造業,家數,家,7783,871
2021,新北市,製造業,家數,家,31825,878
2021,桃園市,製造業,家數,家,12750,755
2021,臺中市,製造業,家數,家,29661,637
2021,臺南市,製造業,家數,家,12986,439
2021,高雄市,製造業,家數,家,10830,473
2021,基隆市,製造業,家數,家,686,13
2021,宜蘭縣,製造業,家數,家,2112,47
2021,新竹市,製造業,家數,家,2356,224
2021,新竹縣,製造業,家數,家,2882,325
2021,苗栗縣,製造業,家數,家,2750,119
2021,彰化縣,製造業,家數,家,17623,276
2021,南投縣,製造業,家數,家,1825,67
2021,雲林縣,製造業,家數,家,2434,57
2021,嘉義市,製造業,家數,家,816,6
2021,嘉義縣,製造業,家數,家,2035,45
2021,屏東縣,製造業,家數,家,1721,73
2021,花蓮縣,製造業,家數,家,688,6
2021,臺東縣,製造業,家數,家,401, 
2021,離島地區,製造業,家數,家,441, 
2021,總計,用水供應及污染整治業,家數,家,8042,118
2021,臺北市,用水供應及污染整治業,家數,家,576,22
2021,新北市,用水供應及污染整治業,家數,家,1096,8
2021,桃園市,用水供應及污染整治業,家數,家,901,21
2021,臺中市,用水供應及污染整治業,家數,家,996,12
2021,臺南市,用水供應及污染整治業,家數,家,677,6
2021,高雄市,用水供應及污染整治業,家數,家,1274,29
2021,基隆市,用水供應及污染整治業,家數,家,130,0
2021,宜蘭縣,用水供應及污染整治業,家數,家,131, 
2021,新竹市,用水供應及污染整治業,家數,家,154,0
2021,新竹縣,用水供應及污染整治業,家數,家,175, 
2021,苗栗縣,用水供應及污染整治業,家數,家,235,0
2021,彰化縣,用水供應及污染整治業,家數,家,436, 
2021,南投縣,用水供應及污染整治業,家數,家,149,0
2021,雲林縣,用水供應及污染整治業,家數,家,249, 
2021,嘉義市,用水供應及污染整治業,家數,家,75,0
2021,嘉義縣,用水供應及污染整治業,家數,家,210, 
2021,屏東縣,用水供應及污染整治業,家數,家,331,7
2021,花蓮縣,用水供應及污染整治業,家數,家,117,0
2021,臺東縣,用水供應及污染整治業,家數,家,69,0
2021,離島地區,用水供應及污染整治業,家數,家,61,0
2021,總計,營建工程業,家數,家,145942,910
2021,臺北市,營建工程業,家數,家,12157,348
2021,新北市,營建工程業,家數,家,26656,146
2021,桃園市,營建工程業,家數,家,14066,68
2021,臺中市,營建工程業,家數,家,19737,104
2021,臺南市,營建工程業,家數,家,10372,42
2021,高雄市,營建工程業,家數,家,18135,104
2021,基隆市,營建工程業,家數,家,2395, 
2021,宜蘭縣,營建工程業,家數,家,3802,9
2021,新竹市,營建工程業,家數,家,2948,17
2021,新竹縣,營建工程業,家數,家,3790,21
2021,苗栗縣,營建工程業,家數,家,3896,7
2021,彰化縣,營建工程業,家數,家,6391, 
2021,南投縣,營建工程業,家數,家,2880,0
2021,雲林縣,營建工程業,家數,家,4340,9
2021,嘉義市,營建工程業,家數,家,1498,7
2021,嘉義縣,營建工程業,家數,家,2859,0
2021,屏東縣,營建工程業,家數,家,4542,10
2021,花蓮縣,營建工程業,家數,家,2518, 
2021,臺東縣,營建工程業,家數,家,1244, 
2021,離島地區,營建工程業,家數,家,1716, 
2021,總計,批發及零售業,家數,家,736913,3881
2021,臺北市,批發及零售業,家數,家,118821,1860
2021,新北市,批發及零售業,家數,家,114936,680
2021,桃園市,批發及零售業,家數,家,61222,256
2021,臺中市,批發及零售業,家數,家,97475,257
2021,臺南市,批發及零售業,家數,家,57044,153
2021,高雄市,批發及零售業,家數,家,87385,257
2021,基隆市,批發及零售業,家數,家,8777,6
2021,宜蘭縣,批發及零售業,家數,家,12394,9
2021,新竹市,批發及零售業,家數,家,12755,99
2021,新竹縣,批發及零售業,家數,家,13648,117
2021,苗栗縣,批發及零售業,家數,家,13157,22
2021,彰化縣,批發及零售業,家數,家,33323,60
2021,南投縣,批發及零售業,家數,家,12817,6
2021,雲林縣,批發及零售業,家數,家,17547,22
2021,嘉義市,批發及零售業,家數,家,9272,13
2021,嘉義縣,批發及零售業,家數,家,10693,8
2021,屏東縣,批發及零售業,家數,家,20072,38
2021,花蓮縣,批發及零售業,家數,家,9696,8
2021,臺東縣,批發及零售業,家數,家,6278, 
2021,離島地區,批發及零售業,家數,家,19601,8
2021,總計,運輸及倉儲業,家數,家,35849,331
2021,臺北市,運輸及倉儲業,家數,家,5803,115
2021,新北市,運輸及倉儲業,家數,家,7000,40
2021,桃園市,運輸及倉儲業,家數,家,3195,35
2021,臺中市,運輸及倉儲業,家數,家,3955,34
2021,臺南市,運輸及倉儲業,家數,家,1612,8
2021,高雄市,運輸及倉儲業,家數,家,5765,44
2021,基隆市,運輸及倉儲業,家數,家,1244,16
2021,宜蘭縣,運輸及倉儲業,家數,家,737, 
2021,新竹市,運輸及倉儲業,家數,家,423, 
2021,新竹縣,運輸及倉儲業,家數,家,500,9
2021,苗栗縣,運輸及倉儲業,家數,家,532,0
2021,彰化縣,運輸及倉儲業,家數,家,1133, 
2021,南投縣,運輸及倉儲業,家數,家,511, 
2021,雲林縣,運輸及倉儲業,家數,家,602, 
2021,嘉義市,運輸及倉儲業,家數,家,380, 
2021,嘉義縣,運輸及倉儲業,家數,家,637,0
2021,屏東縣,運輸及倉儲業,家數,家,662, 
2021,花蓮縣,運輸及倉儲業,家數,家,453, 
2021,臺東縣,運輸及倉儲業,家數,家,167, 
2021,離島地區,運輸及倉儲業,家數,家,538, 
2021,總計,住宿及餐飲業,家數,家,184270,455
2021,臺北市,住宿及餐飲業,家數,家,24948,186
2021,新北市,住宿及餐飲業,家數,家,22093,36
2021,桃園市,住宿及餐飲業,家數,家,14566,17
2021,臺中市,住宿及餐飲業,家數,家,23140,50
2021,臺南市,住宿及餐飲業,家數,家,17569,23
2021,高雄市,住宿及餐飲業,家數,家,22394,31
2021,基隆市,住宿及餐飲業,家數,家,3081, 
2021,宜蘭縣,住宿及餐飲業,家數,家,4555,21
2021,新竹市,住宿及餐飲業,家數,家,3975,6
2021,新竹縣,住宿及餐飲業,家數,家,4231, 
2021,苗栗縣,住宿及餐飲業,家數,家,3862,8
2021,彰化縣,住宿及餐飲業,家數,家,6873, 
2021,南投縣,住宿及餐飲業,家數,家,4561,14
2021,雲林縣,住宿及餐飲業,家數,家,3463, 
2021,嘉義市,住宿及餐飲業,家數,家,3033,13
2021,嘉義縣,住宿及餐飲業,家數,家,2764, 
2021,屏東縣,住宿及餐飲業,家數,家,7695,7
2021,花蓮縣,住宿及餐飲業,家數,家,4742,7
2021,臺東縣,住宿及餐飲業,家數,家,3425,9
2021,離島地區,住宿及餐飲業,家數,家,3300,9
2021,總計,出版、影音製作、傳播及資通訊服務業,家數,家,26770,577
2021,臺北市,出版、影音製作、傳播及資通訊服務業,家數,家,11976,357
2021,新北市,出版、影音製作、傳播及資通訊服務業,家數,家,4623,94
2021,桃園市,出版、影音製作、傳播及資通訊服務業,家數,家,1415,7
2021,臺中市,出版、影音製作、傳播及資通訊服務業,家數,家,2972,26
2021,臺南市,出版、影音製作、傳播及資通訊服務業,家數,家,971,8
2021,高雄市,出版、影音製作、傳播及資通訊服務業,家數,家,1806,19
2021,基隆市,出版、影音製作、傳播及資通訊服務業,家數,家,208, 
2021,宜蘭縣,出版、影音製作、傳播及資通訊服務業,家數,家,211, 
2021,新竹市,出版、影音製作、傳播及資通訊服務業,家數,家,476,22
2021,新竹縣,出版、影音製作、傳播及資通訊服務業,家數,家,430,20
2021,苗栗縣,出版、影音製作、傳播及資通訊服務業,家數,家,213, 
2021,彰化縣,出版、影音製作、傳播及資通訊服務業,家數,家,338, 
2021,南投縣,出版、影音製作、傳播及資通訊服務業,家數,家,182, 
2021,雲林縣,出版、影音製作、傳播及資通訊服務業,家數,家,161, 
2021,嘉義市,出版、影音製作、傳播及資通訊服務業,家數,家,148, 
2021,嘉義縣,出版、影音製作、傳播及資通訊服務業,家數,家,93, 
2021,屏東縣,出版、影音製作、傳播及資通訊服務業,家數,家,192, 
2021,花蓮縣,出版、影音製作、傳播及資通訊服務業,家數,家,147, 
2021,臺東縣,出版、影音製作、傳播及資通訊服務業,家數,家,85, 
2021,離島地區,出版、影音製作、傳播及資通訊服務業,家數,家,123, 
2021,總計,金融及保險業,家數,家,21172,2014
2021,臺北市,金融及保險業,家數,家,8157,1403
2021,新北市,金融及保險業,家數,家,3043,153
2021,桃園市,金融及保險業,家數,家,1375,50
2021,臺中市,金融及保險業,家數,家,2221,139
2021,臺南市,金融及保險業,家數,家,1148,60
2021,高雄市,金融及保險業,家數,家,1868,89
2021,基隆市,金融及保險業,家數,家,134, 
2021,宜蘭縣,金融及保險業,家數,家,192, 
2021,新竹市,金融及保險業,家數,家,428,23
2021,新竹縣,金融及保險業,家數,家,400,25
2021,苗栗縣,金融及保險業,家數,家,178, 
2021,彰化縣,金融及保險業,家數,家,557,23
2021,南投縣,金融及保險業,家數,家,170,7
2021,雲林縣,金融及保險業,家數,家,241, 
2021,嘉義市,金融及保險業,家數,家,248,14
2021,嘉義縣,金融及保險業,家數,家,161, 
2021,屏東縣,金融及保險業,家數,家,316,6
2021,花蓮縣,金融及保險業,家數,家,149, 
2021,臺東縣,金融及保險業,家數,家,106,0
2021,離島地區,金融及保險業,家數,家,80, 
2021,總計,不動產業,家數,家,44307,2490
2021,臺北市,不動產業,家數,家,8425,1225
2021,新北市,不動產業,家數,家,6327,393
2021,桃園市,不動產業,家數,家,4194,129
2021,臺中市,不動產業,家數,家,7166,291
2021,臺南市,不動產業,家數,家,3486,84
2021,高雄市,不動產業,家數,家,4112,169
2021,基隆市,不動產業,家數,家,299,8
2021,宜蘭縣,不動產業,家數,家,961,10
2021,新竹市,不動產業,家數,家,1123,50
2021,新竹縣,不動產業,家數,家,1247,28
2021,苗栗縣,不動產業,家數,家,758,12
2021,彰化縣,不動產業,家數,家,1688,31
2021,南投縣,不動產業,家數,家,483, 
2021,雲林縣,不動產業,家數,家,758, 
2021,嘉義市,不動產業,家數,家,759,24
2021,嘉義縣,不動產業,家數,家,326,6
2021,屏東縣,不動產業,家數,家,788,11
2021,花蓮縣,不動產業,家數,家,635, 
2021,臺東縣,不動產業,家數,家,296, 
2021,離島地區,不動產業,家數,家,476, 
2021,總計,專業、科學及技術服務業,家數,家,59611,647
2021,臺北市,專業、科學及技術服務業,家數,家,19583,354
2021,新北市,專業、科學及技術服務業,家數,家,9828,86
2021,桃園市,專業、科學及技術服務業,家數,家,4103,27
2021,臺中市,專業、科學及技術服務業,家數,家,8412,23
2021,臺南市,專業、科學及技術服務業,家數,家,3445,17
2021,高雄市,專業、科學及技術服務業,家數,家,5239,28
2021,基隆市,專業、科學及技術服務業,家數,家,512, 
2021,宜蘭縣,專業、科學及技術服務業,家數,家,734, 
2021,新竹市,專業、科學及技術服務業,家數,家,1020,38
2021,新竹縣,專業、科學及技術服務業,家數,家,1081,47
2021,苗栗縣,專業、科學及技術服務業,家數,家,563, 
2021,彰化縣,專業、科學及技術服務業,家數,家,1263, 
2021,南投縣,專業、科學及技術服務業,家數,家,539, 
2021,雲林縣,專業、科學及技術服務業,家數,家,601, 
2021,嘉義市,專業、科學及技術服務業,家數,家,549,6
2021,嘉義縣,專業、科學及技術服務業,家數,家,343, 
2021,屏東縣,專業、科學及技術服務業,家數,家,736, 
2021,花蓮縣,專業、科學及技術服務業,家數,家,461, 
2021,臺東縣,專業、科學及技術服務業,家數,家,287,0
2021,離島地區,專業、科學及技術服務業,家數,家,312,0
2021,總計,支援服務業,家數,家,34528,172
2021,臺北市,支援服務業,家數,家,5539,102
2021,新北市,支援服務業,家數,家,4833,16
2021,桃園市,支援服務業,家數,家,3437,11
2021,臺中市,支援服務業,家數,家,4719,9
2021,臺南市,支援服務業,家數,家,2553, 
2021,高雄市,支援服務業,家數,家,4186,16
2021,基隆市,支援服務業,家數,家,454, 
2021,宜蘭縣,支援服務業,家數,家,668,0
2021,新竹市,支援服務業,家數,家,742, 
2021,新竹縣,支援服務業,家數,家,618, 
2021,苗栗縣,支援服務業,家數,家,611,0
2021,彰化縣,支援服務業,家數,家,1141, 
2021,南投縣,支援服務業,家數,家,532,0
2021,雲林縣,支援服務業,家數,家,485,0
2021,嘉義市,支援服務業,家數,家,462, 
2021,嘉義縣,支援服務業,家數,家,538,0
2021,屏東縣,支援服務業,家數,家,956,0
2021,花蓮縣,支援服務業,家數,家,585,0
2021,臺東縣,支援服務業,家數,家,478,0
2021,離島地區,支援服務業,家數,家,991, 
2021,總計,教育業,家數,家,5648,25
2021,臺北市,教育業,家數,家,1411,16
2021,新北市,教育業,家數,家,740, 
2021,桃園市,教育業,家數,家,393, 
2021,臺中市,教育業,家數,家,658, 
2021,臺南市,教育業,家數,家,414, 
2021,高雄市,教育業,家數,家,639,0
2021,基隆市,教育業,家數,家,67,0
2021,宜蘭縣,教育業,家數,家,70,0
2021,新竹市,教育業,家數,家,189,0
2021,新竹縣,教育業,家數,家,192,0
2021,苗栗縣,教育業,家數,家,87,0
2021,彰化縣,教育業,家數,家,185,0
2021,南投縣,教育業,家數,家,63,0
2021,雲林縣,教育業,家數,家,74,0
2021,嘉義市,教育業,家數,家,84,0
2021,嘉義縣,教育業,家數,家,41,0
2021,屏東縣,教育業,家數,家,185,0
2021,花蓮縣,教育業,家數,家,71,0
2021,臺東縣,教育業,家數,家,45,0
2021,離島地區,教育業,家數,家,40,0
2021,總計,醫療保健及社會工作服務業,家數,家,1601,27
2021,臺北市,醫療保健及社會工作服務業,家數,家,321,16
2021,新北市,醫療保健及社會工作服務業,家數,家,194, 
2021,桃園市,醫療保健及社會工作服務業,家數,家,102,0
2021,臺中市,醫療保健及社會工作服務業,家數,家,234, 
2021,臺南市,醫療保健及社會工作服務業,家數,家,122,0
2021,高雄市,醫療保健及社會工作服務業,家數,家,246, 
2021,基隆市,醫療保健及社會工作服務業,家數,家,14,0
2021,宜蘭縣,醫療保健及社會工作服務業,家數,家,44,0
2021,新竹市,醫療保健及社會工作服務業,家數,家,31, 
2021,新竹縣,醫療保健及社會工作服務業,家數,家,40, 
2021,苗栗縣,醫療保健及社會工作服務業,家數,家,20, 
2021,彰化縣,醫療保健及社會工作服務業,家數,家,46,0
2021,南投縣,醫療保健及社會工作服務業,家數,家,22,0
2021,雲林縣,醫療保健及社會工作服務業,家數,家,31,0
2021,嘉義市,醫療保健及社會工作服務業,家數,家,19,0
2021,嘉義縣,醫療保健及社會工作服務業,家數,家,18,0
2021,屏東縣,醫療保健及社會工作服務業,家數,家,50,0
2021,花蓮縣,醫療保健及社會工作服務業,家數,家,26, 
2021,臺東縣,醫療保健及社會工作服務業,家數,家,9,0
2021,離島地區,醫療保健及社會工作服務業,家數,家,12,0
2021,總計,藝術、娛樂及休閒服務業,家數,家,39140,125
2021,臺北市,藝術、娛樂及休閒服務業,家數,家,5506,49
2021,新北市,藝術、娛樂及休閒服務業,家數,家,5961,19
2021,桃園市,藝術、娛樂及休閒服務業,家數,家,3630,9
2021,臺中市,藝術、娛樂及休閒服務業,家數,家,4510,14
2021,臺南市,藝術、娛樂及休閒服務業,家數,家,3084, 
2021,高雄市,藝術、娛樂及休閒服務業,家數,家,4260, 
2021,基隆市,藝術、娛樂及休閒服務業,家數,家,633, 
2021,宜蘭縣,藝術、娛樂及休閒服務業,家數,家,750, 
2021,新竹市,藝術、娛樂及休閒服務業,家數,家,674,0
2021,新竹縣,藝術、娛樂及休閒服務業,家數,家,925,7
2021,苗栗縣,藝術、娛樂及休閒服務業,家數,家,927, 
2021,彰化縣,藝術、娛樂及休閒服務業,家數,家,1854, 
2021,南投縣,藝術、娛樂及休閒服務業,家數,家,956, 
2021,雲林縣,藝術、娛樂及休閒服務業,家數,家,910, 
2021,嘉義市,藝術、娛樂及休閒服務業,家數,家,517,0
2021,嘉義縣,藝術、娛樂及休閒服務業,家數,家,611, 
2021,屏東縣,藝術、娛樂及休閒服務業,家數,家,1606, 
2021,花蓮縣,藝術、娛樂及休閒服務業,家數,家,747, 
2021,臺東縣,藝術、娛樂及休閒服務業,家數,家,664, 
2021,離島地區,藝術、娛樂及休閒服務業,家數,家,415,0
2021,總計,其他服務業,家數,家,92835,99
2021,臺北市,其他服務業,家數,家,10308,51
2021,新北市,其他服務業,家數,家,11137,17
2021,桃園市,其他服務業,家數,家,7771,7
2021,臺中市,其他服務業,家數,家,12511, 
2021,臺南市,其他服務業,家數,家,9236, 
2021,高雄市,其他服務業,家數,家,12853,6
2021,基隆市,其他服務業,家數,家,1737, 
2021,宜蘭縣,其他服務業,家數,家,1950,0
2021,新竹市,其他服務業,家數,家,1934,0
2021,新竹縣,其他服務業,家數,家,2145, 
2021,苗栗縣,其他服務業,家數,家,2127, 
2021,彰化縣,其他服務業,家數,家,5124, 
2021,南投縣,其他服務業,家數,家,1806, 
2021,雲林縣,其他服務業,家數,家,2258,0
2021,嘉義市,其他服務業,家數,家,1704,0
2021,嘉義縣,其他服務業,家數,家,1582, 
2021,屏東縣,其他服務業,家數,家,3548, 
2021,花蓮縣,其他服務業,家數,家,1386,0
2021,臺東縣,其他服務業,家數,家,972,0
2021,離島地區,其他服務業,家數,家,746,0
2022,總計,農、林、漁、牧業與礦業及土石採取業,家數,家,11997,110
2022,臺北市,農、林、漁、牧業與礦業及土石採取業,家數,家,518,39
2022,新北市,農、林、漁、牧業與礦業及土石採取業,家數,家,543,8
2022,桃園市,農、林、漁、牧業與礦業及土石採取業,家數,家,727,6
2022,臺中市,農、林、漁、牧業與礦業及土石採取業,家數,家,753,10
2022,臺南市,農、林、漁、牧業與礦業及土石採取業,家數,家,614,10
2022,高雄市,農、林、漁、牧業與礦業及土石採取業,家數,家,1852,15
2022,基隆市,農、林、漁、牧業與礦業及土石採取業,家數,家,31,0
2022,宜蘭縣,農、林、漁、牧業與礦業及土石採取業,家數,家,837, 
2022,新竹市,農、林、漁、牧業與礦業及土石採取業,家數,家,96,0
2022,新竹縣,農、林、漁、牧業與礦業及土石採取業,家數,家,300, 
2022,苗栗縣,農、林、漁、牧業與礦業及土石採取業,家數,家,346, 
2022,彰化縣,農、林、漁、牧業與礦業及土石採取業,家數,家,1144, 
2022,南投縣,農、林、漁、牧業與礦業及土石採取業,家數,家,651, 
2022,雲林縣,農、林、漁、牧業與礦業及土石採取業,家數,家,919, 
2022,嘉義市,農、林、漁、牧業與礦業及土石採取業,家數,家,76, 
2022,嘉義縣,農、林、漁、牧業與礦業及土石採取業,家數,家,596, 
2022,屏東縣,農、林、漁、牧業與礦業及土石採取業,家數,家,876, 
2022,花蓮縣,農、林、漁、牧業與礦業及土石採取業,家數,家,570, 
2022,臺東縣,農、林、漁、牧業與礦業及土石採取業,家數,家,445, 
2022,離島地區,農、林、漁、牧業與礦業及土石採取業,家數,家,103,0
2022,總計,製造業,家數,家,145133,5474
2022,臺北市,製造業,家數,家,7859,892
2022,新北市,製造業,家數,家,31548,900
2022,桃園市,製造業,家數,家,12873,772
2022,臺中市,製造業,家數,家,29830,652
2022,臺南市,製造業,家數,家,13049,463
2022,高雄市,製造業,家數,家,10956,491
2022,基隆市,製造業,家數,家,674,15
2022,宜蘭縣,製造業,家數,家,2114,49
2022,新竹市,製造業,家數,家,2341,228
2022,新竹縣,製造業,家數,家,2926,336
2022,苗栗縣,製造業,家數,家,2754,118
2022,彰化縣,製造業,家數,家,17669,295
2022,南投縣,製造業,家數,家,1835,71
2022,雲林縣,製造業,家數,家,2509,58
2022,嘉義市,製造業,家數,家,794,6
2022,嘉義縣,製造業,家數,家,2078,47
2022,屏東縣,製造業,家數,家,1762,73
2022,花蓮縣,製造業,家數,家,684, 
2022,臺東縣,製造業,家數,家,424, 
2022,離島地區,製造業,家數,家,454, 
2022,總計,電力及燃氣供應業與用水供應及污染整治業,家數,家,10971,321
2022,臺北市,電力及燃氣供應業與用水供應及污染整治業,家數,家,881,87
2022,新北市,電力及燃氣供應業與用水供應及污染整治業,家數,家,1349,21
2022,桃園市,電力及燃氣供應業與用水供應及污染整治業,家數,家,1028,28
2022,臺中市,電力及燃氣供應業與用水供應及污染整治業,家數,家,1280,24
2022,臺南市,電力及燃氣供應業與用水供應及污染整治業,家數,家,1006,30
2022,高雄市,電力及燃氣供應業與用水供應及污染整治業,家數,家,1541,45
2022,基隆市,電力及燃氣供應業與用水供應及污染整治業,家數,家,133, 
2022,宜蘭縣,電力及燃氣供應業與用水供應及污染整治業,家數,家,167, 
2022,新竹市,電力及燃氣供應業與用水供應及污染整治業,家數,家,206, 
2022,新竹縣,電力及燃氣供應業與用水供應及污染整治業,家數,家,272,15
2022,苗栗縣,電力及燃氣供應業與用水供應及污染整治業,家數,家,315, 
2022,彰化縣,電力及燃氣供應業與用水供應及污染整治業,家數,家,766,25
2022,南投縣,電力及燃氣供應業與用水供應及污染整治業,家數,家,218, 
2022,雲林縣,電力及燃氣供應業與用水供應及污染整治業,家數,家,538,8
2022,嘉義市,電力及燃氣供應業與用水供應及污染整治業,家數,家,110, 
2022,嘉義縣,電力及燃氣供應業與用水供應及污染整治業,家數,家,332, 
2022,屏東縣,電力及燃氣供應業與用水供應及污染整治業,家數,家,523,15
2022,花蓮縣,電力及燃氣供應業與用水供應及污染整治業,家數,家,132, 
2022,臺東縣,電力及燃氣供應業與用水供應及污染整治業,家數,家,84,0
2022,離島地區,電力及燃氣供應業與用水供應及污染整治業,家數,家,90,0
2022,總計,營建工程業,家數,家,154665,1013
2022,臺北市,營建工程業,家數,家,12520,368
2022,新北市,營建工程業,家數,家,27852,166
2022,桃園市,營建工程業,家數,家,15010,75
2022,臺中市,營建工程業,家數,家,21230,111
2022,臺南市,營建工程業,家數,家,11315,50
2022,高雄市,營建工程業,家數,家,19445,124
2022,基隆市,營建工程業,家數,家,2483, 
2022,宜蘭縣,營建工程業,家數,家,3966,11
2022,新竹市,營建工程業,家數,家,3122,21
2022,新竹縣,營建工程業,家數,家,3978,26
2022,苗栗縣,營建工程業,家數,家,4076,8
2022,彰化縣,營建工程業,家數,家,6794, 
2022,南投縣,營建工程業,家數,家,3031,0
2022,雲林縣,營建工程業,家數,家,4588,13
2022,嘉義市,營建工程業,家數,家,1567,9
2022,嘉義縣,營建工程業,家數,家,3014,0
2022,屏東縣,營建工程業,家數,家,4924,11
2022,花蓮縣,營建工程業,家數,家,2638,8
2022,臺東縣,營建工程業,家數,家,1320, 
2022,離島地區,營建工程業,家數,家,1792, 
2022,總計,批發及零售業,家數,家,749869,4003
2022,臺北市,批發及零售業,家數,家,118025,1900
2022,新北市,批發及零售業,家數,家,117829,699
2022,桃園市,批發及零售業,家數,家,62822,268
2022,臺中市,批發及零售業,家數,家,100619,285
2022,臺南市,批發及零售業,家數,家,58351,158
2022,高雄市,批發及零售業,家數,家,89431,266
2022,基隆市,批發及零售業,家數,家,8850, 
2022,宜蘭縣,批發及零售業,家數,家,12687,9
2022,新竹市,批發及零售業,家數,家,13067,102
2022,新竹縣,批發及零售業,家數,家,14123,124
2022,苗栗縣,批發及零售業,家數,家,13232,23
2022,彰化縣,批發及零售業,家數,家,33760,61
2022,南投縣,批發及零售業,家數,家,12922,6
2022,雲林縣,批發及零售業,家數,家,17797,19
2022,嘉義市,批發及零售業,家數,家,9349,13
2022,嘉義縣,批發及零售業,家數,家,10912,8
2022,屏東縣,批發及零售業,家數,家,20437,37
2022,花蓮縣,批發及零售業,家數,家,9759,9
2022,臺東縣,批發及零售業,家數,家,6257, 
2022,離島地區,批發及零售業,家數,家,19640,9
2022,總計,運輸及倉儲業,家數,家,36725,338
2022,臺北市,運輸及倉儲業,家數,家,5836,119
2022,新北市,運輸及倉儲業,家數,家,7001,40
2022,桃園市,運輸及倉儲業,家數,家,3451,34
2022,臺中市,運輸及倉儲業,家數,家,4098,36
2022,臺南市,運輸及倉儲業,家數,家,1735,9
2022,高雄市,運輸及倉儲業,家數,家,5779,45
2022,基隆市,運輸及倉儲業,家數,家,1270,17
2022,宜蘭縣,運輸及倉儲業,家數,家,757, 
2022,新竹市,運輸及倉儲業,家數,家,453, 
2022,新竹縣,運輸及倉儲業,家數,家,527,9
2022,苗栗縣,運輸及倉儲業,家數,家,544,0
2022,彰化縣,運輸及倉儲業,家數,家,1192, 
2022,南投縣,運輸及倉儲業,家數,家,512, 
2022,雲林縣,運輸及倉儲業,家數,家,619, 
2022,嘉義市,運輸及倉儲業,家數,家,406, 
2022,嘉義縣,運輸及倉儲業,家數,家,628,0
2022,屏東縣,運輸及倉儲業,家數,家,729, 
2022,花蓮縣,運輸及倉儲業,家數,家,473, 
2022,臺東縣,運輸及倉儲業,家數,家,180, 
2022,離島地區,運輸及倉儲業,家數,家,535, 
2022,總計,住宿及餐飲業,家數,家,188349,465
2022,臺北市,住宿及餐飲業,家數,家,24728,189
2022,新北市,住宿及餐飲業,家數,家,22609,38
2022,桃園市,住宿及餐飲業,家數,家,14926,17
2022,臺中市,住宿及餐飲業,家數,家,23872,52
2022,臺南市,住宿及餐飲業,家數,家,17901,24
2022,高雄市,住宿及餐飲業,家數,家,22961,31
2022,基隆市,住宿及餐飲業,家數,家,3075, 
2022,宜蘭縣,住宿及餐飲業,家數,家,4670,22
2022,新竹市,住宿及餐飲業,家數,家,4099,7
2022,新竹縣,住宿及餐飲業,家數,家,4449, 
2022,苗栗縣,住宿及餐飲業,家數,家,3997,8
2022,彰化縣,住宿及餐飲業,家數,家,6992, 
2022,南投縣,住宿及餐飲業,家數,家,4706,14
2022,雲林縣,住宿及餐飲業,家數,家,3584, 
2022,嘉義市,住宿及餐飲業,家數,家,3123,12
2022,嘉義縣,住宿及餐飲業,家數,家,2853, 
2022,屏東縣,住宿及餐飲業,家數,家,7957,7
2022,花蓮縣,住宿及餐飲業,家數,家,4767,7
2022,臺東縣,住宿及餐飲業,家數,家,3590,9
2022,離島地區,住宿及餐飲業,家數,家,3490,9
2022,總計,出版、影音製作、傳播及資通訊服務業,家數,家,27632,603
2022,臺北市,出版、影音製作、傳播及資通訊服務業,家數,家,12116,374
2022,新北市,出版、影音製作、傳播及資通訊服務業,家數,家,4877,96
2022,桃園市,出版、影音製作、傳播及資通訊服務業,家數,家,1514,9
2022,臺中市,出版、影音製作、傳播及資通訊服務業,家數,家,3105,25
2022,臺南市,出版、影音製作、傳播及資通訊服務業,家數,家,1002,8
2022,高雄市,出版、影音製作、傳播及資通訊服務業,家數,家,1883,20
2022,基隆市,出版、影音製作、傳播及資通訊服務業,家數,家,224, 
2022,宜蘭縣,出版、影音製作、傳播及資通訊服務業,家數,家,225, 
2022,新竹市,出版、影音製作、傳播及資通訊服務業,家數,家,491,24
2022,新竹縣,出版、影音製作、傳播及資通訊服務業,家數,家,439,23
2022,苗栗縣,出版、影音製作、傳播及資通訊服務業,家數,家,210, 
2022,彰化縣,出版、影音製作、傳播及資通訊服務業,家數,家,349, 
2022,南投縣,出版、影音製作、傳播及資通訊服務業,家數,家,189, 
2022,雲林縣,出版、影音製作、傳播及資通訊服務業,家數,家,164, 
2022,嘉義市,出版、影音製作、傳播及資通訊服務業,家數,家,157, 
2022,嘉義縣,出版、影音製作、傳播及資通訊服務業,家數,家,102, 
2022,屏東縣,出版、影音製作、傳播及資通訊服務業,家數,家,204, 
2022,花蓮縣,出版、影音製作、傳播及資通訊服務業,家數,家,155, 
2022,臺東縣,出版、影音製作、傳播及資通訊服務業,家數,家,96, 
2022,離島地區,出版、影音製作、傳播及資通訊服務業,家數,家,130, 
2022,總計,金融及保險業,家數,家,22151,2095
2022,臺北市,金融及保險業,家數,家,8554,1432
2022,新北市,金融及保險業,家數,家,3189,171
2022,桃園市,金融及保險業,家數,家,1454,55
2022,臺中市,金融及保險業,家數,家,2326,146
2022,臺南市,金融及保險業,家數,家,1171,71
2022,高雄市,金融及保險業,家數,家,1985,92
2022,基隆市,金融及保險業,家數,家,149, 
2022,宜蘭縣,金融及保險業,家數,家,195, 
2022,新竹市,金融及保險業,家數,家,445,23
2022,新竹縣,金融及保險業,家數,家,414,28
2022,苗栗縣,金融及保險業,家數,家,190, 
2022,彰化縣,金融及保險業,家數,家,575,29
2022,南投縣,金融及保險業,家數,家,181,9
2022,雲林縣,金融及保險業,家數,家,247, 
2022,嘉義市,金融及保險業,家數,家,259,12
2022,嘉義縣,金融及保險業,家數,家,168, 
2022,屏東縣,金融及保險業,家數,家,317,8
2022,花蓮縣,金融及保險業,家數,家,153,0
2022,臺東縣,金融及保險業,家數,家,102,0
2022,離島地區,金融及保險業,家數,家,77, 
2022,總計,不動產業,家數,家,46137,2630
2022,臺北市,不動產業,家數,家,8574,1275
2022,新北市,不動產業,家數,家,6573,413
2022,桃園市,不動產業,家數,家,4499,147
2022,臺中市,不動產業,家數,家,7486,306
2022,臺南市,不動產業,家數,家,3636,90
2022,高雄市,不動產業,家數,家,4321,189
2022,基隆市,不動產業,家數,家,301,7
2022,宜蘭縣,不動產業,家數,家,1042,11
2022,新竹市,不動產業,家數,家,1179,50
2022,新竹縣,不動產業,家數,家,1355,32
2022,苗栗縣,不動產業,家數,家,796,15
2022,彰化縣,不動產業,家數,家,1741,30
2022,南投縣,不動產業,家數,家,474, 
2022,雲林縣,不動產業,家數,家,795,6
2022,嘉義市,不動產業,家數,家,770,25
2022,嘉義縣,不動產業,家數,家,341,6
2022,屏東縣,不動產業,家數,家,809,13
2022,花蓮縣,不動產業,家數,家,637, 
2022,臺東縣,不動產業,家數,家,308, 
2022,離島地區,不動產業,家數,家,500, 
2022,總計,專業、科學及技術服務業,家數,家,62656,728
2022,臺北市,專業、科學及技術服務業,家數,家,20080,386
2022,新北市,專業、科學及技術服務業,家數,家,10488,104
2022,桃園市,專業、科學及技術服務業,家數,家,4379,29
2022,臺中市,專業、科學及技術服務業,家數,家,9026,36
2022,臺南市,專業、科學及技術服務業,家數,家,3663,20
2022,高雄市,專業、科學及技術服務業,家數,家,5551,33
2022,基隆市,專業、科學及技術服務業,家數,家,527, 
2022,宜蘭縣,專業、科學及技術服務業,家數,家,775, 
2022,新竹市,專業、科學及技術服務業,家數,家,1038,46
2022,新竹縣,專業、科學及技術服務業,家數,家,1178,46
2022,苗栗縣,專業、科學及技術服務業,家數,家,584, 
2022,彰化縣,專業、科學及技術服務業,家數,家,1343, 
2022,南投縣,專業、科學及技術服務業,家數,家,569, 
2022,雲林縣,專業、科學及技術服務業,家數,家,630, 
2022,嘉義市,專業、科學及技術服務業,家數,家,564, 
2022,嘉義縣,專業、科學及技術服務業,家數,家,380, 
2022,屏東縣,專業、科學及技術服務業,家數,家,766, 
2022,花蓮縣,專業、科學及技術服務業,家數,家,471, 
2022,臺東縣,專業、科學及技術服務業,家數,家,310, 
2022,離島地區,專業、科學及技術服務業,家數,家,334,0
2022,總計,支援服務業,家數,家,35516,188
2022,臺北市,支援服務業,家數,家,5538,111
2022,新北市,支援服務業,家數,家,5065,18
2022,桃園市,支援服務業,家數,家,3596,11
2022,臺中市,支援服務業,家數,家,4915,11
2022,臺南市,支援服務業,家數,家,2612, 
2022,高雄市,支援服務業,家數,家,4281,17
2022,基隆市,支援服務業,家數,家,461,0
2022,宜蘭縣,支援服務業,家數,家,687, 
2022,新竹市,支援服務業,家數,家,746, 
2022,新竹縣,支援服務業,家數,家,651, 
2022,苗栗縣,支援服務業,家數,家,609,0
2022,彰化縣,支援服務業,家數,家,1190, 
2022,南投縣,支援服務業,家數,家,544,0
2022,雲林縣,支援服務業,家數,家,508,0
2022,嘉義市,支援服務業,家數,家,457, 
2022,嘉義縣,支援服務業,家數,家,541, 
2022,屏東縣,支援服務業,家數,家,991,0
2022,花蓮縣,支援服務業,家數,家,597,0
2022,臺東縣,支援服務業,家數,家,487, 
2022,離島地區,支援服務業,家數,家,1040, 
2022,總計,教育業,家數,家,6262,28
2022,臺北市,教育業,家數,家,1477,18
2022,新北市,教育業,家數,家,829, 
2022,桃園市,教育業,家數,家,453, 
2022,臺中市,教育業,家數,家,738, 
2022,臺南市,教育業,家數,家,501, 
2022,高雄市,教育業,家數,家,723,0
2022,基隆市,教育業,家數,家,70,0
2022,宜蘭縣,教育業,家數,家,77,0
2022,新竹市,教育業,家數,家,209,0
2022,新竹縣,教育業,家數,家,222,0
2022,苗栗縣,教育業,家數,家,100,0
2022,彰化縣,教育業,家數,家,210,0
2022,南投縣,教育業,家數,家,61,0
2022,雲林縣,教育業,家數,家,93,0
2022,嘉義市,教育業,家數,家,91,0
2022,嘉義縣,教育業,家數,家,42,0
2022,屏東縣,教育業,家數,家,195,0
2022,花蓮縣,教育業,家數,家,79,0
2022,臺東縣,教育業,家數,家,47,0
2022,離島地區,教育業,家數,家,45,0
2022,總計,醫療保健及社會工作服務業,家數,家,1842,26
2022,臺北市,醫療保健及社會工作服務業,家數,家,324,15
2022,新北市,醫療保健及社會工作服務業,家數,家,251, 
2022,桃園市,醫療保健及社會工作服務業,家數,家,120,0
2022,臺中市,醫療保健及社會工作服務業,家數,家,259, 
2022,臺南市,醫療保健及社會工作服務業,家數,家,156,0
2022,高雄市,醫療保健及社會工作服務業,家數,家,274, 
2022,基隆市,醫療保健及社會工作服務業,家數,家,19,0
2022,宜蘭縣,醫療保健及社會工作服務業,家數,家,50,0
2022,新竹市,醫療保健及社會工作服務業,家數,家,33, 
2022,新竹縣,醫療保健及社會工作服務業,家數,家,43, 
2022,苗栗縣,醫療保健及社會工作服務業,家數,家,18, 
2022,彰化縣,醫療保健及社會工作服務業,家數,家,52,0
2022,南投縣,醫療保健及社會工作服務業,家數,家,29,0
2022,雲林縣,醫療保健及社會工作服務業,家數,家,56,0
2022,嘉義市,醫療保健及社會工作服務業,家數,家,20,0
2022,嘉義縣,醫療保健及社會工作服務業,家數,家,24,0
2022,屏東縣,醫療保健及社會工作服務業,家數,家,57,0
2022,花蓮縣,醫療保健及社會工作服務業,家數,家,34, 
2022,臺東縣,醫療保健及社會工作服務業,家數,家,11,0
2022,離島地區,醫療保健及社會工作服務業,家數,家,12,0
2022,總計,藝術、娛樂及休閒服務業,家數,家,39093,127
2022,臺北市,藝術、娛樂及休閒服務業,家數,家,5468,49
2022,新北市,藝術、娛樂及休閒服務業,家數,家,5915,21
2022,桃園市,藝術、娛樂及休閒服務業,家數,家,3623,9
2022,臺中市,藝術、娛樂及休閒服務業,家數,家,4527,12
2022,臺南市,藝術、娛樂及休閒服務業,家數,家,3128, 
2022,高雄市,藝術、娛樂及休閒服務業,家數,家,4235, 
2022,基隆市,藝術、娛樂及休閒服務業,家數,家,631, 
2022,宜蘭縣,藝術、娛樂及休閒服務業,家數,家,766, 
2022,新竹市,藝術、娛樂及休閒服務業,家數,家,671,0
2022,新竹縣,藝術、娛樂及休閒服務業,家數,家,940,7
2022,苗栗縣,藝術、娛樂及休閒服務業,家數,家,957, 
2022,彰化縣,藝術、娛樂及休閒服務業,家數,家,1799, 
2022,南投縣,藝術、娛樂及休閒服務業,家數,家,931, 
2022,雲林縣,藝術、娛樂及休閒服務業,家數,家,914, 
2022,嘉義市,藝術、娛樂及休閒服務業,家數,家,511,0
2022,嘉義縣,藝術、娛樂及休閒服務業,家數,家,588, 
2022,屏東縣,藝術、娛樂及休閒服務業,家數,家,1642, 
2022,花蓮縣,藝術、娛樂及休閒服務業,家數,家,742, 
2022,臺東縣,藝術、娛樂及休閒服務業,家數,家,672, 
2022,離島地區,藝術、娛樂及休閒服務業,家數,家,433,0
2022,總計,其他服務業,家數,家,94790,101
2022,臺北市,其他服務業,家數,家,10270,49
2022,新北市,其他服務業,家數,家,11470,19
2022,桃園市,其他服務業,家數,家,7976,7
2022,臺中市,其他服務業,家數,家,12928, 
2022,臺南市,其他服務業,家數,家,9476, 
2022,高雄市,其他服務業,家數,家,13066,7
2022,基隆市,其他服務業,家數,家,1771, 
2022,宜蘭縣,其他服務業,家數,家,1997,0
2022,新竹市,其他服務業,家數,家,1962,0
2022,新竹縣,其他服務業,家數,家,2236, 
2022,苗栗縣,其他服務業,家數,家,2162, 
2022,彰化縣,其他服務業,家數,家,5210, 
2022,南投縣,其他服務業,家數,家,1829, 
2022,雲林縣,其他服務業,家數,家,2289,0
2022,嘉義市,其他服務業,家數,家,1719,0
2022,嘉義縣,其他服務業,家數,家,1607, 
2022,屏東縣,其他服務業,家數,家,3610, 
2022,花蓮縣,其他服務業,家數,家,1413,0
2022,臺東縣,其他服務業,家數,家,1010, 
2022,離島地區,其他服務業,家數,家,789,0
2023,總計,農、林、漁、牧業與礦業及土石採取業,家數,家,12315,112
2023,臺北市,農、林、漁、牧業與礦業及土石採取業,家數,家,515,38
2023,新北市,農、林、漁、牧業與礦業及土石採取業,家數,家,536,11
2023,桃園市,農、林、漁、牧業與礦業及土石採取業,家數,家,736,6
2023,臺中市,農、林、漁、牧業與礦業及土石採取業,家數,家,777,10
2023,臺南市,農、林、漁、牧業與礦業及土石採取業,家數,家,629,10
2023,高雄市,農、林、漁、牧業與礦業及土石採取業,家數,家,1883,15
2023,基隆市,農、林、漁、牧業與礦業及土石採取業,家數,家,31,0
2023,宜蘭縣,農、林、漁、牧業與礦業及土石採取業,家數,家,841, 
2023,新竹市,農、林、漁、牧業與礦業及土石採取業,家數,家,94, 
2023,新竹縣,農、林、漁、牧業與礦業及土石採取業,家數,家,306, 
2023,苗栗縣,農、林、漁、牧業與礦業及土石採取業,家數,家,353, 
2023,彰化縣,農、林、漁、牧業與礦業及土石採取業,家數,家,1177, 
2023,南投縣,農、林、漁、牧業與礦業及土石採取業,家數,家,657, 
2023,雲林縣,農、林、漁、牧業與礦業及土石採取業,家數,家,1019, 
2023,嘉義市,農、林、漁、牧業與礦業及土石採取業,家數,家,83, 
2023,嘉義縣,農、林、漁、牧業與礦業及土石採取業,家數,家,623, 
2023,屏東縣,農、林、漁、牧業與礦業及土石採取業,家數,家,910, 
2023,花蓮縣,農、林、漁、牧業與礦業及土石採取業,家數,家,564, 
2023,臺東縣,農、林、漁、牧業與礦業及土石採取業,家數,家,465, 
2023,離島地區,農、林、漁、牧業與礦業及土石採取業,家數,家,116,0
2023,總計,製造業,家數,家,143665,5562
2023,臺北市,製造業,家數,家,7785,915
2023,新北市,製造業,家數,家,31098,907
2023,桃園市,製造業,家數,家,12898,785
2023,臺中市,製造業,家數,家,29336,666
2023,臺南市,製造業,家數,家,12926,468
2023,高雄市,製造業,家數,家,10973,497
2023,基隆市,製造業,家數,家,674,14
2023,宜蘭縣,製造業,家數,家,2138,50
2023,新竹市,製造業,家數,家,2340,228
2023,新竹縣,製造業,家數,家,2927,344
2023,苗栗縣,製造業,家數,家,2681,121
2023,彰化縣,製造業,家數,家,17348,305
2023,南投縣,製造業,家數,家,1824,72
2023,雲林縣,製造業,家數,家,2501,52
2023,嘉義市,製造業,家數,家,788,6
2023,嘉義縣,製造業,家數,家,2083,47
2023,屏東縣,製造業,家數,家,1779,74
2023,花蓮縣,製造業,家數,家,694,6
2023,臺東縣,製造業,家數,家,429, 
2023,離島地區,製造業,家數,家,443, 
2023,總計,電力及燃氣供應業與用水供應及污染整治業,家數,家,11473,365
2023,臺北市,電力及燃氣供應業與用水供應及污染整治業,家數,家,916,106
2023,新北市,電力及燃氣供應業與用水供應及污染整治業,家數,家,1391,25
2023,桃園市,電力及燃氣供應業與用水供應及污染整治業,家數,家,1069,30
2023,臺中市,電力及燃氣供應業與用水供應及污染整治業,家數,家,1354,25
2023,臺南市,電力及燃氣供應業與用水供應及污染整治業,家數,家,1062,34
2023,高雄市,電力及燃氣供應業與用水供應及污染整治業,家數,家,1606,47
2023,基隆市,電力及燃氣供應業與用水供應及污染整治業,家數,家,131, 
2023,宜蘭縣,電力及燃氣供應業與用水供應及污染整治業,家數,家,176, 
2023,新竹市,電力及燃氣供應業與用水供應及污染整治業,家數,家,222, 
2023,新竹縣,電力及燃氣供應業與用水供應及污染整治業,家數,家,280,19
2023,苗栗縣,電力及燃氣供應業與用水供應及污染整治業,家數,家,338, 
2023,彰化縣,電力及燃氣供應業與用水供應及污染整治業,家數,家,809,26
2023,南投縣,電力及燃氣供應業與用水供應及污染整治業,家數,家,250, 
2023,雲林縣,電力及燃氣供應業與用水供應及污染整治業,家數,家,578,9
2023,嘉義市,電力及燃氣供應業與用水供應及污染整治業,家數,家,116, 
2023,嘉義縣,電力及燃氣供應業與用水供應及污染整治業,家數,家,347, 
2023,屏東縣,電力及燃氣供應業與用水供應及污染整治業,家數,家,517,16
2023,花蓮縣,電力及燃氣供應業與用水供應及污染整治業,家數,家,137, 
2023,臺東縣,電力及燃氣供應業與用水供應及污染整治業,家數,家,84, 
2023,離島地區,電力及燃氣供應業與用水供應及污染整治業,家數,家,90,0
2023,總計,營建工程業,家數,家,163513,1105
2023,臺北市,營建工程業,家數,家,12874,373
2023,新北市,營建工程業,家數,家,29242,181
2023,桃園市,營建工程業,家數,家,15975,84
2023,臺中市,營建工程業,家數,家,22804,137
2023,臺南市,營建工程業,家數,家,12169,57
2023,高雄市,營建工程業,家數,家,20565,135
2023,基隆市,營建工程業,家數,家,2603, 
2023,宜蘭縣,營建工程業,家數,家,4234,12
2023,新竹市,營建工程業,家數,家,3278,22
2023,新竹縣,營建工程業,家數,家,4207,30
2023,苗栗縣,營建工程業,家數,家,4255,9
2023,彰化縣,營建工程業,家數,家,7153, 
2023,南投縣,營建工程業,家數,家,3202, 
2023,雲林縣,營建工程業,家數,家,4827,15
2023,嘉義市,營建工程業,家數,家,1672,10
2023,嘉義縣,營建工程業,家數,家,3149, 
2023,屏東縣,營建工程業,家數,家,5260,12
2023,花蓮縣,營建工程業,家數,家,2790,8
2023,臺東縣,營建工程業,家數,家,1411, 
2023,離島地區,營建工程業,家數,家,1843,6
2023,總計,批發及零售業,家數,家,762109,4122
2023,臺北市,批發及零售業,家數,家,117523,1945
2023,新北市,批發及零售業,家數,家,120619,735
2023,桃園市,批發及零售業,家數,家,64776,267
2023,臺中市,批發及零售業,家數,家,103367,285
2023,臺南市,批發及零售業,家數,家,59292,164
2023,高雄市,批發及零售業,家數,家,91112,283
2023,基隆市,批發及零售業,家數,家,8859, 
2023,宜蘭縣,批發及零售業,家數,家,12848,12
2023,新竹市,批發及零售業,家數,家,13316,103
2023,新竹縣,批發及零售業,家數,家,14507,133
2023,苗栗縣,批發及零售業,家數,家,13235,23
2023,彰化縣,批發及零售業,家數,家,34301,62
2023,南投縣,批發及零售業,家數,家,13050,6
2023,雲林縣,批發及零售業,家數,家,18021,19
2023,嘉義市,批發及零售業,家數,家,9505,15
2023,嘉義縣,批發及零售業,家數,家,11187,9
2023,屏東縣,批發及零售業,家數,家,20833,36
2023,花蓮縣,批發及零售業,家數,家,9811,9
2023,臺東縣,批發及零售業,家數,家,6299, 
2023,離島地區,批發及零售業,家數,家,19648,9
2023,總計,運輸及倉儲業,家數,家,37965,351
2023,臺北市,運輸及倉儲業,家數,家,5880,127
2023,新北市,運輸及倉儲業,家數,家,7120,40
2023,桃園市,運輸及倉儲業,家數,家,3676,40
2023,臺中市,運輸及倉儲業,家數,家,4416,37
2023,臺南市,運輸及倉儲業,家數,家,1837,9
2023,高雄市,運輸及倉儲業,家數,家,5991,46
2023,基隆市,運輸及倉儲業,家數,家,1270,15
2023,宜蘭縣,運輸及倉儲業,家數,家,772, 
2023,新竹市,運輸及倉儲業,家數,家,456, 
2023,新竹縣,運輸及倉儲業,家數,家,554,8
2023,苗栗縣,運輸及倉儲業,家數,家,561,0
2023,彰化縣,運輸及倉儲業,家數,家,1226, 
2023,南投縣,運輸及倉儲業,家數,家,524, 
2023,雲林縣,運輸及倉儲業,家數,家,635, 
2023,嘉義市,運輸及倉儲業,家數,家,427, 
2023,嘉義縣,運輸及倉儲業,家數,家,627,0
2023,屏東縣,運輸及倉儲業,家數,家,771, 
2023,花蓮縣,運輸及倉儲業,家數,家,497, 
2023,臺東縣,運輸及倉儲業,家數,家,186, 
2023,離島地區,運輸及倉儲業,家數,家,539, 
2023,總計,住宿及餐飲業,家數,家,194589,461
2023,臺北市,住宿及餐飲業,家數,家,25067,184
2023,新北市,住宿及餐飲業,家數,家,23510,38
2023,桃園市,住宿及餐飲業,家數,家,15455,17
2023,臺中市,住宿及餐飲業,家數,家,24397,51
2023,臺南市,住宿及餐飲業,家數,家,18563,26
2023,高雄市,住宿及餐飲業,家數,家,23963,32
2023,基隆市,住宿及餐飲業,家數,家,3151, 
2023,宜蘭縣,住宿及餐飲業,家數,家,4853,21
2023,新竹市,住宿及餐飲業,家數,家,4209,7
2023,新竹縣,住宿及餐飲業,家數,家,4729, 
2023,苗栗縣,住宿及餐飲業,家數,家,4167,8
2023,彰化縣,住宿及餐飲業,家數,家,7207,6
2023,南投縣,住宿及餐飲業,家數,家,4868,14
2023,雲林縣,住宿及餐飲業,家數,家,3651, 
2023,嘉義市,住宿及餐飲業,家數,家,3172,11
2023,嘉義縣,住宿及餐飲業,家數,家,2977, 
2023,屏東縣,住宿及餐飲業,家數,家,8345,7
2023,花蓮縣,住宿及餐飲業,家數,家,4873,7
2023,臺東縣,住宿及餐飲業,家數,家,3703,9
2023,離島地區,住宿及餐飲業,家數,家,3729,8
2023,總計,出版影音及資通訊業,家數,家,28337,643
2023,臺北市,出版影音及資通訊業,家數,家,12279,400
2023,新北市,出版影音及資通訊業,家數,家,5045,102
2023,桃園市,出版影音及資通訊業,家數,家,1600,10
2023,臺中市,出版影音及資通訊業,家數,家,3201,31
2023,臺南市,出版影音及資通訊業,家數,家,1037,10
2023,高雄市,出版影音及資通訊業,家數,家,1958,19
2023,基隆市,出版影音及資通訊業,家數,家,228, 
2023,宜蘭縣,出版影音及資通訊業,家數,家,248, 
2023,新竹市,出版影音及資通訊業,家數,家,507,24
2023,新竹縣,出版影音及資通訊業,家數,家,456,23
2023,苗栗縣,出版影音及資通訊業,家數,家,207, 
2023,彰化縣,出版影音及資通訊業,家數,家,368, 
2023,南投縣,出版影音及資通訊業,家數,家,188, 
2023,雲林縣,出版影音及資通訊業,家數,家,175, 
2023,嘉義市,出版影音及資通訊業,家數,家,152, 
2023,嘉義縣,出版影音及資通訊業,家數,家,118, 
2023,屏東縣,出版影音及資通訊業,家數,家,207, 
2023,花蓮縣,出版影音及資通訊業,家數,家,143, 
2023,臺東縣,出版影音及資通訊業,家數,家,95, 
2023,離島地區,出版影音及資通訊業,家數,家,125, 
2023,總計,金融及保險業,家數,家,22891,2175
2023,臺北市,金融及保險業,家數,家,8752,1475
2023,新北市,金融及保險業,家數,家,3280,182
2023,桃園市,金融及保險業,家數,家,1568,61
2023,臺中市,金融及保險業,家數,家,2455,151
2023,臺南市,金融及保險業,家數,家,1217,71
2023,高雄市,金融及保險業,家數,家,2035,95
2023,基隆市,金融及保險業,家數,家,149, 
2023,宜蘭縣,金融及保險業,家數,家,201, 
2023,新竹市,金融及保險業,家數,家,470,25
2023,新竹縣,金融及保險業,家數,家,450,32
2023,苗栗縣,金融及保險業,家數,家,191, 
2023,彰化縣,金融及保險業,家數,家,591,30
2023,南投縣,金融及保險業,家數,家,179,9
2023,雲林縣,金融及保險業,家數,家,253,6
2023,嘉義市,金融及保險業,家數,家,275,13
2023,嘉義縣,金融及保險業,家數,家,171, 
2023,屏東縣,金融及保險業,家數,家,322,9
2023,花蓮縣,金融及保險業,家數,家,154,0
2023,臺東縣,金融及保險業,家數,家,100,0
2023,離島地區,金融及保險業,家數,家,78, 
2023,總計,不動產業,家數,家,47223,2772
2023,臺北市,不動產業,家數,家,8692,1311
2023,新北市,不動產業,家數,家,6752,437
2023,桃園市,不動產業,家數,家,4695,171
2023,臺中市,不動產業,家數,家,7669,325
2023,臺南市,不動產業,家數,家,3755,95
2023,高雄市,不動產業,家數,家,4360,206
2023,基隆市,不動產業,家數,家,308,7
2023,宜蘭縣,不動產業,家數,家,1068,11
2023,新竹市,不動產業,家數,家,1204,50
2023,新竹縣,不動產業,家數,家,1424,38
2023,苗栗縣,不動產業,家數,家,828,15
2023,彰化縣,不動產業,家數,家,1767,32
2023,南投縣,不動產業,家數,家,475, 
2023,雲林縣,不動產業,家數,家,796,7
2023,嘉義市,不動產業,家數,家,785,27
2023,嘉義縣,不動產業,家數,家,369,6
2023,屏東縣,不動產業,家數,家,812,13
2023,花蓮縣,不動產業,家數,家,626, 
2023,臺東縣,不動產業,家數,家,301, 
2023,離島地區,不動產業,家數,家,537,10
2023,總計,專業、科學及技術服務業,家數,家,65717,791
2023,臺北市,專業、科學及技術服務業,家數,家,20895,421
2023,新北市,專業、科學及技術服務業,家數,家,11053,106
2023,桃園市,專業、科學及技術服務業,家數,家,4642,28
2023,臺中市,專業、科學及技術服務業,家數,家,9575,43
2023,臺南市,專業、科學及技術服務業,家數,家,3821,24
2023,高雄市,專業、科學及技術服務業,家數,家,5772,35
2023,基隆市,專業、科學及技術服務業,家數,家,545, 
2023,宜蘭縣,專業、科學及技術服務業,家數,家,808, 
2023,新竹市,專業、科學及技術服務業,家數,家,1110,47
2023,新竹縣,專業、科學及技術服務業,家數,家,1205,50
2023,苗栗縣,專業、科學及技術服務業,家數,家,621, 
2023,彰化縣,專業、科學及技術服務業,家數,家,1393,8
2023,南投縣,專業、科學及技術服務業,家數,家,592, 
2023,雲林縣,專業、科學及技術服務業,家數,家,660,6
2023,嘉義市,專業、科學及技術服務業,家數,家,603, 
2023,嘉義縣,專業、科學及技術服務業,家數,家,406, 
2023,屏東縣,專業、科學及技術服務業,家數,家,811, 
2023,花蓮縣,專業、科學及技術服務業,家數,家,490, 
2023,臺東縣,專業、科學及技術服務業,家數,家,328,0
2023,離島地區,專業、科學及技術服務業,家數,家,387, 
2023,總計,支援服務業,家數,家,36639,198
2023,臺北市,支援服務業,家數,家,5590,118
2023,新北市,支援服務業,家數,家,5273,20
2023,桃園市,支援服務業,家數,家,3749,10
2023,臺中市,支援服務業,家數,家,5119,12
2023,臺南市,支援服務業,家數,家,2704,7
2023,高雄市,支援服務業,家數,家,4398,15
2023,基隆市,支援服務業,家數,家,480,0
2023,宜蘭縣,支援服務業,家數,家,708, 
2023,新竹市,支援服務業,家數,家,760, 
2023,新竹縣,支援服務業,家數,家,704, 
2023,苗栗縣,支援服務業,家數,家,619,0
2023,彰化縣,支援服務業,家數,家,1256, 
2023,南投縣,支援服務業,家數,家,547,0
2023,雲林縣,支援服務業,家數,家,513,0
2023,嘉義市,支援服務業,家數,家,447, 
2023,嘉義縣,支援服務業,家數,家,566, 
2023,屏東縣,支援服務業,家數,家,1027,0
2023,花蓮縣,支援服務業,家數,家,610,0
2023,臺東縣,支援服務業,家數,家,501, 
2023,離島地區,支援服務業,家數,家,1068, 
2023,總計,教育業,家數,家,7040,29
2023,臺北市,教育業,家數,家,1609,19
2023,新北市,教育業,家數,家,934, 
2023,桃園市,教育業,家數,家,536, 
2023,臺中市,教育業,家數,家,881, 
2023,臺南市,教育業,家數,家,599, 
2023,高雄市,教育業,家數,家,779,0
2023,基隆市,教育業,家數,家,76,0
2023,宜蘭縣,教育業,家數,家,99,0
2023,新竹市,教育業,家數,家,208,0
2023,新竹縣,教育業,家數,家,248,0
2023,苗栗縣,教育業,家數,家,115,0
2023,彰化縣,教育業,家數,家,230,0
2023,南投縣,教育業,家數,家,66,0
2023,雲林縣,教育業,家數,家,101,0
2023,嘉義市,教育業,家數,家,107,0
2023,嘉義縣,教育業,家數,家,39,0
2023,屏東縣,教育業,家數,家,214,0
2023,花蓮縣,教育業,家數,家,92,0
2023,臺東縣,教育業,家數,家,56,0
2023,離島地區,教育業,家數,家,51,0
2023,總計,醫療保健及社會工作服務業,家數,家,2151,29
2023,臺北市,醫療保健及社會工作服務業,家數,家,342,16
2023,新北市,醫療保健及社會工作服務業,家數,家,309, 
2023,桃園市,醫療保健及社會工作服務業,家數,家,134,0
2023,臺中市,醫療保健及社會工作服務業,家數,家,285, 
2023,臺南市,醫療保健及社會工作服務業,家數,家,221,0
2023,高雄市,醫療保健及社會工作服務業,家數,家,328, 
2023,基隆市,醫療保健及社會工作服務業,家數,家,21,0
2023,宜蘭縣,醫療保健及社會工作服務業,家數,家,54,0
2023,新竹市,醫療保健及社會工作服務業,家數,家,35, 
2023,新竹縣,醫療保健及社會工作服務業,家數,家,44, 
2023,苗栗縣,醫療保健及社會工作服務業,家數,家,21, 
2023,彰化縣,醫療保健及社會工作服務業,家數,家,62,0
2023,南投縣,醫療保健及社會工作服務業,家數,家,38,0
2023,雲林縣,醫療保健及社會工作服務業,家數,家,69,0
2023,嘉義市,醫療保健及社會工作服務業,家數,家,21,0
2023,嘉義縣,醫療保健及社會工作服務業,家數,家,35,0
2023,屏東縣,醫療保健及社會工作服務業,家數,家,67,0
2023,花蓮縣,醫療保健及社會工作服務業,家數,家,36, 
2023,臺東縣,醫療保健及社會工作服務業,家數,家,16,0
2023,離島地區,醫療保健及社會工作服務業,家數,家,13,0
2023,總計,藝術、娛樂及休閒服務業,家數,家,40848,136
2023,臺北市,藝術、娛樂及休閒服務業,家數,家,5924,55
2023,新北市,藝術、娛樂及休閒服務業,家數,家,6080,21
2023,桃園市,藝術、娛樂及休閒服務業,家數,家,3890,8
2023,臺中市,藝術、娛樂及休閒服務業,家數,家,4777,14
2023,臺南市,藝術、娛樂及休閒服務業,家數,家,3212, 
2023,高雄市,藝術、娛樂及休閒服務業,家數,家,4433,6
2023,基隆市,藝術、娛樂及休閒服務業,家數,家,648, 
2023,宜蘭縣,藝術、娛樂及休閒服務業,家數,家,798, 
2023,新竹市,藝術、娛樂及休閒服務業,家數,家,700,0
2023,新竹縣,藝術、娛樂及休閒服務業,家數,家,989,6
2023,苗栗縣,藝術、娛樂及休閒服務業,家數,家,993, 
2023,彰化縣,藝術、娛樂及休閒服務業,家數,家,1820, 
2023,南投縣,藝術、娛樂及休閒服務業,家數,家,934, 
2023,雲林縣,藝術、娛樂及休閒服務業,家數,家,905, 
2023,嘉義市,藝術、娛樂及休閒服務業,家數,家,537,0
2023,嘉義縣,藝術、娛樂及休閒服務業,家數,家,603, 
2023,屏東縣,藝術、娛樂及休閒服務業,家數,家,1709, 
2023,花蓮縣,藝術、娛樂及休閒服務業,家數,家,767, 
2023,臺東縣,藝術、娛樂及休閒服務業,家數,家,674, 
2023,離島地區,藝術、娛樂及休閒服務業,家數,家,455,0
2023,總計,其他服務業,家數,家,97586,102
2023,臺北市,其他服務業,家數,家,10509,52
2023,新北市,其他服務業,家數,家,11907,16
2023,桃園市,其他服務業,家數,家,8301,7
2023,臺中市,其他服務業,家數,家,13399, 
2023,臺南市,其他服務業,家數,家,9778, 
2023,高雄市,其他服務業,家數,家,13387,7
2023,基隆市,其他服務業,家數,家,1791, 
2023,宜蘭縣,其他服務業,家數,家,2019,0
2023,新竹市,其他服務業,家數,家,2017, 
2023,新竹縣,其他服務業,家數,家,2357, 
2023,苗栗縣,其他服務業,家數,家,2217, 
2023,彰化縣,其他服務業,家數,家,5293, 
2023,南投縣,其他服務業,家數,家,1896, 
2023,雲林縣,其他服務業,家數,家,2302, 
2023,嘉義市,其他服務業,家數,家,1744,0
2023,嘉義縣,其他服務業,家數,家,1637, 
2023,屏東縣,其他服務業,家數,家,3724, 
2023,花蓮縣,其他服務業,家數,家,1455,0
2023,臺東縣,其他服務業,家數,家,1034, 
2023,離島地區,其他服務業,家數,家,819,0
2024,總計,農、林、漁、牧業與礦業及土石採取業,家數,家,12581,121
2024,臺北市,農、林、漁、牧業與礦業及土石採取業,家數,家,500,42
2024,新北市,農、林、漁、牧業與礦業及土石採取業,家數,家,541,12
2024,桃園市,農、林、漁、牧業與礦業及土石採取業,家數,家,747,7
2024,臺中市,農、林、漁、牧業與礦業及土石採取業,家數,家,803,10
2024,臺南市,農、林、漁、牧業與礦業及土石採取業,家數,家,667,11
2024,高雄市,農、林、漁、牧業與礦業及土石採取業,家數,家,1855,15
2024,基隆市,農、林、漁、牧業與礦業及土石採取業,家數,家,31,0
2024,宜蘭縣,農、林、漁、牧業與礦業及土石採取業,家數,家,847, 
2024,新竹市,農、林、漁、牧業與礦業及土石採取業,家數,家,99,0
2024,新竹縣,農、林、漁、牧業與礦業及土石採取業,家數,家,316, 
2024,苗栗縣,農、林、漁、牧業與礦業及土石採取業,家數,家,348, 
2024,彰化縣,農、林、漁、牧業與礦業及土石採取業,家數,家,1238, 
2024,南投縣,農、林、漁、牧業與礦業及土石採取業,家數,家,659, 
2024,雲林縣,農、林、漁、牧業與礦業及土石採取業,家數,家,1106, 
2024,嘉義市,農、林、漁、牧業與礦業及土石採取業,家數,家,77, 
2024,嘉義縣,農、林、漁、牧業與礦業及土石採取業,家數,家,668, 
2024,屏東縣,農、林、漁、牧業與礦業及土石採取業,家數,家,927, 
2024,花蓮縣,農、林、漁、牧業與礦業及土石採取業,家數,家,566, 
2024,臺東縣,農、林、漁、牧業與礦業及土石採取業,家數,家,476, 
2024,離島地區,農、林、漁、牧業與礦業及土石採取業,家數,家,110,0
2024,總計,製造業,家數,家,141996,5651
2024,臺北市,製造業,家數,家,7709,942
2024,新北市,製造業,家數,家,30445,921
2024,桃園市,製造業,家數,家,12829,800
2024,臺中市,製造業,家數,家,28880,682
2024,臺南市,製造業,家數,家,12775,474
2024,高雄市,製造業,家數,家,10988,513
2024,基隆市,製造業,家數,家,649,15
2024,宜蘭縣,製造業,家數,家,2121,48
2024,新竹市,製造業,家數,家,2323,228
2024,新竹縣,製造業,家數,家,2883,345
2024,苗栗縣,製造業,家數,家,2689,115
2024,彰化縣,製造業,家數,家,17084,297
2024,南投縣,製造業,家數,家,1830,74
2024,雲林縣,製造業,家數,家,2519,60
2024,嘉義市,製造業,家數,家,786,6
2024,嘉義縣,製造業,家數,家,2077,47
2024,屏東縣,製造業,家數,家,1809,73
2024,花蓮縣,製造業,家數,家,710, 
2024,臺東縣,製造業,家數,家,440, 
2024,離島地區,製造業,家數,家,450, 
2024,總計,電力及燃氣供應業與用水供應及污染整治業,家數,家,11833,402
2024,臺北市,電力及燃氣供應業與用水供應及污染整治業,家數,家,938,115
2024,新北市,電力及燃氣供應業與用水供應及污染整治業,家數,家,1460,28
2024,桃園市,電力及燃氣供應業與用水供應及污染整治業,家數,家,1098,32
2024,臺中市,電力及燃氣供應業與用水供應及污染整治業,家數,家,1374,30
2024,臺南市,電力及燃氣供應業與用水供應及污染整治業,家數,家,1116,39
2024,高雄市,電力及燃氣供應業與用水供應及污染整治業,家數,家,1617,48
2024,基隆市,電力及燃氣供應業與用水供應及污染整治業,家數,家,137, 
2024,宜蘭縣,電力及燃氣供應業與用水供應及污染整治業,家數,家,175, 
2024,新竹市,電力及燃氣供應業與用水供應及污染整治業,家數,家,221,7
2024,新竹縣,電力及燃氣供應業與用水供應及污染整治業,家數,家,288,19
2024,苗栗縣,電力及燃氣供應業與用水供應及污染整治業,家數,家,342, 
2024,彰化縣,電力及燃氣供應業與用水供應及污染整治業,家數,家,861,34
2024,南投縣,電力及燃氣供應業與用水供應及污染整治業,家數,家,269, 
2024,雲林縣,電力及燃氣供應業與用水供應及污染整治業,家數,家,604,11
2024,嘉義市,電力及燃氣供應業與用水供應及污染整治業,家數,家,113, 
2024,嘉義縣,電力及燃氣供應業與用水供應及污染整治業,家數,家,350,7
2024,屏東縣,電力及燃氣供應業與用水供應及污染整治業,家數,家,539,17
2024,花蓮縣,電力及燃氣供應業與用水供應及污染整治業,家數,家,140, 
2024,臺東縣,電力及燃氣供應業與用水供應及污染整治業,家數,家,98,0
2024,離島地區,電力及燃氣供應業與用水供應及污染整治業,家數,家,93,0
2024,總計,營建工程業,家數,家,173493,1187
2024,臺北市,營建工程業,家數,家,13223,406
2024,新北市,營建工程業,家數,家,30814,178
2024,桃園市,營建工程業,家數,家,17133,92
2024,臺中市,營建工程業,家數,家,24477,154
2024,臺南市,營建工程業,家數,家,13097,60
2024,高雄市,營建工程業,家數,家,21806,149
2024,基隆市,營建工程業,家數,家,2754, 
2024,宜蘭縣,營建工程業,家數,家,4556,11
2024,新竹市,營建工程業,家數,家,3551,25
2024,新竹縣,營建工程業,家數,家,4473,28
2024,苗栗縣,營建工程業,家數,家,4447,9
2024,彰化縣,營建工程業,家數,家,7583,8
2024,南投縣,營建工程業,家數,家,3376, 
2024,雲林縣,營建工程業,家數,家,5039,14
2024,嘉義市,營建工程業,家數,家,1788,13
2024,嘉義縣,營建工程業,家數,家,3339, 
2024,屏東縣,營建工程業,家數,家,5639,11
2024,花蓮縣,營建工程業,家數,家,2961,8
2024,臺東縣,營建工程業,家數,家,1534, 
2024,離島地區,營建工程業,家數,家,1903,8
2024,總計,批發及零售業,家數,家,768408,4236
2024,臺北市,批發及零售業,家數,家,116822,1983
2024,新北市,批發及零售業,家數,家,121615,737
2024,桃園市,批發及零售業,家數,家,65731,284
2024,臺中市,批發及零售業,家數,家,105233,301
2024,臺南市,批發及零售業,家數,家,59723,173
2024,高雄市,批發及零售業,家數,家,92171,298
2024,基隆市,批發及零售業,家數,家,8802, 
2024,宜蘭縣,批發及零售業,家數,家,13041,10
2024,新竹市,批發及零售業,家數,家,13523,102
2024,新竹縣,批發及零售業,家數,家,14774,145
2024,苗栗縣,批發及零售業,家數,家,13304,25
2024,彰化縣,批發及零售業,家數,家,34588,69
2024,南投縣,批發及零售業,家數,家,13049,7
2024,雲林縣,批發及零售業,家數,家,18188,15
2024,嘉義市,批發及零售業,家數,家,9567,11
2024,嘉義縣,批發及零售業,家數,家,11379,11
2024,屏東縣,批發及零售業,家數,家,21076,40
2024,花蓮縣,批發及零售業,家數,家,9923,9
2024,臺東縣,批發及零售業,家數,家,6295, 
2024,離島地區,批發及零售業,家數,家,19604,10
2024,總計,運輸及倉儲業,家數,家,39711,357
2024,臺北市,運輸及倉儲業,家數,家,5885,123
2024,新北市,運輸及倉儲業,家數,家,7231,42
2024,桃園市,運輸及倉儲業,家數,家,3948,43
2024,臺中市,運輸及倉儲業,家數,家,4712,38
2024,臺南市,運輸及倉儲業,家數,家,1964,9
2024,高雄市,運輸及倉儲業,家數,家,6296,47
2024,基隆市,運輸及倉儲業,家數,家,1288,14
2024,宜蘭縣,運輸及倉儲業,家數,家,819, 
2024,新竹市,運輸及倉儲業,家數,家,468, 
2024,新竹縣,運輸及倉儲業,家數,家,667,10
2024,苗栗縣,運輸及倉儲業,家數,家,630,0
2024,彰化縣,運輸及倉儲業,家數,家,1310, 
2024,南投縣,運輸及倉儲業,家數,家,558, 
2024,雲林縣,運輸及倉儲業,家數,家,707, 
2024,嘉義市,運輸及倉儲業,家數,家,466, 
2024,嘉義縣,運輸及倉儲業,家數,家,642,0
2024,屏東縣,運輸及倉儲業,家數,家,835, 
2024,花蓮縣,運輸及倉儲業,家數,家,535, 
2024,臺東縣,運輸及倉儲業,家數,家,209, 
2024,離島地區,運輸及倉儲業,家數,家,541,6
2024,總計,住宿及餐飲業,家數,家,200462,479
2024,臺北市,住宿及餐飲業,家數,家,25410,191
2024,新北市,住宿及餐飲業,家數,家,24347,41
2024,桃園市,住宿及餐飲業,家數,家,16069,18
2024,臺中市,住宿及餐飲業,家數,家,25220,54
2024,臺南市,住宿及餐飲業,家數,家,19109,26
2024,高雄市,住宿及餐飲業,家數,家,24583,31
2024,基隆市,住宿及餐飲業,家數,家,3206, 
2024,宜蘭縣,住宿及餐飲業,家數,家,5063,24
2024,新竹市,住宿及餐飲業,家數,家,4335,8
2024,新竹縣,住宿及餐飲業,家數,家,4922, 
2024,苗栗縣,住宿及餐飲業,家數,家,4363,9
2024,彰化縣,住宿及餐飲業,家數,家,7424, 
2024,南投縣,住宿及餐飲業,家數,家,5032,14
2024,雲林縣,住宿及餐飲業,家數,家,3765, 
2024,嘉義市,住宿及餐飲業,家數,家,3262,11
2024,嘉義縣,住宿及餐飲業,家數,家,3097, 
2024,屏東縣,住宿及餐飲業,家數,家,8680,9
2024,花蓮縣,住宿及餐飲業,家數,家,4918,7
2024,臺東縣,住宿及餐飲業,家數,家,3801,9
2024,離島地區,住宿及餐飲業,家數,家,3856,9
2024,總計,出版影音及資通訊業,家數,家,29067,685
2024,臺北市,出版影音及資通訊業,家數,家,12590,425
2024,新北市,出版影音及資通訊業,家數,家,5232,109
2024,桃園市,出版影音及資通訊業,家數,家,1712,13
2024,臺中市,出版影音及資通訊業,家數,家,3292,36
2024,臺南市,出版影音及資通訊業,家數,家,1070,11
2024,高雄市,出版影音及資通訊業,家數,家,1993,21
2024,基隆市,出版影音及資通訊業,家數,家,220, 
2024,宜蘭縣,出版影音及資通訊業,家數,家,248, 
2024,新竹市,出版影音及資通訊業,家數,家,503,20
2024,新竹縣,出版影音及資通訊業,家數,家,446,26
2024,苗栗縣,出版影音及資通訊業,家數,家,204, 
2024,彰化縣,出版影音及資通訊業,家數,家,374, 
2024,南投縣,出版影音及資通訊業,家數,家,179, 
2024,雲林縣,出版影音及資通訊業,家數,家,164, 
2024,嘉義市,出版影音及資通訊業,家數,家,148, 
2024,嘉義縣,出版影音及資通訊業,家數,家,124, 
2024,屏東縣,出版影音及資通訊業,家數,家,213, 
2024,花蓮縣,出版影音及資通訊業,家數,家,146, 
2024,臺東縣,出版影音及資通訊業,家數,家,88, 
2024,離島地區,出版影音及資通訊業,家數,家,121, 
2024,總計,金融及保險業,家數,家,23926,2256
2024,臺北市,金融及保險業,家數,家,9018,1525
2024,新北市,金融及保險業,家數,家,3468,198
2024,桃園市,金融及保險業,家數,家,1674,67
2024,臺中市,金融及保險業,家數,家,2626,156
2024,臺南市,金融及保險業,家數,家,1279,66
2024,高雄市,金融及保險業,家數,家,2108,103
2024,基隆市,金融及保險業,家數,家,146, 
2024,宜蘭縣,金融及保險業,家數,家,231, 
2024,新竹市,金融及保險業,家數,家,497,28
2024,新竹縣,金融及保險業,家數,家,481,30
2024,苗栗縣,金融及保險業,家數,家,205,6
2024,彰化縣,金融及保險業,家數,家,624,26
2024,南投縣,金融及保險業,家數,家,187,11
2024,雲林縣,金融及保險業,家數,家,256,9
2024,嘉義市,金融及保險業,家數,家,288,12
2024,嘉義縣,金融及保險業,家數,家,169, 
2024,屏東縣,金融及保險業,家數,家,322,8
2024,花蓮縣,金融及保險業,家數,家,170,0
2024,臺東縣,金融及保險業,家數,家,103,0
2024,離島地區,金融及保險業,家數,家,74, 
2024,總計,不動產業,家數,家,48663,2956
2024,臺北市,不動產業,家數,家,8738,1370
2024,新北市,不動產業,家數,家,7064,479
2024,桃園市,不動產業,家數,家,4947,190
2024,臺中市,不動產業,家數,家,7880,342
2024,臺南市,不動產業,家數,家,3846,104
2024,高雄市,不動產業,家數,家,4503,220
2024,基隆市,不動產業,家數,家,316,8
2024,宜蘭縣,不動產業,家數,家,1103,11
2024,新竹市,不動產業,家數,家,1251,60
2024,新竹縣,不動產業,家數,家,1526,39
2024,苗栗縣,不動產業,家數,家,888,15
2024,彰化縣,不動產業,家數,家,1820,37
2024,南投縣,不動產業,家數,家,479,6
2024,雲林縣,不動產業,家數,家,826,6
2024,嘉義市,不動產業,家數,家,793,32
2024,嘉義縣,不動產業,家數,家,368,7
2024,屏東縣,不動產業,家數,家,805,12
2024,花蓮縣,不動產業,家數,家,631, 
2024,臺東縣,不動產業,家數,家,308, 
2024,離島地區,不動產業,家數,家,571,10
2024,總計,專業、科學及技術服務業,家數,家,69164,838
2024,臺北市,專業、科學及技術服務業,家數,家,21757,446
2024,新北市,專業、科學及技術服務業,家數,家,11706,113
2024,桃園市,專業、科學及技術服務業,家數,家,4948,29
2024,臺中市,專業、科學及技術服務業,家數,家,10196,48
2024,臺南市,專業、科學及技術服務業,家數,家,4079,26
2024,高雄市,專業、科學及技術服務業,家數,家,6066,39
2024,基隆市,專業、科學及技術服務業,家數,家,554, 
2024,宜蘭縣,專業、科學及技術服務業,家數,家,852, 
2024,新竹市,專業、科學及技術服務業,家數,家,1186,48
2024,新竹縣,專業、科學及技術服務業,家數,家,1269,54
2024,苗栗縣,專業、科學及技術服務業,家數,家,647, 
2024,彰化縣,專業、科學及技術服務業,家數,家,1484,10
2024,南投縣,專業、科學及技術服務業,家數,家,608, 
2024,雲林縣,專業、科學及技術服務業,家數,家,711, 
2024,嘉義市,專業、科學及技術服務業,家數,家,613,6
2024,嘉義縣,專業、科學及技術服務業,家數,家,414,0
2024,屏東縣,專業、科學及技術服務業,家數,家,822, 
2024,花蓮縣,專業、科學及技術服務業,家數,家,515,0
2024,臺東縣,專業、科學及技術服務業,家數,家,348,0
2024,離島地區,專業、科學及技術服務業,家數,家,389, 
2024,總計,支援服務業,家數,家,37775,207
2024,臺北市,支援服務業,家數,家,5697,123
2024,新北市,支援服務業,家數,家,5430,20
2024,桃園市,支援服務業,家數,家,3908,11
2024,臺中市,支援服務業,家數,家,5335,13
2024,臺南市,支援服務業,家數,家,2800,10
2024,高雄市,支援服務業,家數,家,4526,15
2024,基隆市,支援服務業,家數,家,501,0
2024,宜蘭縣,支援服務業,家數,家,716, 
2024,新竹市,支援服務業,家數,家,791, 
2024,新竹縣,支援服務業,家數,家,727, 
2024,苗栗縣,支援服務業,家數,家,628,0
2024,彰化縣,支援服務業,家數,家,1287, 
2024,南投縣,支援服務業,家數,家,579,0
2024,雲林縣,支援服務業,家數,家,534,0
2024,嘉義市,支援服務業,家數,家,467, 
2024,嘉義縣,支援服務業,家數,家,582, 
2024,屏東縣,支援服務業,家數,家,1055,0
2024,花蓮縣,支援服務業,家數,家,605,0
2024,臺東縣,支援服務業,家數,家,510, 
2024,離島地區,支援服務業,家數,家,1097, 
2024,總計,教育業,家數,家,7820,30
2024,臺北市,教育業,家數,家,1731,19
2024,新北市,教育業,家數,家,1076, 
2024,桃園市,教育業,家數,家,591, 
2024,臺中市,教育業,家數,家,988, 
2024,臺南市,教育業,家數,家,667, 
2024,高雄市,教育業,家數,家,863,0
2024,基隆市,教育業,家數,家,85,0
2024,宜蘭縣,教育業,家數,家,114,0
2024,新竹市,教育業,家數,家,220,0
2024,新竹縣,教育業,家數,家,292,0
2024,苗栗縣,教育業,家數,家,126,0
2024,彰化縣,教育業,家數,家,258,0
2024,南投縣,教育業,家數,家,76,0
2024,雲林縣,教育業,家數,家,113,0
2024,嘉義市,教育業,家數,家,122,0
2024,嘉義縣,教育業,家數,家,44,0
2024,屏東縣,教育業,家數,家,233,0
2024,花蓮縣,教育業,家數,家,103,0
2024,臺東縣,教育業,家數,家,63,0
2024,離島地區,教育業,家數,家,55,0
2024,總計,醫療保健及社會工作服務業,家數,家,2548,31
2024,臺北市,醫療保健及社會工作服務業,家數,家,372,16
2024,新北市,醫療保健及社會工作服務業,家數,家,380, 
2024,桃園市,醫療保健及社會工作服務業,家數,家,148,0
2024,臺中市,醫療保健及社會工作服務業,家數,家,308, 
2024,臺南市,醫療保健及社會工作服務業,家數,家,313,0
2024,高雄市,醫療保健及社會工作服務業,家數,家,414, 
2024,基隆市,醫療保健及社會工作服務業,家數,家,27,0
2024,宜蘭縣,醫療保健及社會工作服務業,家數,家,68,0
2024,新竹市,醫療保健及社會工作服務業,家數,家,39, 
2024,新竹縣,醫療保健及社會工作服務業,家數,家,48, 
2024,苗栗縣,醫療保健及社會工作服務業,家數,家,27, 
2024,彰化縣,醫療保健及社會工作服務業,家數,家,73,0
2024,南投縣,醫療保健及社會工作服務業,家數,家,41,0
2024,雲林縣,醫療保健及社會工作服務業,家數,家,76,0
2024,嘉義市,醫療保健及社會工作服務業,家數,家,23, 
2024,嘉義縣,醫療保健及社會工作服務業,家數,家,41,0
2024,屏東縣,醫療保健及社會工作服務業,家數,家,80,0
2024,花蓮縣,醫療保健及社會工作服務業,家數,家,37, 
2024,臺東縣,醫療保健及社會工作服務業,家數,家,19,0
2024,離島地區,醫療保健及社會工作服務業,家數,家,14,0
2024,總計,藝術、娛樂及休閒服務業,家數,家,47011,148
2024,臺北市,藝術、娛樂及休閒服務業,家數,家,6693,58
2024,新北市,藝術、娛樂及休閒服務業,家數,家,7053,21
2024,桃園市,藝術、娛樂及休閒服務業,家數,家,4338,8
2024,臺中市,藝術、娛樂及休閒服務業,家數,家,5663,15
2024,臺南市,藝術、娛樂及休閒服務業,家數,家,3702, 
2024,高雄市,藝術、娛樂及休閒服務業,家數,家,5180,7
2024,基隆市,藝術、娛樂及休閒服務業,家數,家,766, 
2024,宜蘭縣,藝術、娛樂及休閒服務業,家數,家,963, 
2024,新竹市,藝術、娛樂及休閒服務業,家數,家,888, 
2024,新竹縣,藝術、娛樂及休閒服務業,家數,家,1125,7
2024,苗栗縣,藝術、娛樂及休閒服務業,家數,家,1134, 
2024,彰化縣,藝術、娛樂及休閒服務業,家數,家,2109, 
2024,南投縣,藝術、娛樂及休閒服務業,家數,家,1077, 
2024,雲林縣,藝術、娛樂及休閒服務業,家數,家,1100, 
2024,嘉義市,藝術、娛樂及休閒服務業,家數,家,640,0
2024,嘉義縣,藝術、娛樂及休閒服務業,家數,家,686, 
2024,屏東縣,藝術、娛樂及休閒服務業,家數,家,1840, 
2024,花蓮縣,藝術、娛樂及休閒服務業,家數,家,835, 
2024,臺東縣,藝術、娛樂及休閒服務業,家數,家,734, 
2024,離島地區,藝術、娛樂及休閒服務業,家數,家,485, 
2024,總計,其他服務業,家數,家,101070,108
2024,臺北市,其他服務業,家數,家,10710,55
2024,新北市,其他服務業,家數,家,12475,16
2024,桃園市,其他服務業,家數,家,8736,7
2024,臺中市,其他服務業,家數,家,14047,6
2024,臺南市,其他服務業,家數,家,10089, 
2024,高雄市,其他服務業,家數,家,13806,7
2024,基隆市,其他服務業,家數,家,1859, 
2024,宜蘭縣,其他服務業,家數,家,2069,0
2024,新竹市,其他服務業,家數,家,2148, 
2024,新竹縣,其他服務業,家數,家,2447, 
2024,苗栗縣,其他服務業,家數,家,2279, 
2024,彰化縣,其他服務業,家數,家,5425, 
2024,南投縣,其他服務業,家數,家,1940, 
2024,雲林縣,其他服務業,家數,家,2353,0
2024,嘉義市,其他服務業,家數,家,1820,0
2024,嘉義縣,其他服務業,家數,家,1641, 
2024,屏東縣,其他服務業,家數,家,3833, 
2024,花蓮縣,其他服務業,家數,家,1509,0
2024,臺東縣,其他服務業,家數,家,1047, 
2024,離島地區,其他服務業,家數,家,837,0
